"Päivitetty","Kunta","Varmuus","Tyyppi","Pisteet","Nimi","URL","Kunnan sivu","HTTP","Löytötapa","Osumat"
"13.8.2026 klo 14.28","Alajärvi","keskitaso","viitesivu","285","Vanhusneuvosto","https://alajarvi.fi/kaupunki-ja-hallinto/osallistu-ja-vaikuta/vanhusneuvosto/","https://alajarvi.fi/","200","etusivu","vanhus; seniorit"
"13.8.2026 klo 14.28","Alajärvi","keskitaso","viitesivu","210","Hakutulokset: vanhus","https://alajarvi.fi/?s=vanhus","https://alajarvi.fi/","200","sisäinen haku","vanhus"
"13.8.2026 klo 14.28","Alavieska","keskitaso","viitesivu","210","Alavieskan vanhus- ja vammaisneuvosto tukee omaishoitajia","https://www.alavieska.fi/alavieskan-vanhus-ja-vammaisneuvosto-tukee-omaishoitajia","https://www.alavieska.fi/","200","etusivu","vanhus"
"13.8.2026 klo 14.28","Alavus","korkea","palvelusivu","365","Aikuisten ja ikäihmisten ohjattu liikunta","https://www.alavus.fi/fi/vapaa-aika/liikunta/ohjattu-liikunta/aikuiset-ja-ikaihmiset.html","https://www.alavus.fi/","200","etusivu","ikaihmiset; ikäihmisten palvelut; ikäihmiset"
"13.8.2026 klo 14.28","Askola","korkea","palvelusivu","660","Tupatuessa tapahtuu – yhteisöllistä arkea ikäihmisille","https://askola.fi/tupatuessa-tapahtuu-yhteisollista-arkea-ikaihmisille/","https://askola.fi/","200","etusivu","ikäihmisille; ikaihmisille"
"13.8.2026 klo 14.28","Askola","korkea","palvelusivu","390","Perhekoti Laurila tarjoaa turvallista arkea ikäihmisille","https://askola.fi/perhekoti-laurila/","https://askola.fi/","200","etusivu","ikäihmisille"
"13.8.2026 klo 14.28","Askola","keskitaso","viitesivu","210","Vammais- ja vanhusneuvoston uusi toimikausi käynnistyi","https://askola.fi/vammais-ja-vanhusneuvoston-uusi-toimikausi-kaynnistyi/","https://askola.fi/","200","etusivu","vanhus"
"13.8.2026 klo 14.28","Aura","keskitaso","viitesivu","210","Vanhus- ja vammaisneuvosto","https://www.aura.fi/kunta-ja-paatoksenteko/osallistu-ja-vaikuta-2/vaikuttajaryhmat/vanhus-ja-vammaisneuvosto/","https://aura.fi/","200","etusivu","vanhus"
"13.8.2026 klo 14.28","Aura","keskitaso","viitesivu","210","Vanhustentalon kerhohuone","https://www.aura.fi/kunta-ja-paatoksenteko/vuokrattavat-tilat/kokoustilat/vanhustentalon-kerhohuone/","https://aura.fi/","200","etusivu","vanhus"
"13.8.2026 klo 14.28","Enonkoski","keskitaso","viitesivu","210","You searched for vanhus - Enonkoski","https://enonkoski.fi/?s=vanhus","https://enonkoski.fi/","200","sisäinen haku","vanhus"
"13.8.2026 klo 14.28","Enonkoski","keskitaso","viitesivu","210","Tilapäistä asumista tarjolla seniori-ikäisille vanhustentalolla","https://enonkoski.fi/tilapaista-asumista-tarjolla-seniori-ikaisille-vanhustentalolla/","https://enonkoski.fi/","200","sisäinen haku","vanhus"
"13.8.2026 klo 14.28","Evijärvi","korkea","palvelusivu","405","Senioreille","https://evijarvi.fi/vapaa-aika-ja-nuoriso/kirjasto/senioreille","https://evijarvi.fi/","200","etusivu","senioreille; ikäihmisille"
"13.8.2026 klo 14.28","Finström","keskitaso","viitesivu","1110","Ansökan om äldreomsorg","https://www.finstrom.ax/blanketter/ansokan-om-aldreomsorg","https://www.finstrom.ax/","200","syvälinkki","äldreomsorg; aldreomsorg; äldre; aldre; för äldre"
"13.8.2026 klo 14.28","Finström","keskitaso","viitesivu","720","Väntetider för sociala tjänster för äldre","https://www.finstrom.ax/vantetider-sociala-tjanster-aldre","https://www.finstrom.ax/","200","etusivu","för äldre; äldre; aldre; äldreomsorg"
"13.8.2026 klo 14.28","Finström","keskitaso","viitesivu","450","Information om äldreråd","https://www.finstrom.ax/kommunen/information-om-aldrerad","https://www.finstrom.ax/","200","etusivu","äldre; aldre; för äldre"
"13.8.2026 klo 14.28","Finström","keskitaso","viitesivu","450","Hemservice och äldreboende","https://www.finstrom.ax/social-service/hemservice-aldreboende","https://www.finstrom.ax/","200","etusivu","äldre; aldre; äldreomsorg; för äldre; pensionär"
"13.8.2026 klo 14.28","Finström","keskitaso","viitesivu","300","Dagverksamhet","https://www.finstrom.ax/social-service/hemservice-aldreboende/dagverksamhet","https://www.finstrom.ax/","200","etusivu","aldre; för äldre; äldre; pensionärer; pensionär"
"13.8.2026 klo 14.28","Forssa","keskitaso","viitesivu","210","Vanhusneuvosto","https://www.forssa.fi/kaupunki-ja-hallinto/paatoksenteko/vanhusneuvosto/","https://www.forssa.fi/","200","etusivu","vanhus"
"13.8.2026 klo 14.28","Forssa","keskitaso","viitesivu","210","VANHUSNEUVOSTO","https://www.forssa.fi/hyvinvointi-ja-terveys/hyvinvoinnin-terveyden-ja-turvallisuuden-edis/forssan-hyvinvointityon-rakenne/edunvalvontatoimielimet-nuorisovaltuusto-vanh/vanhusneuvosto92487740/","https://www.forssa.fi/","200","etusivu","vanhus"
"13.8.2026 klo 14.28","Forssa","matala","viitesivu","120","edunvalvontatoimielimet","https://www.forssa.fi/hyvinvointi-ja-terveys/hyvinvoinnin-terveyden-ja-turvallisuuden-edis/forssan-hyvinvointityon-rakenne/edunvalvontatoimielimet-nuorisovaltuusto-vanh/","https://www.forssa.fi/","200","etusivu","vanhus"
"13.8.2026 klo 14.28","Haapajärvi","keskitaso","viitesivu","285","Vanhus- ja vammaisneuvosto","https://www.haapajarvi.fi/palvelu/e8680f5e-92b1-4896-832e-cacf762f73eb","https://www.haapajarvi.fi/","200","sisäinen haku","vanhus; vanhuspalvelu; ikäihmisille"
"13.8.2026 klo 14.28","Haapajärvi","keskitaso","viitesivu","265","Vanhus- ja vammaisneuvosto","https://www.haapajarvi.fi/vanhus-ja-vammaisneuvosto","https://www.haapajarvi.fi/","200","sisäinen haku","vanhus; eläkeläiset"
"13.8.2026 klo 14.28","Haapajärvi","keskitaso","viitesivu","210","Vanhus- ja vammaisneuvoston puhelinasiointi","https://www.haapajarvi.fi/palvelukanava/422cf99d-79d3-4711-9c8c-e489b636388d","https://www.haapajarvi.fi/","200","sisäinen haku","vanhus"
"13.8.2026 klo 14.28","Haapavesi","keskitaso","viitesivu","210","Vanhus- ja vammaisneuvosto","https://haapavesi.fi/vanhus-ja-vammaisneuvosto","https://haapavesi.fi/","200","etusivu","vanhus"
"13.8.2026 klo 14.28","Hailuoto","keskitaso","viitesivu","210","Vanhus- ja vammaisneuvosto","https://hailuoto.fi/paatoksenteko/vanhus-ja-vammaisneuvosto/","https://hailuoto.fi/","200","etusivu","vanhus"
"13.8.2026 klo 14.28","Hailuoto","keskitaso","viitesivu","210","vanhus Haun tulokset","https://hailuoto.fi/?s=vanhus","https://hailuoto.fi/","200","sisäinen haku","vanhus"
"13.8.2026 klo 14.28","Hailuoto","keskitaso","viitesivu","210","Vanhus- ja vammaisneuvoston toimintasuunnitelma 2026","https://hailuoto.fi/download/vanhus-ja-vammaisneuvoston-toimintasuunnitelma-2026/","https://hailuoto.fi/","200","sisäinen haku","vanhus"
"13.8.2026 klo 14.28","Hailuoto","keskitaso","viitesivu","210","Vanhus- ja vammaisneuvoston toimintakertomus syksy 2025","https://hailuoto.fi/download/vanhus-ja-vammaisneuvoston-toimintakertomus-syksy-2025/","https://hailuoto.fi/","200","sisäinen haku","vanhus"
"13.8.2026 klo 14.28","Hailuoto","keskitaso","viitesivu","210","Vanhus- ja vammaisneuvoston toimintakertomus kevät 2025","https://hailuoto.fi/download/vanhus-ja-vammaisneuvoston-toimintakertomus-kevat-2025/","https://hailuoto.fi/","200","sisäinen haku","vanhus"
"13.8.2026 klo 14.28","Halsua","keskitaso","viitesivu","210","HALSUAN KUNTA","https://halsua.fi/?s=vanhus","https://halsua.fi/","200","sisäinen haku","vanhus"
"13.8.2026 klo 14.28","Hankasalmi","korkea","palvelusivu","370","Tuolijumppa Seniorituvalla","https://hankasalmi.fi/sarjat/tuolijumppa-seniorituvalla/","https://hankasalmi.fi/","200","sivukartta","seniorit"
"13.8.2026 klo 14.28","Hanko","korkea","palvelusivu","850","Tjänster för äldre","https://hanko.fi/sv/halsa-och-valmaende/tjanster-for-aldre/","https://hanko.fi/","200","sivukartta","för äldre; for aldre; äldre; aldre"
"13.8.2026 klo 14.28","Hanko","keskitaso","viitesivu","670","Äldrerådet","https://hanko.fi/sv/halsa-och-valmaende/tjanster-for-aldre/aldreradet/","https://hanko.fi/","200","sivukartta","for aldre; äldre; aldre; äldreomsorg; seniorer; för äldre; pensionärer; pensionär"
"13.8.2026 klo 14.28","Hanko","keskitaso","viitesivu","570","Årsplaner och årsberättelser","https://hanko.fi/sv/halsa-och-valmaende/tjanster-for-aldre/aldreradet/arsplan-arsberattelse/","https://hanko.fi/","200","sivukartta","for aldre; aldre; för äldre; äldre"
"13.8.2026 klo 14.28","Hanko","keskitaso","viitesivu","570","Protokoll","https://hanko.fi/sv/halsa-och-valmaende/tjanster-for-aldre/aldreradet/protokoll/","https://hanko.fi/","200","sivukartta","for aldre; aldre; för äldre; äldre"
"13.8.2026 klo 14.28","Hanko","keskitaso","viitesivu","425","Pensionärsföreningar","https://hanko.fi/sv/pensionarsforeningar/","https://hanko.fi/","200","sivukartta","pensionär; pensionar; eläkeläiset; för äldre; äldre; pensionärer"
"13.8.2026 klo 14.28","Harjavalta","korkea","palvelusivu","600","Digitaitoja ikäihmisille","https://www.harjavalta.fi/digitaitoja-ikaihmisille/","https://www.harjavalta.fi/","200","sivukartta","ikäihmisille; ikaihmisille; vanhus"
"13.8.2026 klo 14.28","Harjavalta","keskitaso","viitesivu","600","Joulupostia ikäihmisille -kampanja keräsi 362 joulukorttia Harjavallassa","https://www.harjavalta.fi/joulupostia-ikaihmisille-kampanja-kerasi-362-joulukorttia-harjavallassa/","https://www.harjavalta.fi/","200","sivukartta","ikäihmisille; ikaihmisille; ikääntyneille; vanhus"
"13.8.2026 klo 14.28","Hattula","korkea","palvelusivu","690","Ikäihmisille","https://hattula.fi/palvelut/hyvinvointi/ikaihmisille/","https://hattula.fi/","200","etusivu","ikäihmisille; ikaihmisille; ikääntyneiden palvelut; ikääntyneille; vanhus"
"13.8.2026 klo 14.28","Hattula","keskitaso","viitesivu","645","Oma Häme tiedottaa: odotusajat vanhuspalveluihin Hattulassa 1.1.-30.6.2023","https://hattula.fi/2023/07/oma-hame-tiedottaa-odotusajat-vanhuspalveluihin-hattulassa-1-1-30-6-2023/","https://hattula.fi/","200","sivukartta","vanhuspalvelu; vanhus; ikäihmisille"
"13.8.2026 klo 14.28","Hattula","korkea","palvelusivu","600","Jouluiloa lapsilta ikäihmisille","https://hattula.fi/2023/12/jouluiloa-lapsilta-ikaihmisille/","https://hattula.fi/","200","sivukartta","ikäihmisille; ikaihmisille; vanhus"
"13.8.2026 klo 14.28","Hattula","korkea","palvelusivu","600","Ikäihmisille","https://hattula.fi/palvelut/hyvinvointi/ikaihmisille/","https://hattula.fi/","200","sivukartta","ikäihmisille; ikaihmisille; ikääntyneiden palvelut; ikääntyneille; vanhus"
"13.8.2026 klo 14.28","Hattula","keskitaso","viitesivu","285","Vanhusneuvosto","https://hattula.fi/palvelut/hyvinvointi/vanhusneuvosto/","https://hattula.fi/","200","etusivu","vanhus; vanhusten palvelut; ikäihmisille"
"13.8.2026 klo 14.28","Heinävesi","keskitaso","viitesivu","210","Tulokset haulle: ”vanhus”","https://www.heinavesi.fi/?s=vanhus","https://www.heinavesi.fi/","200","sisäinen haku","vanhus"
"13.8.2026 klo 14.28","Hirvensalmi","keskitaso","viitesivu","165","HIRVENSALMI","https://www.hirvensalmi.fi/?phrase=vanhus","https://www.hirvensalmi.fi/","200","sisäinen haku","vanhus"
"13.8.2026 klo 14.28","Hollola","keskitaso","viitesivu","465","Vanhus- ja vammaisneuvoston toiminta - Hollola","https://hollola.fi/hyvinvointi/seniorit-ja-erityisryhmat/vanhus-ja-vammaisneuvoston-toiminta/","https://hollola.fi/","200","etusivu","seniorit; vanhus"
"13.8.2026 klo 14.28","Hollola","korkea","palvelusivu","370","Senioreille","https://hollola.fi/senioreille/","https://hollola.fi/","200","etusivu","senioreille"
"13.8.2026 klo 14.28","Hollola","keskitaso","viitesivu","370","Seniorit ja erityisryhmät - Hollola","https://hollola.fi/hyvinvointi/seniorit-ja-erityisryhmat/","https://hollola.fi/","200","etusivu","seniorit"
"13.8.2026 klo 14.28","Huittinen","korkea","palvelusivu","405","Seniorit","https://www.huittinen.fi/vapaa-aika/seniorit/","https://www.huittinen.fi/","200","etusivu","seniorit; senioreille; vanhus"
"13.8.2026 klo 14.28","Huittinen","keskitaso","viitesivu","285","Vanhusneuvosto","https://www.huittinen.fi/kunta-ja-hallinto/osallistu-ja-vaikuta/vanhusneuvosto/","https://www.huittinen.fi/","200","etusivu","vanhus; ikääntyneille; seniorit"
"13.8.2026 klo 14.28","Hyrynsalmi","keskitaso","viitesivu","210","Hakutulokset","https://hyrynsalmi.fi/?s=vanhus","https://www.hyrynsalmi.fi/","200","sisäinen haku","vanhus"
"13.8.2026 klo 14.28","Hämeenkyrö","keskitaso","viitesivu","600","Joulupostia ikäihmisille -kampanja keräsi lähes 350 joulukorttia Hämeenkyrössä!","https://hameenkyro.fi/joulupostia-ikaihmisille-kampanja-kerasi-lahes-350-joulukorttia-hameenkyrossa/","https://hameenkyro.fi/","200","sivukartta","ikäihmisille; ikaihmisille; ikääntyneille"
"13.8.2026 klo 14.28","Hämeenkyrö","keskitaso","viitesivu","600","Joulupostia ikäihmisille -kampanja","https://hameenkyro.fi/joulupostia-ikaihmisille-kampanja/","https://hameenkyro.fi/","200","sivukartta","ikäihmisille; ikaihmisille; ikääntyneille"
"13.8.2026 klo 14.28","Hämeenlinna","keskitaso","viitesivu","210","vanhusneuvosto - Hämeenlinna","https://www.hameenlinna.fi/asiasana/vanhusneuvosto/","https://www.hameenlinna.fi/","200","etusivu","vanhus"
"13.8.2026 klo 14.28","Hämeenlinna","keskitaso","viitesivu","210","Vanhusneuvosto","https://www.hameenlinna.fi/hallinto-ja-talous/paatoksenteko/neuvostot/vanhusneuvosto-2/","https://www.hameenlinna.fi/","200","syvälinkki","vanhus"
"13.8.2026 klo 14.28","Hämeenlinna","keskitaso","viitesivu","165","Hämeenlinna","https://www.hameenlinna.fi/?vs_q=vanhus","https://www.hameenlinna.fi/","200","sisäinen haku","vanhus"
"13.8.2026 klo 14.28","Iitti","korkea","palvelusivu","690","Ikäihmisille","https://www.iitti.fi/ikaihmisille/","https://www.iitti.fi/","200","etusivu","ikäihmisille; ikaihmisille; ikääntyneille"
"13.8.2026 klo 14.28","Ikaalinen","keskitaso","viitesivu","645","Vanhuspalvelulaki","https://ikaalinen.fi/kaupunki-ja-hallinto/vanhusneuvosto/vanhuspalvelulaki/","https://ikaalinen.fi/","200","sivukartta","vanhuspalvelu; vanhus; ikääntyneille"
"13.8.2026 klo 14.28","Ilmajoki","keskitaso","viitesivu","210","Vanhusten asunnot","https://ilmajoki.fi/asuminen-ja-ymparisto/vuokra-asunnot/vanhusten-ja-vammaisten-asuminen/","https://ilmajoki.fi/","200","etusivu","vanhus"
"13.8.2026 klo 14.28","Ilmajoki","keskitaso","viitesivu","210","Hakutulokset","https://ilmajoki.fi/?s=vanhus","https://ilmajoki.fi/","200","sisäinen haku","vanhus"
"13.8.2026 klo 14.28","Ilomantsi","keskitaso","viitesivu","210","Hakutulokset","https://www.ilomantsi.fi/?s=vanhus","https://www.ilomantsi.fi/","200","sisäinen haku","vanhus"
"13.8.2026 klo 14.28","Ilomantsi","keskitaso","viitesivu","210","Vanhus- ja vammaisneuvosto","https://www.ilomantsi.fi/hallinto-ja-paatoksenteko/esityslistat-ja-poytakirjat/vaikuttamistoimielimet/vanhus-ja-vammaisneuvosto/","https://www.ilomantsi.fi/","200","sisäinen haku","vanhus"
"13.8.2026 klo 14.28","Imatra","keskitaso","viitesivu","1050","Joulupostia ikäihmisille -kampanja kutsuu Imatran asukkaat lähettämään joulukortteja ikääntyneille","https://www.imatra.fi/joulupostia-ikaihmisille-kampanja-kutsuu-imatran-asukkaat-lahettamaan-joulukortteja-ikaantyneille","https://www.imatra.fi/","200","sivukartta","ikäihmisille; ikaihmisille; ikääntyneille; ikaantyneille"
"13.8.2026 klo 14.28","Imatra","korkea","palvelusivu","735","Vanhustenviikolla 2. – 9.10. Imatralla on paljon ikäihmisille suunnattua ohjelmaa","https://www.imatra.fi/vanhustenviikolla-2-910-imatralla-paljon-ikaihmisille-suunnattua-ohjelmaa","https://www.imatra.fi/","200","sivukartta","ikäihmisille; ikaihmisille; vanhus"
"13.8.2026 klo 14.28","Imatra","keskitaso","viitesivu","600","Imatran kaupunki osallistuu tänäkin vuonna Siskojen ja Simojen Joulupostia ikäihmisille -kampanjaan.","https://www.imatra.fi/imatran-kaupunki-osallistuu-tanakin-vuonna-siskojen-ja-simojen-joulupostia-ikaihmisille-kampanjaan","https://www.imatra.fi/","200","sivukartta","ikäihmisille; ikaihmisille; ikäihminen; ikääntyneille"
"13.8.2026 klo 14.28","Imatra","korkea","palvelusivu","370","Seniorit","https://www.imatra.fi/seniorit","https://www.imatra.fi/","200","sivukartta","seniorit"
"13.8.2026 klo 14.28","Imatra","keskitaso","viitesivu","210","Vanhusneuvosto","https://www.imatra.fi/vanhusneuvosto","https://www.imatra.fi/","200","etusivu","vanhus"
"13.8.2026 klo 14.28","Inari","keskitaso","viitesivu","210","Vanhus- ja vammaisneuvosto","https://www.inari.fi/fi/osallistuminen/osallistu-ja-vaikuta/vaikuttamistoimielimet/vanhus-ja-vammaisneuvosto.html","https://www.inari.fi/","200","etusivu","vanhus"
"13.8.2026 klo 14.28","Inkoo","keskitaso","viitesivu","840","Projektet AgeIngå ser stort outnyttjat potential i pensionärer","https://www.inga.fi/2024/10/10/projektet-ageinga-ser-stort-outnyttjat-potential-i-pensionarer/?_rt=NnwxfHBlbnNpb27DpHJ8MTc4NjYyMDE3MA&_rt_nonce=9ba4975270","https://www.inga.fi/","200","sisäinen haku","pensionärer; pensionarer; pensionär; pensionar; äldre personer; för äldre; äldre"
"13.8.2026 klo 14.28","Inkoo","korkea","palvelusivu","370","Utdelning av halkskydd för seniorer 75+","https://www.inga.fi/2025/12/08/utdelning-av-halkskydd-for-seniorer-75/","https://www.inga.fi/","200","sivukartta","seniorer"
"13.8.2026 klo 14.28","Isojoki","keskitaso","viitesivu","285","Valtakunnallinen Vanhustenviikko 2025","https://isojoki.fi/valtakunnallinen-vanhustenviikko-2025/","https://isojoki.fi/","200","sisäinen haku","vanhus; ikäihmisille"
"13.8.2026 klo 14.28","Isojoki","keskitaso","viitesivu","210","Hakutulokset","https://isojoki.fi/?s=vanhus","https://isojoki.fi/","200","sisäinen haku","vanhus"
"13.8.2026 klo 14.28","Isojoki","keskitaso","viitesivu","210","Vanhustenviikko 2.-9.10.2022","https://isojoki.fi/vanhustenviikko-2-9-10-2022/","https://isojoki.fi/","200","sisäinen haku","vanhus"
"13.8.2026 klo 14.28","Isojoki","keskitaso","viitesivu","210","Vanhustenviikko 2023","https://isojoki.fi/vanhustenviikko-2023/","https://isojoki.fi/","200","sisäinen haku","vanhus"
"13.8.2026 klo 14.28","Isojoki","keskitaso","viitesivu","210","Vanhustenviikko 2024 – ohjelma","https://isojoki.fi/vanhustenviikko-2024-ohjelma/","https://isojoki.fi/","200","sisäinen haku","vanhus"
"13.8.2026 klo 14.28","Janakkala","korkea","palvelusivu","390","Toimintaa ikäihmisille","https://www.janakkala.fi/kuntalaisten-hyvinvointi/ikaantyneiden-olohuonetoiminta/","https://www.janakkala.fi/","200","etusivu","ikäihmisille"
"13.8.2026 klo 14.28","Janakkala","keskitaso","viitesivu","255","Sivua ei löydy","https://www.janakkala.fi/?s=vanhus","https://www.janakkala.fi/","200","sisäinen haku","vanhus; ikäihmisille"
"13.8.2026 klo 14.28","Jomala","korkea","palvelusivu","1110","Synpunkter äldreomsorgen","https://www.jomala.ax/blanketter/synpunkter-aldreomsorgen","https://www.jomala.ax/","200","syvälinkki","äldreomsorg; aldreomsorg; äldre; aldre; för äldre"
"13.8.2026 klo 14.28","Jomala","keskitaso","viitesivu","1110","Ansökan om service inom äldreomsorgen","https://www.jomala.ax/blanketter/ansokan-om-service-inom-aldreomsorgen","https://www.jomala.ax/","200","syvälinkki","äldreomsorg; aldreomsorg; äldre; aldre; för äldre"
"13.8.2026 klo 14.28","Jomala","korkea","palvelusivu","720","Aktiviteter för äldre","https://www.jomala.ax/aktiviteter-aldre","https://www.jomala.ax/","200","etusivu","för äldre; äldre; aldre"
"13.8.2026 klo 14.28","Jomala","keskitaso","viitesivu","450","Äldrerådet i Jomala","https://www.jomala.ax/omsorg/aldreradet-jomala","https://www.jomala.ax/","200","etusivu","äldre; aldre; äldre personer; för äldre"
"13.8.2026 klo 14.28","Joroinen","keskitaso","viitesivu","210","Hakutulokset: vanhus","https://www.joroinen.fi/?s=vanhus","https://www.joroinen.fi/","200","sisäinen haku","vanhus"
"13.8.2026 klo 14.28","Joroinen","keskitaso","viitesivu","210","Search results: vanhus","https://www.joroinen.fi/en/?s=vanhus","https://www.joroinen.fi/","200","sisäinen haku","vanhus"
"13.8.2026 klo 14.28","Joroinen","keskitaso","viitesivu","210","Результати пошуку: vanhus","https://www.joroinen.fi/uk/?s=vanhus","https://www.joroinen.fi/","200","sisäinen haku","vanhus"
"13.8.2026 klo 14.28","Juuka","keskitaso","viitesivu","210","Haku","https://www.juuka.fi/?s=vanhus","https://www.juuka.fi/","200","sisäinen haku","vanhus"
"13.8.2026 klo 14.28","Juupajoki","korkea","palvelusivu","660","Ikäihmisille","https://juupajoki.fi/ikaihmisille/","https://juupajoki.fi/","200","etusivu","ikäihmisille; ikaihmisille"
"13.8.2026 klo 14.28","Juupajoki","korkea","palvelusivu","600","Ikäihmisille maksuttomat Hyvinvointia käsin ja kohdaten -käsityöpajat syksyllä 2025 myös Juupajoella","https://juupajoki.fi/2025/08/29/ikaihmisille-maksuttomat-hyvinvointia-kasin-ja-kohdaten-kasityopajat-syksylla-2025-myos-juupajoella/","https://juupajoki.fi/","200","sivukartta","ikäihmisille; ikaihmisille; ikäihmiset"
"13.8.2026 klo 14.28","Juupajoki","keskitaso","viitesivu","240","Kysely ikääntyneiden virkistystoiminnasta","https://juupajoki.fi/2026/07/29/kysely-ikaantyneiden-virkistystoiminnasta/","https://juupajoki.fi/","200","etusivu","ikääntyneille; vanhus"
"13.8.2026 klo 14.28","Juva","keskitaso","viitesivu","210","Onnellinen elämä eläkkeellä &ndash; Rauni Vasara nauttii eläkepäivistään Juvalla","https://www.juva.fi/asukastarina-onnellinen-elama","https://www.juva.fi/","200","etusivu","eläkkeellä"
"13.8.2026 klo 14.28","Jyväskylä","keskitaso","viitesivu","1020","Sote 2020 -hanke: Vanhuspalvelut","https://www.jyvaskyla.fi/kaupunki-ja-paatoksenteko/strategia-ja-kehittaminen/hankkeet/sote-2020/vanhuspalvelut","https://www.jyvaskyla.fi/","200","sivukartta","vanhuspalvelut; vanhuspalvelu; vanhus; ikäystävällinen"
"13.8.2026 klo 14.28","Jyväskylä","korkea","palvelusivu","600","Museoiden palvelut ikääntyneille","https://www.jyvaskyla.fi/museot/tekemista/ikaantyneille","https://www.jyvaskyla.fi/","200","sivukartta","ikääntyneille; ikaantyneille; ikääntyneet; senioreille; vanhus"
"13.8.2026 klo 14.28","Jyväskylä","korkea","palvelusivu","500","Palveluja senioreille","https://www.jyvaskyla.fi/palveluja-senioreille","https://www.jyvaskyla.fi/","200","etusivu","senioreille; ikääntyneiden palvelut; ikääntyneille"
"13.8.2026 klo 14.28","Jyväskylä","korkea","palvelusivu","405","Liikkumisohjelman toimenpiteet: Seniorit","https://www.jyvaskyla.fi/liikkumisohjelma/toimenpiteet/seniorit","https://www.jyvaskyla.fi/","200","sivukartta","seniorit; ikääntyneet; senioreille"
"13.8.2026 klo 14.28","Jyväskylä","korkea","palvelusivu","370","Voi hyvin -iltapäivät senioreille","https://www.jyvaskyla.fi/kaupunki-ja-paatoksenteko/osallistu-ja-vaikuta/voi-hyvin-iltapaivat-senioreille","https://www.jyvaskyla.fi/","200","sivukartta","senioreille"
"13.8.2026 klo 14.28","Jämijärvi","keskitaso","viitesivu","210","Tulokset haulle: ”vanhus”","https://jamijarvi.fi/?s=vanhus","https://jamijarvi.fi/","200","sisäinen haku","vanhus"
"13.8.2026 klo 14.28","Kaarina","korkea","palvelusivu","690","Ikäihmisille","https://kaarina.fi/fi/etusivu/ikaihmisille","https://kaarina.fi/","200","etusivu","ikäihmisille; ikaihmisille; ikääntyneiden palvelut; ikääntyneille"
"13.8.2026 klo 14.28","Kaarina","korkea","palvelusivu","600","Ikäihmisille","https://kaarina.fi/fi/etusivu/ikaihmisille","https://kaarina.fi/","200","sivukartta","ikäihmisille; ikaihmisille; ikääntyneiden palvelut; ikääntyneille"
"13.8.2026 klo 14.28","Kaarina","korkea","palvelusivu","600","Kulttuuria ikäihmisille Kaarinassa","https://kaarina.fi/fi/kulttuuri-ja-vapaa-aika/kulttuuripalvelut/kulttuuria-ikaihmisille-kaarinassa","https://kaarina.fi/","200","sivukartta","ikäihmisille; ikaihmisille; ikäihmiset"
"13.8.2026 klo 14.28","Kaarina","korkea","palvelusivu","570","Hyvinvointia ja kulttuuria ikäihmisille -esite","https://kaarina.fi/fi/etusivu/ikaihmisille/hyvinvointia-ja-kulttuuria-ikaihmisille-esite","https://kaarina.fi/","200","sivukartta","ikäihmisille; ikaihmisille"
"13.8.2026 klo 14.28","Kaarina","korkea","palvelusivu","390","Turvapuhelinpalvelu","https://kaarina.fi/fi/etusivu/ikaihmisille/palveluja-kotona-asumisen-tueksi/turvapuhelinpalvelu","https://kaarina.fi/","200","sivukartta","ikaihmisille; ikäihmisille"
"13.8.2026 klo 14.28","Kaavi","keskitaso","viitesivu","210","Vanhus ja vammaisneuvosto","https://kaavi.fi/byrokratia-ja-paatoksenteko/lautakunnat-ja-neuvostot/vanhus-ja-vammaisneuvosto/","https://kaavi.fi/","200","etusivu","vanhus"
"13.8.2026 klo 14.28","Kaavi","keskitaso","viitesivu","210","Haku","https://kaavi.fi/?s=vanhus","https://kaavi.fi/","200","sisäinen haku","vanhus"
"13.8.2026 klo 14.28","Kajaani","korkea","palvelusivu","600","Hyvinvointia ja liikettä ikäihmisille syksyyn 2026","https://kajaani.fi/tiedotteet/hyvinvointia-ja-liiketta-ikaihmisille-syksyyn-2026/","https://www.kajaani.fi/","200","sivukartta","ikäihmisille; ikaihmisille; ikäihmiset; ikääntyneille"
"13.8.2026 klo 14.28","Kajaani","keskitaso","viitesivu","600","Joulupostia ikäihmisille -kampanja keräsi 1729 joulukorttia Kajaanissa","https://kajaani.fi/tiedotteet/joulupostia-ikaihmisille-kampanja-kerasi-1729-joulukorttia-kajaanissa/","https://www.kajaani.fi/","200","sivukartta","ikäihmisille; ikaihmisille; ikäihmiset"
"13.8.2026 klo 14.28","Kajaani","keskitaso","viitesivu","600","Osallistu Joulupostia ikäihmisille -kampanjaan – Askartele korttisi 4.12.2025 mennessä","https://kajaani.fi/tiedotteet/osallistu-joulupostia-ikaihmisille-kampanjaan-askartele-korttisi-4-12-2025-mennessa/","https://www.kajaani.fi/","200","sivukartta","ikäihmisille; ikaihmisille; ikäihmiset"
"13.8.2026 klo 14.28","Kajaani","keskitaso","viitesivu","600","Joulupostia ikäihmisille -kampanja keräsi 3 261 joulukorttia Kajaanissa","https://kajaani.fi/tiedotteet/joulupostia-ikaihmisille-kampanja-kerasi-3-261-joulukorttia-kajaanissa/","https://www.kajaani.fi/","200","sivukartta","ikäihmisille; ikaihmisille; ikäihmiset"
"13.8.2026 klo 14.28","Kajaani","keskitaso","viitesivu","600","Joulupostia ikäihmisille -kampanja käynnissä 6.12.2024 saakka – Näin voit osallistua","https://kajaani.fi/tiedotteet/joulupostia-ikaihmisille-kampanja-kaynnissa-6-12-2024-saakka-nain-voit-osallistua/","https://www.kajaani.fi/","200","sivukartta","ikäihmisille; ikaihmisille; ikäihmiset; ikääntyneille"
"13.8.2026 klo 14.28","Kangasala","keskitaso","viitesivu","1050","Joulupostia ikäihmisille -kampanja kutsuu Kangasalan asukkaat lähettämään joulukortteja ikääntyneille","https://www.kangasala.fi/tiedotteet/joulupostia-ikaihmisille-kampanja-kutsuu-kangasalan-asukkaat-lahettamaan-joulukortteja-ikaantyneille/","https://www.kangasala.fi/","200","sivukartta","ikäihmisille; ikaihmisille; ikääntyneille; ikaantyneille"
"13.8.2026 klo 14.28","Kangasala","keskitaso","viitesivu","600","Ikääntyneille","https://www.kangasala.fi/kohderyhmat/ikaantyneille/","https://www.kangasala.fi/","200","etusivu","ikääntyneille; ikaantyneille; vanhus"
"13.8.2026 klo 14.28","Kangasala","korkea","palvelusivu","495","Senioreille digiopastusta tarjoavan Nettiklinikan toiminta laajenee Vatialan kirjastoon","https://www.kangasala.fi/tiedotteet/senioreille-digiopastusta-tarjoavan-nettiklinikan-toiminta-laajenee-vatialan-kirjastoon/","https://www.kangasala.fi/","200","polku","senioreille; ikääntyneille; seniorit"
"13.8.2026 klo 14.28","Kangasala","korkea","palvelusivu","405","Senioreille digiopastusta tarjoavan Nettiklinikan toiminta laajenee Vatialan kirjastoon","https://www.kangasala.fi/tiedotteet/senioreille-digiopastusta-tarjoavan-nettiklinikan-toiminta-laajenee-vatialan-kirjastoon/","https://www.kangasala.fi/","200","sivukartta","senioreille; ikääntyneille; seniorit"
"13.8.2026 klo 14.28","Kangasala","keskitaso","viitesivu","285","Vanhusneuvosto","https://www.kangasala.fi/tutustu-ja-asioi/osallistu-ja-vaikuta/vanhusneuvosto/","https://www.kangasala.fi/","200","syvälinkki","vanhus; ikääntyneille; seniorit; eläkeläiset"
"13.8.2026 klo 14.28","Kankaanpää","keskitaso","viitesivu","1050","Joulupostia ikäihmisille -kampanja kutsuu jälleen kankaanpääläiset lähettämään joulukortteja ikääntyneille - Kankaanpään kaupunki","https://www.kankaanpaa.fi/joulupostia-ikaihmisille-kampanja-kutsuu-jalleen-kankaanpaalaiset-lahettamaan-joulukortteja-ikaantyneille/","https://www.kankaanpaa.fi/","200","sivukartta","ikäihmisille; ikaihmisille; ikääntyneille; ikaantyneille; seniorit; vanhus"
"13.8.2026 klo 14.28","Kankaanpää","keskitaso","viitesivu","1050","Joulupostia ikäihmisille -kampanja kutsuu jälleen kankaanpääläiset lähettämään kortteja ikääntyneille - Kankaanpään kaupunki","https://www.kankaanpaa.fi/joulupostia-ikaihmisille-kampanja-kutsuu-jalleen-kankaanpaalaiset-lahettamaan-kortteja-ikaantyneille/","https://www.kankaanpaa.fi/","200","sivukartta","ikäihmisille; ikaihmisille; ikääntyneille; ikaantyneille; seniorit; vanhus"
"13.8.2026 klo 14.28","Kankaanpää","keskitaso","viitesivu","600","Kankaanpää mukana Joulupostia ikäihmisille -kampanjassa - Kankaanpään kaupunki","https://www.kankaanpaa.fi/kankaanpaa-mukana-joulupostia-ikaihmisille-kampanjassa/","https://www.kankaanpaa.fi/","200","sivukartta","ikäihmisille; ikaihmisille; ikääntyneille; seniorit; vanhus"
"13.8.2026 klo 14.28","Kankaanpää","keskitaso","viitesivu","600","Joulupostia ikäihmisille -kampanjassa kerättiin Kankaanpäässä upeat 655 joulukorttia - Kankaanpään kaupunki","https://www.kankaanpaa.fi/joulupostia-ikaihmisille-kampanjassa-kerattiin-kankaanpaassa-upeat-655-joulukorttia/","https://www.kankaanpaa.fi/","200","sivukartta","ikäihmisille; ikaihmisille; vanhuspalvelut; vanhuspalvelu; ikääntyneille; seniorit; vanhus"
"13.8.2026 klo 14.28","Kankaanpää","keskitaso","viitesivu","600","Kankaanpää mukana Joulupostia ikäihmisille -kampanjassa 8.11.-7.12. - Kankaanpään kaupunki","https://www.kankaanpaa.fi/kankaanpaa-jalleen-mukana-joulupostia-ikaihmisille-kampanjassa-8-11-7-12/","https://www.kankaanpaa.fi/","200","sivukartta","ikäihmisille; ikaihmisille; seniorit; vanhus"
"13.8.2026 klo 14.28","Kannonkoski","korkea","palvelusivu","405","Seniorit","https://kannonkoski.fi/seniorit","https://kannonkoski.fi/","200","sivukartta","seniorit; senioreille; vanhus"
"13.8.2026 klo 14.28","Karijoki","keskitaso","viitesivu","210","Hakutulokset","https://karijoki.fi/?s=vanhus","https://karijoki.fi/","200","sisäinen haku","vanhus"
"13.8.2026 klo 14.28","Karkkila","keskitaso","viitesivu","570","740 korttia Karkkilan ikäihmisille joulukorttikampanjassa","https://karkkila.fi/joulupostia-ikaihmisille-kampanja-kerasi-740-joulukorttia-karkkil/","https://www.karkkila.fi/","200","sivukartta","ikäihmisille; ikaihmisille"
"13.8.2026 klo 14.28","Karkkila","matala","viitesivu","90","Tapahtumat","https://karkkila.fi/sarjat/sauvakavelyryhma-ikaantyneille/","https://www.karkkila.fi/","200","sivukartta","ikaantyneille; ikääntyneille"
"13.8.2026 klo 14.28","Karkkila","matala","viitesivu","70","Tapahtumat","https://karkkila.fi/sarjat/hyvinvointipolku-ryhma-senioreille/","https://www.karkkila.fi/","200","sivukartta","senioreille"
"13.8.2026 klo 14.28","Karstula","korkea","palvelusivu","420","Yleinen asiointiliikenne","https://karstula.fi/terveys-ja-hyvinvointi/ikaihmisille/","https://karstula.fi/","200","etusivu","ikaihmisille; seniorit; vanhus"
"13.8.2026 klo 14.28","Karstula","korkea","palvelusivu","405","Seniorit","https://karstula.fi/vapaa-aika-ja-matkailu/seniorit/","https://karstula.fi/","200","etusivu","seniorit; vanhus"
"13.8.2026 klo 14.28","Karstula","keskitaso","viitesivu","285","Vanhusneuvosto","https://karstula.fi/kunta-ja-hallinto/paatoksenteko/muut-toimielimet-tyoryhmat/vanhusneuvosto/","https://karstula.fi/","200","etusivu","vanhus; seniorit"
"13.8.2026 klo 14.28","Karstula","keskitaso","viitesivu","285","KOKOAAN SUUREMPI, MAINEENSA VEROINEN","https://karstula.fi/?phrase=vanhus","https://karstula.fi/","200","sisäinen haku","vanhus; seniorit"
"13.8.2026 klo 14.28","Karvia","keskitaso","viitesivu","210","vanhus","https://karvia.fi/?s=vanhus","https://karvia.fi/","200","sisäinen haku","vanhus"
"13.8.2026 klo 14.28","Kaskinen","korkea","palvelusivu","370","Seniorit","https://kaskinen.fi/fi/seniorit","https://kaskinen.fi/","200","etusivu","seniorit"
"13.8.2026 klo 14.28","Kauhava","korkea","palvelusivu","600","Lumityöyrityksiä listataan ikäihmisille","https://kauhava.fi/2026/01/09/lumityoyrityksia-listataan-ikaihmisille/","https://www.kauhava.fi","200","sivukartta","ikäihmisille; ikaihmisille; vanhus"
"13.8.2026 klo 14.28","Kauhava","korkea","palvelusivu","405","Senioreille","https://kauhava.fi/senioreille/","https://www.kauhava.fi","200","etusivu","senioreille; ikääntyvä; vanhus"
"13.8.2026 klo 14.28","Kauhava","korkea","palvelusivu","405","Senioreille","https://kauhava.fi/senioreille/?_rt=M3wxfHZhbmh1c3wxNzg2NjIwMTk1&_rt_nonce=76f37da663","https://www.kauhava.fi","200","sisäinen haku","senioreille; ikääntyvä; vanhus"
"13.8.2026 klo 14.28","Kauhava","keskitaso","viitesivu","405","Senioritalokartoitus käynnissä","https://kauhava.fi/senioritalo/","https://www.kauhava.fi","200","sivukartta","seniorit; vanhus"
"13.8.2026 klo 14.28","Kauhava","keskitaso","viitesivu","405","Senioritaloasuminen kiinnostaa Kauhavalla – sijainti ja kohtuuhintaisuus ratkaisevat","https://kauhava.fi/2026/04/10/senioritaloasuminen-kiinnostaa-kauhavalla-sijainti-ja-kohtuuhintaisuus-ratkaisevat/","https://www.kauhava.fi","200","sivukartta","seniorit; vanhus"
"13.8.2026 klo 14.28","Kauniainen","korkea","palvelusivu","685","Senioripalvelut ja Villa Breda","https://www.kauniainen.fi/hyvinvointi/lansi-uudenmaan-hyvinvointialue/villa-breda-ja-seniorit/","https://www.kauniainen.fi/","200","sivukartta","senioripalvelut; seniorit; ikääntyneille"
"13.8.2026 klo 14.28","Kauniainen","keskitaso","viitesivu","425","Pensionärsföreningar","https://www.kauniainen.fi/sv/kultur-och-fritid/foreningar/pensionarsforeningar/","https://www.kauniainen.fi/","200","sivukartta","pensionär; pensionar; seniorit; äldre; pensionärer"
"13.8.2026 klo 14.28","Kauniainen","korkea","palvelusivu","405","Seniorit","https://www.kauniainen.fi/seniorit/","https://www.kauniainen.fi/","200","etusivu","seniorit; vanhus"
"13.8.2026 klo 14.28","Kauniainen","korkea","palvelusivu","405","Seniorer","https://www.kauniainen.fi/sv/seniorer/","https://www.kauniainen.fi/","200","sivukartta","seniorer; äldre"
"13.8.2026 klo 14.28","Kauniainen","korkea","palvelusivu","405","Seniorer och Villa Breda","https://www.kauniainen.fi/sv/valfard/vastra-nylands-valfardsomrade/villa-breda-och-seniorer/","https://www.kauniainen.fi/","200","sivukartta","seniorer; för äldre; äldre"
"13.8.2026 klo 14.28","Kaustinen","keskitaso","viitesivu","210","Hakutulokset haulle: vanhus","https://kaustinen.fi/?s=vanhus","https://kaustinen.fi/","200","sisäinen haku","vanhus"
"13.8.2026 klo 14.28","Kaustinen","matala","viitesivu","120","Päätöksenteko","https://kaustinen.fi/paatoksenteko/","https://kaustinen.fi/","200","syvälinkki","vanhus"
"13.8.2026 klo 14.28","Kemijärvi","keskitaso","viitesivu","600","Erityisen liikkuva Kemijärvi -hankkeen kyselylomake ikäihmisille","https://kemijarvi.fi/2025/erityisen-liikkuva-kemijarvi-hankkeen-kyselylomake-ikaihmisille/","https://kemijarvi.fi/","200","sivukartta","ikäihmisille; ikaihmisille; vanhus"
"13.8.2026 klo 14.28","Kemijärvi","keskitaso","viitesivu","285","Kemijärven vanhusneuvosto","https://kemijarvi.fi/kaupunki-ja-hallinto/osallistu-ja-vaikuta/kemijarven-vanhusneuvosto/","https://kemijarvi.fi/","200","etusivu","vanhus; vanhustyö; seniorit; eläkeläiset"
"13.8.2026 klo 14.28","Keminmaa","keskitaso","viitesivu","285","Vanhusneuvosto","https://www.keminmaa.fi/kunta-ja-hallinto/paatoksenteko/vanhusneuvosto/","https://www.keminmaa.fi/","200","etusivu","vanhus; vanhustyö"
"13.8.2026 klo 14.28","Keminmaa","keskitaso","viitesivu","210","Vanhustentalot","https://www.keminmaa.fi/asuminen-ja-ymparisto/asuminen/vanhustentalot/","https://www.keminmaa.fi/","200","etusivu","vanhus"
"13.8.2026 klo 14.28","Keminmaa","keskitaso","viitesivu","210","Hakutulokset: vanhus","https://www.keminmaa.fi/?s=vanhus","https://www.keminmaa.fi/","200","sisäinen haku","vanhus"
"13.8.2026 klo 14.28","Keminmaa","keskitaso","viitesivu","210","Ikäinstituutin Vie vanhus ulos -kampanja 18.9.-1.10.2023","https://www.keminmaa.fi/ikainstituutin-vie-vanhus-ulos-kampanja-18-9-1-10-2023/","https://www.keminmaa.fi/","200","sisäinen haku","vanhus"
"13.8.2026 klo 14.28","Keminmaa","keskitaso","viitesivu","170","Keminmaan ikiliikkuva päivätoiminta -hanke","https://www.keminmaa.fi/vapaa-aika/liikunta-ja-luonto/keminmaan-ikiliikkuva-paivatoiminta-hanke/","https://www.keminmaa.fi/","200","sisäinen haku","ikäihmiset; ikäihmisille; vanhus"
"13.8.2026 klo 14.28","Kemiönsaari","keskitaso","viitesivu","210","Search website","https://en.kimitoon.fi/?s=vanhus","https://en.kimitoon.fi/","200","sisäinen haku","vanhus"
"13.8.2026 klo 14.28","Kemiönsaari","keskitaso","viitesivu","210","Sök på webbplatsen","https://www.kimitoon.fi/?s=vanhus","https://en.kimitoon.fi/","200","sisäinen haku","vanhus"
"13.8.2026 klo 14.28","Kempele","korkea","palvelusivu","570","Digitukea ikäihmisille","https://kempele.fi/etusivu/digitukea-ikaihmisille/","https://www.kempele.fi/","200","sivukartta","ikäihmisille; ikaihmisille"
"13.8.2026 klo 14.28","Keuruu","korkea","palvelusivu","690","Toukokuun tapahtumia ikäihmisille – Kurkisaaripäivä 15.5., Kahvia ja kohtaamisia Himmaalla 22.5. sekä Oman elokuvan päivä Suojalla 25.5.","https://keuruu.fi/2026/05/06/toukokuun-tapahtumia-ikaihmisille-kurkisaaripaiva-15-5-kahvia-ja-kohtaamisia-himmaalla-22-5-seka-oman-elokuvan-paiva-suojalla-25-5/?_rt=MXwxfGlrw6RpaG1pc2V0fDE3ODY2MTg2Mzg&_rt_nonce=4794b08c3e","https://www.keuruu.fi/","200","sisäinen haku","ikäihmisille; ikaihmisille; ikäihmiset; seniorit"
"13.8.2026 klo 14.28","Keuruu","korkea","palvelusivu","660","Ikääntyneille","https://keuruu.fi/ikaantyneille/?_rt=N3wxfGlrw6RpaG1pc2V0fDE3ODY2MTg2Mzg&_rt_nonce=33a5aebc51","https://www.keuruu.fi/","200","sisäinen haku","ikääntyneille; ikaantyneille"
"13.8.2026 klo 14.28","Keuruu","korkea","palvelusivu","660","Ikääntyneille","https://keuruu.fi/ikaantyneille/?_rt=NHwxfGlrw6TDpG50eW5lZXR8MTc4NjYxODYzOA&_rt_nonce=33a5aebc51","https://www.keuruu.fi/","200","sisäinen haku","ikääntyneille; ikaantyneille"
"13.8.2026 klo 14.28","Keuruu","korkea","palvelusivu","660","Keuruu 40-vuotta tilaisuuksia ikääntyneille maaliskuussa","https://keuruu.fi/2026/03/24/keuruu-40-vuotta-tilaisuuksia-ikaantyneille-maaliskuussa/?_rt=NnwxfGlrw6TDpG50eW5lZXR8MTc4NjYxODYzOA&_rt_nonce=99675a625c","https://www.keuruu.fi/","200","sisäinen haku","ikääntyneille; ikaantyneille"
"13.8.2026 klo 14.28","Keuruu","korkea","palvelusivu","600","Toukokuun tapahtumia ikäihmisille – Kurkisaaripäivä 15.5., Kahvia ja kohtaamisia Himmaalla 22.5. sekä Oman elokuvan päivä Suojalla 25.5.","https://keuruu.fi/2026/05/06/toukokuun-tapahtumia-ikaihmisille-kurkisaaripaiva-15-5-kahvia-ja-kohtaamisia-himmaalla-22-5-seka-oman-elokuvan-paiva-suojalla-25-5/","https://www.keuruu.fi/","200","sivukartta","ikäihmisille; ikaihmisille; ikäihmiset; seniorit"
"13.8.2026 klo 14.28","Kihniö","keskitaso","viitesivu","210","Vanhus- ja vammaisneuvosto","https://www.kihnio.fi/fi/asiointi-ja-paatoksenteko/paatoksenteko/vanhus-ja-vammaisneuvosto","https://www.kihnio.fi/","200","etusivu","vanhus"
"13.8.2026 klo 14.28","Kiuruvesi","keskitaso","viitesivu","210","Vanhusneuvosto","https://kiuruvesi.fi/vaikuttaminen/vanhusneuvosto/","https://www.kiuruvesi.fi/","200","etusivu","vanhus"
"13.8.2026 klo 14.28","Kivijärvi","keskitaso","viitesivu","210","Vanhusneuvosto","https://www.kivijarvi.fi/palvelut/vanhusneuvosto","https://www.kivijarvi.fi/","200","etusivu","vanhus"
"13.8.2026 klo 14.28","Kivijärvi","keskitaso","viitesivu","210","Vanhusneuvosto","https://www.kivijarvi.fi/palvelut/vanhusneuvosto","https://www.kivijarvi.fi/","200","syvälinkki","vanhus"
"13.8.2026 klo 14.28","Kokemäki","keskitaso","viitesivu","335","Ikääntyvälle","https://kokemaki.fi/ikaantyville/","https://kokemaki.fi/","200","etusivu","ikääntyvä; vanhus"
"13.8.2026 klo 14.28","Kokemäki","keskitaso","viitesivu","285","Haku","https://kokemaki.fi/?s=vanhus","https://kokemaki.fi/","200","sisäinen haku","vanhus; vanhustyö"
"13.8.2026 klo 14.28","Kokemäki","keskitaso","viitesivu","285","Kokemäen kaupunki mukana vanhustenviikossa 6.–12.10.2025 – teemana onni kasvaa yhteisössä","https://kokemaki.fi/blog/2025/09/23/kokemaen-kaupunki-mukana-vanhustenviikossa-6-10-12-10-2025/","https://kokemaki.fi/","200","sisäinen haku","vanhus; vanhustyö"
"13.8.2026 klo 14.28","Kokemäki","keskitaso","viitesivu","285","Yhteisöllinen Vanhustenviikko keräsi yli 800 osallistujaa Kokemäellä","https://kokemaki.fi/blog/2025/10/20/yhteisollinen-vanhustenviikko-kerasi-yli-800-osallistujaa-kokemaella/","https://kokemaki.fi/","200","sisäinen haku","vanhus; vanhustyö"
"13.8.2026 klo 14.28","Kokemäki","keskitaso","viitesivu","210","Onni kasvaa yhteisössä – Vanhustenviikon ohjelma 6.–12.10.2025","https://kokemaki.fi/blog/2025/09/22/onni-kasvaa-yhteisossa-vanhustenviikon-ohjelma-6-12-10-2025/","https://kokemaki.fi/","200","sisäinen haku","vanhus"
"13.8.2026 klo 14.28","Kokkola","keskitaso","viitesivu","210","Hae sivustolta","https://www.kokkola.fi/?s=vanhus","https://www.kokkola.fi/","200","sisäinen haku","vanhus"
"13.8.2026 klo 14.28","Kokkola","keskitaso","viitesivu","210","Sök på webbplatsen","https://www.kokkola.fi/sv/?s=vanhus","https://www.kokkola.fi/","200","sisäinen haku","vanhus"
"13.8.2026 klo 14.28","Kokkola","keskitaso","viitesivu","210","Search from the site","https://www.kokkola.fi/en/?s=vanhus","https://www.kokkola.fi/","200","sisäinen haku","vanhus"
"13.8.2026 klo 14.28","Konnevesi","keskitaso","viitesivu","600","Konneveden palveluopas ikäihmisille on julkaistu - Konneveden kunta","https://konnevesi.fi/konneveden-palveluopas-ikaihmisille-on-julkaistu/","https://konnevesi.fi/","200","sivukartta","ikäihmisille; ikaihmisille; vanhus"
"13.8.2026 klo 14.28","Konnevesi","korkea","palvelusivu","405","Tietoa, neuvontaa ja ohjausta senioreille yhdestä numerosta Keski-​Suomessa 2.1.2026 alkaen - Konneveden kunta","https://konnevesi.fi/tietoa-neuvontaa-ja-ohjausta-senioreille-yhdesta-numerosta-keski-suomessa-2-1-2026-alkaen/","https://konnevesi.fi/","200","sivukartta","senioreille; seniorineuvonta; vanhus"
"13.8.2026 klo 14.28","Kontiolahti","korkea","palvelusivu","1035","Ehdotukset vanhustyön palkittavasta 6.9. mennessä","https://www.kontiolahti.fi/2026/08/05/ehdotukset-vanhustyon-palkittavasta-6-9-mennessa/","https://www.kontiolahti.fi/","200","etusivu","vanhustyö; vanhustyo; vanhus"
"13.8.2026 klo 14.28","Korsnäs","keskitaso","viitesivu","725","Korsnäsnejdens pensionärer","https://www.korsnas.fi/korsnasnejdens-pensionarer/","https://www.korsnas.fi/","200","sivukartta","pensionärer; pensionarer; pensionär; pensionar; för äldre; äldre"
"13.8.2026 klo 14.28","Korsnäs","korkea","palvelusivu","720","Rådet för äldre och personer med funktionsnedsättning","https://www.korsnas.fi/kommunen/fortroendeorgan/aldre-och-handikappradet-i-korsnas/","https://www.korsnas.fi/","200","etusivu","för äldre; äldre; aldre"
"13.8.2026 klo 14.28","Koski tl","keskitaso","viitesivu","210","  Vanhus- ja vammaisneuvosto","https://koski.fi/vanhus-ja-vammaisneuvosto/","https://koski.fi/","200","syvälinkki","vanhus"
"13.8.2026 klo 14.28","Koski tl","keskitaso","viitesivu","210","  Hakutulokset     vanhus","https://koski.fi/?s=vanhus","https://koski.fi/","200","sisäinen haku","vanhus"
"13.8.2026 klo 14.28","Koski tl","keskitaso","viitesivu","210","  Vanhus- ja vammaisneuvosto 27.5.2026","https://koski.fi/vanhus-ja-vammaisneuvosto-27-5-2026/","https://koski.fi/","200","sisäinen haku","vanhus"
"13.8.2026 klo 14.28","Kotka","korkea","palvelusivu","720","Ikääntyneet","https://www.kotka.fi/ikaantyneet/","https://www.kotka.fi/","200","etusivu","ikääntyneet; ikaantyneet; vanhus"
"13.8.2026 klo 14.28","Kotka","korkea","palvelusivu","625","Asiasanat: ikäihmiset","https://www.kotka.fi/asiasanat/ikaihmiset/","https://www.kotka.fi/","200","sivukartta","ikäihmiset; ikaihmiset; ikääntyneet"
"13.8.2026 klo 14.28","Kotka","korkea","palvelusivu","600","Kotitv:n kuntoutusohjelma ikäihmisille (ID #271)","https://www.kotka.fi/2021/04/kotitvn-kuntoutusohjelma-ikaihmisille-id-271/","https://www.kotka.fi/","200","sivukartta","ikäihmisille; ikaihmisille; ikääntyneet"
"13.8.2026 klo 14.28","Kotka","korkea","palvelusivu","600","KotiTV:n ohjelmasisältö avataan joululahjana kaikille Kymenlaakson ikääntyneille","https://www.kotka.fi/2022/11/kotitvn-ohjelmasisalto-avataan-joululahjana-kaikille-kymenlaakson-ikaantyneille/","https://www.kotka.fi/","200","sivukartta","ikääntyneille; ikaantyneille; ikääntyneet"
"13.8.2026 klo 14.28","Kotka","keskitaso","viitesivu","600","Kohderyhmät: Ikääntyneet","https://www.kotka.fi/kohderyhmat/ikaantyneet-fi/","https://www.kotka.fi/","200","sivukartta","ikääntyneet; ikaantyneet"
"13.8.2026 klo 14.28","Kouvola","korkea","palvelusivu","910","Kouvolan kaupunki hakee rahoitusta Vaikuttava vanhustyö -hankkeeseen","https://www.kouvola.fi/ajankohtaiset/kouvolan-kaupunki-hakee-rahoitusta-vaikuttava-vanhustyo-hankkeeseen/","https://www.kouvola.fi/","200","sivukartta","vanhustyö; vanhustyo; vanhus; ikäihmisten palvelut; ikääntyneet"
"13.8.2026 klo 14.28","Kouvola","korkea","palvelusivu","885","Kulttuuripalvelut ikääntyneille","https://www.kouvola.fi/hyvinvointi-ja-terveys/voi-hyvin/ikaantyneet/harrastus-ja-virkistystoiminta/kulttuuripalvelut-ikaantyneille/","https://www.kouvola.fi/","200","sivukartta","ikaantyneet; ikääntyneille; ikaantyneille; ikääntyneet"
"13.8.2026 klo 14.28","Kouvola","korkea","palvelusivu","885","Uimahallipalvelut ikääntyneille","https://www.kouvola.fi/hyvinvointi-ja-terveys/voi-hyvin/ikaantyneet/harrastus-ja-virkistystoiminta/uimahallipalvelut-ikaantyneille/","https://www.kouvola.fi/","200","sivukartta","ikaantyneet; ikääntyneille; ikaantyneille; ikääntyneet"
"13.8.2026 klo 14.28","Kouvola","korkea","palvelusivu","885","Joukkoliikenne ikääntyneille","https://www.kouvola.fi/hyvinvointi-ja-terveys/voi-hyvin/ikaantyneet/joukkoliikenne-ikaantyneille/","https://www.kouvola.fi/","200","sivukartta","ikaantyneet; ikääntyneille; ikaantyneille; ikääntyneet"
"13.8.2026 klo 14.28","Kouvola","korkea","palvelusivu","885","Kirjastopalvelut ikääntyneille","https://www.kouvola.fi/hyvinvointi-ja-terveys/voi-hyvin/ikaantyneet/harrastus-ja-virkistystoiminta/kirjastopalvelut-ikaantyneille/","https://www.kouvola.fi/","200","sivukartta","ikaantyneet; ikääntyneille; ikaantyneille; ikääntyneet"
"13.8.2026 klo 14.28","Kristiinankaupunki","keskitaso","viitesivu","450","Vård av äldre byggnader","https://www.kristinestad.fi/boende-och-miljo/byggnadstillsyn/vard-av-aldre-byggnader","https://www.kristinestad.fi/","200","etusivu","äldre; aldre; seniorer; för äldre"
"13.8.2026 klo 14.28","Kuhmo","keskitaso","viitesivu","285","Vanhus- ja vammaisneuvosto","https://www.kuhmo.fi/kaupunki-ja-paatoksenteko/paatoksenteko/muut-vaikuttamistoimielimet/vanhus-ja-vammaisneuvosto/?_rt=MXwxfHZhbmh1c3wxNzg2NjIwMjM5&_rt_nonce=ba47ddddfc","https://www.kuhmo.fi/","200","sisäinen haku","vanhus; vanhuspalvelu; eläkeläiset"
"13.8.2026 klo 14.28","Kuhmo","keskitaso","viitesivu","285","Vanhus- ja vammaisneuvosto","https://www.kuhmo.fi/kaupunki-ja-paatoksenteko/paatoksenteko/muut-vaikuttamistoimielimet/vanhus-ja-vammaisneuvosto/?_rt=NHwxfHNlbmlvcml8MTc4NjYyMDIzOQ&_rt_nonce=ba47ddddfc","https://www.kuhmo.fi/","200","sisäinen haku","vanhus; vanhuspalvelu; eläkeläiset"
"13.8.2026 klo 14.28","Kuhmo","keskitaso","viitesivu","210","Hakutulokset","https://www.kuhmo.fi/?s=vanhus","https://www.kuhmo.fi/","200","sisäinen haku","vanhus"
"13.8.2026 klo 14.28","Kumlinge","korkea","palvelusivu","1110","Äldreomsorg","https://www.kumlinge.ax/social-omsorg/aldreomsorg","https://www.kumlinge.ax/","200","syvälinkki","äldreomsorg; aldreomsorg; äldre; aldre; seniorer; för äldre"
"13.8.2026 klo 14.28","Kuopio","keskitaso","viitesivu","1180","Kulttuurisen seniori- ja vanhustyön valtakunnallinen verkosto AILI","https://www.kuopio.fi/vapaa-aika-ja-hyvinvointi/kulttuuri-kuopio/kulttuuria-ikaantyneille/kulttuurisen-seniori-ja-vanhustyon-valtakunnallinen-verkosto-aili/","https://www.kuopio.fi/","200","sivukartta","vanhustyö; vanhustyo; ikaantyneille; vanhus; seniorityö; ikääntyneille; seniorit"
"13.8.2026 klo 14.28","Kuopio","korkea","palvelusivu","570","Kulttuuriluotsiksi ikääntyneille","https://www.kuopio.fi/vapaa-aika-ja-hyvinvointi/meidan-kuopio/vapaaehtoistoiminta-kuopiossa/kulttuuriluotsiksi-ikaantyneille/","https://www.kuopio.fi/","200","sivukartta","ikääntyneille; ikaantyneille"
"13.8.2026 klo 14.28","Kuopio","keskitaso","viitesivu","420","Kulttuuriryhmät 60+ vuotiaille","https://www.kuopio.fi/vapaa-aika-ja-hyvinvointi/kulttuuri-kuopio/kulttuuria-ikaantyneille/ryhmat/","https://www.kuopio.fi/","200","sivukartta","ikaantyneille; vanhustyö; ikääntyneille; vanhus"
"13.8.2026 klo 14.28","Kuopio","keskitaso","viitesivu","420","ARMAS-festivaali","https://www.kuopio.fi/vapaa-aika-ja-hyvinvointi/kulttuuri-kuopio/kulttuuria-ikaantyneille/armas-festivaali/","https://www.kuopio.fi/","200","sivukartta","ikaantyneille; vanhustyö; ikääntyneille; vanhus"
"13.8.2026 klo 14.28","Kuopio","keskitaso","viitesivu","420","Kulttuuriluotsit – seuraa kulttuurikohteisiin","https://www.kuopio.fi/vapaa-aika-ja-hyvinvointi/kulttuuri-kuopio/kulttuuria-ikaantyneille/kulttuuriluotsit-seuraa-kulttuurikohteisiin/","https://www.kuopio.fi/","200","sivukartta","ikaantyneille; vanhustyö; ikääntyneille; vanhus"
"13.8.2026 klo 14.28","Kuortane","keskitaso","viitesivu","695","Asukastilaisuus, ikäihmiset.","https://kuortane.fi/ep-kalenteri/asukastilaisuus-ikaihmiset/","https://kuortane.fi/","200","sisäinen haku","ikäihmiset; ikaihmiset"
"13.8.2026 klo 14.28","Kuortane","keskitaso","viitesivu","600","Kuortane mukana Joulupostia ikäihmisille -kampanjassa","https://kuortane.fi/kuortane-mukana-joulupostia-ikaihmisille-kampanjassa/","https://kuortane.fi/","200","sivukartta","ikäihmisille; ikaihmisille; ikäihminen; ikääntyneille"
"13.8.2026 klo 14.28","Kuortane","korkea","palvelusivu","570","Kuusiokuntien sosiaali- ja terveyskuntayhtymä soittaa ikääntyneille asukkaille","https://kuortane.fi/kuusiokuntien-sosiaali-ja-terveyskuntayhtyma-soittaa-ikaantyneille-asukkaille/","https://kuortane.fi/","200","sivukartta","ikääntyneille; ikaantyneille"
"13.8.2026 klo 14.28","Kuortane","keskitaso","viitesivu","285","Vanhus- ja vammaisneuvosto","https://kuortane.fi/hallinto-ja-paatoksenteko/vanhus-ja-vammaisneuvosto/","https://kuortane.fi/","200","sisäinen haku","vanhus; vanhuspalvelu; ikääntyneille"
"13.8.2026 klo 14.28","Kuortane","keskitaso","viitesivu","210","Hakutulokset hakusanalla: vanhus","https://kuortane.fi/?s=vanhus","https://kuortane.fi/","200","sisäinen haku","vanhus"
"13.8.2026 klo 14.28","Kurikka","korkea","palvelusivu","625","Ikäihmiset","https://kurikka.fi/target_group/ikaihmiset/","https://kurikka.fi/","200","sivukartta","ikäihmiset; ikaihmiset; vanhus"
"13.8.2026 klo 14.28","Kurikka","keskitaso","viitesivu","210","Vanhusneuvosto","https://kurikka.fi/kaupunki-ja-hallinto/osallistu-ja-vaikuta/vanhusneuvosto/","https://kurikka.fi/","200","etusivu","vanhus"
"13.8.2026 klo 14.28","Kustavi","keskitaso","viitesivu","210","Vanhus- ja vammaisneuvosto","https://kustavi.fi/kunta-ja-hallinto/osallistu-ja-vaikuta/vanhusneuvosto/","https://kustavi.fi/","200","etusivu","vanhus"
"13.8.2026 klo 14.28","Kustavi","keskitaso","viitesivu","210","Kustavi - Saariston kuningaskunta","https://kustavi.fi/?phrase=vanhus","https://kustavi.fi/","200","sisäinen haku","vanhus"
"13.8.2026 klo 14.28","Kärsämäki","korkea","palvelusivu","600","Pohteen Aino-neuvonta ikäihmisille","https://karsamaki.fi/julkaisut/pohteen-aino-neuvonta-ikaihmisille/","https://karsamaki.fi/","200","sivukartta","ikäihmisille; ikaihmisille"
"13.8.2026 klo 14.28","Kärsämäki","keskitaso","viitesivu","210","Haun tulokset: vanhus","https://karsamaki.fi/?s=vanhus","https://karsamaki.fi/","200","sisäinen haku","vanhus"
"13.8.2026 klo 14.28","Kökar","keskitaso","viitesivu","310","Kommunal service","https://www.kokar.ax/kommunens-service","https://www.kokar.ax/","200","syvälinkki","äldreomsorg; äldre"
"13.8.2026 klo 14.28","Lahti","keskitaso","viitesivu","955","Vanhusneuvoston aloite Lahden ikäihmiset ja vanhukset tehty kestäviksi","https://www.lahti.fi/tiedostot/vanhusneuvoston-aloite-lahden-ikaihmiset-ja-vanhukset-tehty-kestaviksi/","https://www.lahti.fi/","200","sivukartta","ikäihmiset; ikaihmiset; vanhukset; vanhus"
"13.8.2026 klo 14.28","Lahti","korkea","palvelusivu","600","Nostoja laajasta hyvinvointikertomuksesta -työllisyys, aikuisväestö ja ikääntyneet","https://www.lahti.fi/tiedostot/nostoja-laajasta-hyvinvointikertomuksesta-tyollisyys-aikuisvaesto-ja-ikaantyneet/","https://www.lahti.fi/","200","sivukartta","ikääntyneet; ikaantyneet"
"13.8.2026 klo 14.28","Lahti","keskitaso","viitesivu","290","Sosiaali- ja terveyspalvelut","https://www.lahti.fi/vapaa-aika/sosiaali-ja-terveyspalvelut/","https://www.lahti.fi/","200","polku",""
"13.8.2026 klo 14.28","Laihia","korkea","palvelusivu","990","Vanhuspalvelut","https://laihia.fi/palveluhakemisto/vanhuspalvelut-5/","https://laihia.fi/","200","polku","vanhuspalvelut; vanhuspalvelu; vanhus"
"13.8.2026 klo 14.28","Laihia","korkea","palvelusivu","990","Vanhuspalvelut","https://laihia.fi/palveluhakemisto/vanhuspalvelut-5/","https://laihia.fi/","200","polku","vanhuspalvelut; vanhuspalvelu; vanhus"
"13.8.2026 klo 14.28","Laihia","korkea","palvelusivu","990","Vanhuspalvelut","https://laihia.fi/palveluhakemisto/vanhuspalvelut-5/","https://laihia.fi/","200","polku","vanhuspalvelut; vanhuspalvelu; vanhus"
"13.8.2026 klo 14.28","Laihia","korkea","palvelusivu","570","Ravitsemusesitteet ikääntyneille -palvelun verkkoasiointikanava","https://laihia.fi/asiointikanavat/ravitsemusesitteet-ikaantyneille-palvelun-verkkoasiointikanava/","https://laihia.fi/","200","sivukartta","ikääntyneille; ikaantyneille"
"13.8.2026 klo 14.28","Laihia","korkea","palvelusivu","570","Lisätietoa palvelusta Ravitsemusesitteet ikääntyneille","https://laihia.fi/asiointikanavat/lisatietoa-palvelusta-ravitsemusesitteet-ikaantyneille/","https://laihia.fi/","200","sivukartta","ikääntyneille; ikaantyneille"
"13.8.2026 klo 14.28","Laitila","keskitaso","viitesivu","210","Haku","https://www.laitila.fi/?s=vanhus","https://www.laitila.fi/","200","sisäinen haku","vanhus"
"13.8.2026 klo 14.28","Laitila","keskitaso","viitesivu","210","Haku","https://www.laitila.fi/en/?s=vanhus","https://www.laitila.fi/","200","sisäinen haku","vanhus"
"13.8.2026 klo 14.28","Laitila","keskitaso","viitesivu","210","Haku","https://www.laitila.fi/uk/?s=vanhus","https://www.laitila.fi/","200","sisäinen haku","vanhus"
"13.8.2026 klo 14.28","Lapinjärvi","korkea","palvelusivu","1400","Chefen för äldreomsorgen har nytt verksamhetsutrymme","https://lapinjarvi.fi/sv/chefen-for-aldreomsorgen-har-nytt-verksamhetsutrymme/","https://lapinjarvi.fi/","200","sivukartta","äldreomsorg; aldreomsorg; för äldre; for aldre; äldre; aldre"
"13.8.2026 klo 14.28","Lapinjärvi","korkea","palvelusivu","1325","Strategi för äldre personer, planeringsdag 12.4.2017","https://lapinjarvi.fi/sv/strategi-for-aldre-personer-planeringsdag-12-4-2017/","https://lapinjarvi.fi/","200","sivukartta","äldre personer; aldre personer; för äldre; for aldre; äldre; aldre"
"13.8.2026 klo 14.28","Lapinjärvi","korkea","palvelusivu","1325","Naturutflykt för äldre personer 11.9.2024 kl. 10 – 12 vid Korsmalms kåtan","https://lapinjarvi.fi/sv/naturutflykt-for-aldre-personer-11-9-2024-kl-10-12-vid-korsmalms-katan/","https://lapinjarvi.fi/","200","sivukartta","äldre personer; aldre personer; för äldre; for aldre; äldre; aldre"
"13.8.2026 klo 14.28","Lapinjärvi","korkea","palvelusivu","910","Lapinjärven perusturvalautakunta julistaa haettavaksi 28.2.2011 mennessä vanhustyöhön","https://lapinjarvi.fi/lapinjarven-perusturvalautakunta-julistaa-haettavaksi-28-2-2011-mennessa-vanhustyohon/","https://lapinjarvi.fi/","200","sivukartta","vanhustyö; vanhustyo; vanhus"
"13.8.2026 klo 14.28","Lapinjärvi","korkea","palvelusivu","910","LAPINJÄRVEN PERUSTURVALAUTAKUNTA julistaa haettavaksi vanhustyöhön","https://lapinjarvi.fi/lapinjarven-perusturvalautakunta-julistaa-haettavaksi-vanhustyohon/","https://lapinjarvi.fi/","200","sivukartta","vanhustyö; vanhustyo; vanhus"
"13.8.2026 klo 14.28","Lappajärvi","keskitaso","viitesivu","570","Joulupostia ikäihmisille kampanja käynnissä 6.12. saakka","https://lappajarvi.fi/joulupostia-ikaihmisille-kampanja-kaynnissa-6-12-saakka/","https://lappajarvi.fi/","200","sivukartta","ikäihmisille; ikaihmisille"
"13.8.2026 klo 14.28","Lappajärvi","keskitaso","viitesivu","210","Search Results for: vanhus","https://lappajarvi.fi/?s=vanhus","https://lappajarvi.fi/","200","sisäinen haku","vanhus"
"13.8.2026 klo 14.28","Lappajärvi","keskitaso","viitesivu","210","Alajärven kaupunginhallitus pyytää esityksiä Järvi-Pohjanmaan vanhusneuvoston ja Järvi- Pohjanmaan vammaisneuvoston jäseniksi ja varajäseniksi","https://lappajarvi.fi/alajarven-kaupunginhallitus-pyytaa-esityksia-jarvi-pohjanmaan-vanhusneuvoston-ja-jarvi-pohjanmaan-vammaisneuvoston-jaseniksi-ja-varajaseniksi/","https://lappajarvi.fi/","200","sisäinen haku","vanhus"
"13.8.2026 klo 14.28","Lappeenranta","keskitaso","viitesivu","290","Suosikit","https://lappeenranta.fi/fi/osallistu-ja-vaikuta/yhdenvertaisuus-ja-tasa-arvosuunnitelma/liite-1-tasa-arvo-ja-yhdenvertaisuus-lainsaadannossa-ja-yhteiskunnassa/lapset-nuoret-ja-vanhukset","https://lappeenranta.fi/","200","etusivu","vanhukset"
"13.8.2026 klo 14.28","Lappeenranta","keskitaso","viitesivu","210","Suosikit","https://lappeenranta.fi/fi/kaupunki-ja-paatoksenteko/paatoksenteko/vanhusneuvosto","https://lappeenranta.fi/","200","etusivu","vanhus"
"13.8.2026 klo 14.28","Lappeenranta","keskitaso","viitesivu","210","Suosikit","https://lappeenranta.fi/fi/kaupunki-ja-paatoksenteko/paatoksenteko/vanhusneuvosto/vanhusneuvoston-tehtavat","https://lappeenranta.fi/","200","etusivu","vanhus"
"13.8.2026 klo 14.28","Lappeenranta","keskitaso","viitesivu","210","Suosikit","https://lappeenranta.fi/fi/kaupunki-ja-paatoksenteko/paatoksenteko/vanhusneuvosto/vanhusneuvoston-kokoonpano-ja-tehtavat","https://lappeenranta.fi/","200","etusivu","vanhus"
"13.8.2026 klo 14.28","Lappeenranta","keskitaso","viitesivu","210","Suosikit","https://lappeenranta.fi/fi/kaupunki-ja-paatoksenteko/paatoksenteko/vanhusneuvosto/vanhusneuvoston-jasenet","https://lappeenranta.fi/","200","etusivu","vanhus"
"13.8.2026 klo 14.28","Lapua","korkea","palvelusivu","435","Ikäihmiset","https://lapua.fi/etusivu/vahvuutena-v%C3%A4litt%C3%A4minen/v%C3%A4litt%C3%A4misen-ty%C3%B6kalupakki/ik%C3%A4ihmiset/","https://lapua.fi/","200","sisäinen haku","ikäihmiset; vanhustyö; ikäihmisille; ikääntyneille; vanhus"
"13.8.2026 klo 14.28","Lapua","korkea","palvelusivu","420","Ikääntyneille","https://lapua.fi/hyvinvointi/hyvaa-arkea-lapualla/ik%C3%A4%C3%A4ntyneille/","https://lapua.fi/","200","etusivu","ikääntyneille; ikääntyneet; vanhus"
"13.8.2026 klo 14.28","Lapua","korkea","palvelusivu","420","Kulttuuripalvelut ikääntyneille","https://lapua.fi/hyvinvointi/hyvaa-arkea-lapualla/ik%C3%A4%C3%A4ntyneille/kulttuuripalvelut-ik%C3%A4%C3%A4ntyneille/","https://lapua.fi/","200","etusivu","ikääntyneille; vanhus"
"13.8.2026 klo 14.28","Lapua","keskitaso","viitesivu","285","Vanhusneuvosto","https://lapua.fi/hyvinvointi/osallisuus-ja-yhdenvertaisuus/vanhusneuvosto/","https://lapua.fi/","200","etusivu","vanhus; ikääntyneille"
"13.8.2026 klo 14.28","Lapua","keskitaso","viitesivu","285","Hakutulokset","https://lapua.fi/?s=vanhus","https://lapua.fi/","200","sisäinen haku","vanhus; vanhustyö; ikäihmiset; ikääntyneille"
"13.8.2026 klo 14.28","Laukaa","korkea","palvelusivu","720","Ikäihmiset","https://www.laukaa.fi/asukkaat/palvelut-kohderyhmittain/ikaihmiset/","https://www.laukaa.fi/","200","syvälinkki","ikäihmiset; ikaihmiset; vanhus"
"13.8.2026 klo 14.28","Laukaa","keskitaso","viitesivu","285","Vanhusneuvosto","https://www.laukaa.fi/asukkaat/kunta-ja-paatoksenteko/osallistu-ja-vaikuta/vanhusneuvosto/","https://www.laukaa.fi/","200","syvälinkki","vanhus; ikäihmiset; ikääntyvä; seniorit; eläkeläiset"
"13.8.2026 klo 14.28","Lemi","korkea","palvelusivu","895","Vanhuspalvelut","https://lemi.fi/palvelut/sosiaali-ja-terveyspalvelut/vanhuspalvelus/","https://lemi.fi/","200","sivukartta","vanhuspalvelut; vanhuspalvelu; vanhus; vanhusten palvelut"
"13.8.2026 klo 14.28","Lestijärvi","keskitaso","viitesivu","210","Hakutulokset haulle: vanhus","https://lestijarvi.fi/?s=vanhus","https://lestijarvi.fi/","200","sisäinen haku","vanhus"
"13.8.2026 klo 14.28","Lestijärvi","keskitaso","viitesivu","210","Ei hakutuloksia","https://lestijarvi.fi/en/?s=vanhus","https://lestijarvi.fi/","200","sisäinen haku","vanhus"
"13.8.2026 klo 14.28","Lieksa","keskitaso","viitesivu","1050","Joulupostia ikäihmisille ‑kampanja kutsuu Lieksan asukkaat lähettämään joulukortteja ikääntyneille","https://www.lieksa.fi/joulupostia-ikaihmisille-kampanja-kutsuu-lieksan-asukkaat-lahettamaan-joulukortteja-ikaantyneille/","https://www.lieksa.fi/","200","sivukartta","ikäihmisille; ikaihmisille; ikääntyneille; ikaantyneille"
"13.8.2026 klo 14.28","Lieksa","keskitaso","viitesivu","285","Vanhusneuvosto","https://www.lieksa.fi/kaupunki-ja-hallinto/hallinto-ja-paatoksenteko/lautakunnat-ja-toimielimet/vanhusneuvosto/","https://www.lieksa.fi/","200","syvälinkki","vanhus; ikäihmisille; seniorit; eläkeläiset"
"13.8.2026 klo 14.28","Liminka","keskitaso","viitesivu","720","Ikääntyneet 23.2.2022","https://www.liminka.fi/kunta-ja-hallinto/ohjelmatyoryhmat/hyvinvointityoryhma/ikaantyneet-23-2-2022/?_rt=OXwxfGlrw6TDpG50eW5lZXR8MTc4NjYyMDI3NA&_rt_nonce=2623800944","https://www.liminka.fi/","200","sisäinen haku","ikääntyneet; ikaantyneet; vanhus"
"13.8.2026 klo 14.28","Liminka","korkea","palvelusivu","600","Puistojumppaa ikäihmisille","https://www.liminka.fi/puistojumppaa-ikaihmisille/","https://www.liminka.fi/","200","sivukartta","ikäihmisille; ikaihmisille; vanhus"
"13.8.2026 klo 14.28","Liminka","korkea","palvelusivu","600","Elämyksiä ja seuraa ohjatuissa etäryhmissä – kunnalta uusia maksuttomia palveluja ikäihmisille","https://www.liminka.fi/elamyksia-ja-seuraa-ohjatuissa-etaryhmissa-kunnalta-uusia-maksuttomia-palveluja-ikaihmisille/","https://www.liminka.fi/","200","sivukartta","ikäihmisille; ikaihmisille; vanhus"
"13.8.2026 klo 14.28","Liminka","korkea","palvelusivu","600","Limingassa riittää keväällä tekemistä ikäihmisille","https://www.liminka.fi/limingassa-riittaa-kevaalla-tekemista-ikaihmisille/","https://www.liminka.fi/","200","sivukartta","ikäihmisille; ikaihmisille; vanhus"
"13.8.2026 klo 14.28","Liminka","korkea","palvelusivu","405","Senioreille","https://www.liminka.fi/4656-2/","https://www.liminka.fi/","200","etusivu","senioreille; vanhus"
"13.8.2026 klo 14.28","Lohja","korkea","palvelusivu","850","Informationsmöte för äldre bilister","https://www.lohja.fi/sv/yleinen-sv/informationsmote-for-aldre-bilister/","https://www.lohja.fi/","200","sivukartta","för äldre; for aldre; äldre; aldre"
"13.8.2026 klo 14.28","Loimaa","keskitaso","viitesivu","285","Hakutulokset: vanhus","https://www.loimaa.fi/?s=vanhus","https://www.loimaa.fi/","200","sisäinen haku","vanhus; senioreille"
"13.8.2026 klo 14.28","Loimaa","keskitaso","viitesivu","210","Search Results: vanhus","https://www.loimaa.fi/en/?s=vanhus","https://www.loimaa.fi/","200","sisäinen haku","vanhus"
"13.8.2026 klo 14.28","Loviisa","keskitaso","viitesivu","850","Har du redan bekantat dig med serviceguiden för äldre?","https://www.loviisa.fi/sv/meddelanden/har-du-redan-bekantat-dig-med-serviceguiden-for-aldre/","https://www.loviisa.fi/","200","sivukartta","för äldre; for aldre; äldre; aldre"
"13.8.2026 klo 14.28","Lumijoki","keskitaso","viitesivu","495","VANHUSNEUVOSTO","https://www.lumijoki.fi/sosiaali-ja-terveyspalvelut/ikaihmiset/vanhusneuvosto/","https://www.lumijoki.fi/","200","sivukartta","ikaihmiset; vanhus"
"13.8.2026 klo 14.28","Luumäki","keskitaso","viitesivu","285","Vanhus- ja vammaisneuvosto","https://www.luumaki.fi/fi/kuntainfo/hallinto-ja-paatoksenteko/vanhus-ja-vammaisneuvosto","https://www.luumaki.fi/","200","etusivu","vanhus; vanhuspalvelu; seniorit"
"13.8.2026 klo 14.28","Maalahti","korkea","palvelusivu","405","Gruppverksamhet","https://www.malax.fi/fritid-och-kultur/seniorer/gruppverksamhet/","https://www.malax.fi/","200","sisäinen haku","seniorer; pensionär"
"13.8.2026 klo 14.28","Maalahti","keskitaso","viitesivu","130","Ungdomsgården Sockenstugan","https://www.malax.fi/fritid-och-kultur/barn-unga-och-familjer/ungdomsgarden-sockenstugan/","https://www.malax.fi/","200","sisäinen haku","äldre"
"13.8.2026 klo 14.28","Maalahti","keskitaso","viitesivu","130","Allmän information om Malax","https://www.malax.fi/kommunen/kommunfakta/allman-information-om-malax/","https://www.malax.fi/","200","sisäinen haku","äldre"
"13.8.2026 klo 14.28","Maalahti","keskitaso","viitesivu","130","Årets ungdom 2025","https://www.malax.fi/fritid-och-kultur/foreningar/nomineringar/","https://www.malax.fi/","200","sisäinen haku","äldre"
"13.8.2026 klo 14.28","Maarianhamina","korkea","palvelusivu","720","Information till dig som producerar momsfri privat socialservice för äldre i Mariehamn","https://www.mariehamn.ax/aldre-och-omsorg/momsfri-socialservice/information-dig-producerar-momsfri-privat-socialservice","https://www.mariehamn.ax/fi","200","etusivu","för äldre; äldre; aldre; äldreomsorg"
"13.8.2026 klo 14.28","Maarianhamina","korkea","palvelusivu","720","Kultur för äldre","https://www.mariehamn.ax/aldre-och-omsorg/kultur-aldre","https://www.mariehamn.ax/fi","200","etusivu","för äldre; äldre; aldre; äldreomsorg"
"13.8.2026 klo 14.28","Maarianhamina","keskitaso","viitesivu","720","Väntetider för sociala tjänster för äldre","https://www.mariehamn.ax/aldre-och-omsorg/vantetider-sociala-tjanster-aldre","https://www.mariehamn.ax/fi","200","etusivu","för äldre; äldre; aldre; äldreomsorg"
"13.8.2026 klo 14.28","Maarianhamina","keskitaso","viitesivu","450","Äldre och omsorg","https://www.mariehamn.ax/aldre-och-omsorg","https://www.mariehamn.ax/fi","200","etusivu","äldre; aldre; äldreomsorg; för äldre"
"13.8.2026 klo 14.28","Maarianhamina","keskitaso","viitesivu","440","Boendeservice","https://www.mariehamn.ax/aldre-och-omsorg/boendeservice","https://www.mariehamn.ax/fi","200","etusivu","aldre; äldreomsorg; för äldre; äldre"
"13.8.2026 klo 14.28","Masku","korkea","palvelusivu","570","Vapaita vuokra-asuntoja ikäihmisille","https://masku.fi/vapaita-vuokra-asuntoja-ikaihmisille","https://www.masku.fi/","200","sivukartta","ikäihmisille; ikaihmisille"
"13.8.2026 klo 14.28","Masku","keskitaso","viitesivu","285","Hakutulokset","https://masku.fi/?s=vanhus","https://www.masku.fi/","200","sisäinen haku","vanhus; ikäihmisille"
"13.8.2026 klo 14.28","Masku","keskitaso","viitesivu","285","Maskun kunnan ja Varsinais-Suomen hyvinvointialueen vanhusneuvostot","https://masku.fi/maskun-kunnan-ja-varsinais-suomen-hyvinvointialueen-vanhusneuvostot?_rt=MnwxfHZhbmh1c3wxNzg2NjE4Nzgw&_rt_nonce=a9ce43d901","https://www.masku.fi/","200","sisäinen haku","vanhus; ikääntyneille"
"13.8.2026 klo 14.28","Masku","keskitaso","viitesivu","245","Ikäihmisen Masku","https://masku.fi/ikaihmisen-masku","https://www.masku.fi/","200","etusivu","ikäihmisille; vanhus"
"13.8.2026 klo 14.28","Masku","keskitaso","viitesivu","210","Vanhusneuvosto","https://masku.fi/hallinto-ja-paatoksenteko/osallistu-ja-vaikuta/vaikuttajatoimielimet/vanhusneuvosto?_rt=MXwxfHZhbmh1c3wxNzg2NjE4Nzgw&_rt_nonce=518b9f9ea4","https://www.masku.fi/","200","sisäinen haku","vanhus"
"13.8.2026 klo 14.28","Merijärvi","keskitaso","viitesivu","210","Vanhus- ja vammaisneuvoston pöytäkirja 14.10.2025","https://www.merijarvi.fi/asiakirjat/vanhus-ja-vammaisneuvosto-poytakirjat/vanhus-ja-vammaisneuvoston-poytakirja-14102025","https://www.merijarvi.fi/","200","sisäinen haku","vanhus"
"13.8.2026 klo 14.28","Merijärvi","keskitaso","viitesivu","210","Vanhus- ja vammaisneuvoston pöytäkirja 23.1.2026","https://www.merijarvi.fi/asiakirjat/vanhus-ja-vammaisneuvosto-poytakirjat/vanhus-ja-vammaisneuvoston-poytakirja-2312026","https://www.merijarvi.fi/","200","sisäinen haku","vanhus"
"13.8.2026 klo 14.28","Miehikkälä","keskitaso","viitesivu","285","Vanhusneuvosto - Miehikkälän kunta","https://www.miehikkala.fi/hallinto/valtuustot-ja-neuvostot/vanhusneuvostot/","https://www.miehikkala.fi/","200","etusivu","vanhus; ikääntyneiden palvelut"
"13.8.2026 klo 14.28","Miehikkälä","keskitaso","viitesivu","285","Hakutulokset haulle: vanhus","https://www.miehikkala.fi/?s=vanhus","https://www.miehikkala.fi/","200","sisäinen haku","vanhus; ikääntyneiden palvelut"
"13.8.2026 klo 14.28","Mikkeli","keskitaso","viitesivu","285","Vanhusneuvoston toimintasääntö","https://mikkeli.fi/paatoksenteko/johto-ja-ohjesaannot/vanhusneuvoston-toimintasaanto/","https://mikkeli.fi/","200","sisäinen haku","vanhus; vanhustyö"
"13.8.2026 klo 14.28","Mikkeli","keskitaso","viitesivu","285","Vammaisneuvosto ja vanhusneuvosto järjestävät vaalipaneelin tiistaina 25. maaliskuuta","https://mikkeli.fi/2025/03/21/vammaisneuvosto-ja-vanhusneuvosto-jarjestavat-vaalipaneelin-tiistaina-25-maaliskuuta/","https://mikkeli.fi/","200","sisäinen haku","vanhus; ikääntyneet"
"13.8.2026 klo 14.28","Mikkeli","keskitaso","viitesivu","285","Haku","https://mikkeli.fi/?s=vanhus","https://mikkeli.fi/","200","sisäinen haku","vanhus; vanhustyö"
"13.8.2026 klo 14.28","Mikkeli","keskitaso","viitesivu","285","Vanhusneuvosto","https://mikkeli.fi/paatoksenteko/vanhusneuvosto/","https://mikkeli.fi/","200","sisäinen haku","vanhus; vanhustyö; seniorit"
"13.8.2026 klo 14.28","Muonio","korkea","palvelusivu","405","Käsivarren seniorit","https://www.muonio.fi/vapaa-aika/kylapirtti/kylapirtin-varauskalenteri/kasivarren-seniorit-6.html","https://www.muonio.fi/","200","sivukartta","seniorit; vanhus"
"13.8.2026 klo 14.28","Muonio","keskitaso","viitesivu","285","Vanhus- ja vammaisneuvosto","https://www.muonio.fi/kunta-ja-hallinto/paatoksenteko/vanhus-ja-vammaisneuvosto.html","https://www.muonio.fi/","200","etusivu","vanhus; seniorit"
"13.8.2026 klo 14.28","Mustasaari","keskitaso","viitesivu","415","Pensionär(hem)sföreningar","https://korsholm.fi/valfard/fritidsverksamhet/foreningsverksamhet/pensionarsforeningar","https://korsholm.fi/","200","etusivu","pensionär; pensionar"
"13.8.2026 klo 14.28","Mustasaari","keskitaso","viitesivu","330","Äldrerådet","https://korsholm.fi/2021/11/aldreradet","https://korsholm.fi/","200","sivukartta","äldre; aldre"
"13.8.2026 klo 14.28","Mustasaari","keskitaso","viitesivu","330","De äldres dans med Gun Svenlin","https://korsholm.fi/2023/02/de-aldres-dans-med-gun-svenlin","https://korsholm.fi/","200","sivukartta","äldre; aldre"
"13.8.2026 klo 14.28","Mustasaari","keskitaso","viitesivu","330","Korsholms kommun grundar jubileumsfond för att stöda barns, ungas och äldres välbefinnande","https://korsholm.fi/2023/02/korsholms-kommun-grundar-jubileumsfond-for-att-stoda-barns-ungas-och-aldres-valbefinnande","https://korsholm.fi/","200","sivukartta","äldre; aldre"
"13.8.2026 klo 14.28","Mustasaari","keskitaso","viitesivu","330","Hej, du som är 65 år eller äldre, svara på bibliotekets enkät!","https://korsholm.fi/2023/05/hej-du-som-ar-65-ar-eller-aldre-svara-pa-bibliotekets-enkat","https://korsholm.fi/","200","sivukartta","äldre; aldre"
"13.8.2026 klo 14.28","Mänttä-vilppula","korkea","palvelusivu","600","Hyvinvointityöpaja ikäihmisille | Mänttä-Vilppula","https://manttavilppula.fi/ajankohtaiset/hyvinvointityopaja-ikaihmisille/","https://www.manttavilppula.fi/","200","sivukartta","ikäihmisille; ikaihmisille; ikäihmiset"
"13.8.2026 klo 14.28","Mänttä-vilppula","keskitaso","viitesivu","570","Joulupostia ikäihmisille -kampanja on 3.11.-4.12.25 | Mänttä-Vilppula","https://manttavilppula.fi/ajankohtaiset/joulupostia-ikaihmisille-kampanja-on-3-11-4-12-25/","https://www.manttavilppula.fi/","200","sivukartta","ikäihmisille; ikaihmisille"
"13.8.2026 klo 14.28","Mäntyharju","keskitaso","viitesivu","505","Ilmoittaudu Hyvän Arjen Avaimet -keskusteluryhmään (Ikäihmiset)","https://www.mantyharju.fi/ilmoittaudu-hyvan-arjen-avaimet-keskusteluryhmaan-ikaihmiset/","https://www.mantyharju.fi/","200","sivukartta","ikäihmiset; ikaihmiset"
"13.8.2026 klo 14.28","Nakkila","korkea","palvelusivu","405","Seniorit","https://nakkila.fi/kohdeyleiso/seniorit/","https://nakkila.fi/","200","sivukartta","seniorit; vanhus"
"13.8.2026 klo 14.28","Nakkila","keskitaso","viitesivu","335","Elämää siin Nakkila kirko vaiheil.","https://nakkila.fi/","https://nakkila.fi/","200","polku","vanhus"
"13.8.2026 klo 14.28","Nakkila","keskitaso","viitesivu","335","Elämää siin Nakkila kirko vaiheil.","https://nakkila.fi/","https://nakkila.fi/","200","polku","vanhus"
"13.8.2026 klo 14.28","Nakkila","keskitaso","viitesivu","335","Elämää siin Nakkila kirko vaiheil.","https://nakkila.fi/","https://nakkila.fi/","200","polku","vanhus"
"13.8.2026 klo 14.28","Nakkila","keskitaso","viitesivu","285","Vanhusneuvosto","https://nakkila.fi/paatoksenteko/vaikuttamistoimielimet-ja-seuraparlamentti/vanhusneuvosto/","https://nakkila.fi/","200","etusivu","vanhus; vanhustyö"
"13.8.2026 klo 14.28","Nivala","keskitaso","viitesivu","210","Vanhus- ja vammaisneuvosto","https://www.nivala.fi/kaupunki-ja-hallinto/paatoksenteko/lautakunnat/vanhus-ja-vammaisneuvosto","https://www.nivala.fi/","200","sisäinen haku","vanhus"
"13.8.2026 klo 14.28","Nokia","keskitaso","viitesivu","425","Kuntosali tutuksi- kurssi ikääntyneille tulee taas 18.-28.8.","https://www.nokiankaupunki.fi/tiedotteet/kuntosali-tutuksi-kurssi-18-28-8-2026/","https://www.nokiankaupunki.fi/","200","sisäinen haku","ikääntyneille; ikääntyneet"
"13.8.2026 klo 14.28","Nokia","keskitaso","viitesivu","410","Nokian Eläkeläiset ry","https://www.nokiankaupunki.fi/yhdistykset/nokian-elakelaiset-ry/","https://www.nokiankaupunki.fi/","200","sivukartta","eläkeläiset; elakelaiset; eläkeläinen"
"13.8.2026 klo 14.28","Nokia","korkea","palvelusivu","405","Nokian seniorit ry","https://www.nokiankaupunki.fi/yhdistykset/nokian-seniorit-ry/","https://www.nokiankaupunki.fi/","200","sivukartta","seniorit; senioreille; eläkeläiset"
"13.8.2026 klo 14.28","Nokia","keskitaso","viitesivu","360","Linnavuoren Tehtaiden Eläkeläiset ry","https://www.nokiankaupunki.fi/yhdistykset/linnavuoren-tehtaiden-elakelaiset-ry/","https://www.nokiankaupunki.fi/","200","sivukartta","eläkeläiset; elakelaiset"
"13.8.2026 klo 14.28","Nokia","keskitaso","viitesivu","285","Vanhustenviikko","https://www.nokiankaupunki.fi/vanhustenviikko/","https://www.nokiankaupunki.fi/","200","sisäinen haku","vanhus; ikääntyneet; seniorit; eläkeläiset"
"13.8.2026 klo 14.28","Nousiainen","keskitaso","viitesivu","1050","Joulupostia ikäihmisille -kampanja kutsuu Nousiaisten kunnan asukkaat lähettämään joulukortteja ikääntyneille 3.11.-4.12.","https://nousiainen.fi/tiedote/joulupostia-ikaihmisille-kampanja-kutsuu-nousiaisten-kunnan-asukkaat-lahettamaan-joulukortteja-ikaantyneille-3-11-4-12/","https://nousiainen.fi/","200","sivukartta","ikäihmisille; ikaihmisille; ikääntyneille; ikaantyneille"
"13.8.2026 klo 14.28","Nousiainen","keskitaso","viitesivu","600","Joulupostia ikäihmisille -kampanja keräsi 173 joulukorttia Nousiaisissa!","https://nousiainen.fi/tiedote/joulupostia-ikaihmisille-kampanja-kerasi-173-joulukorttia-nousiaisissa/","https://nousiainen.fi/","200","sivukartta","ikäihmisille; ikaihmisille; ikääntyneille"
"13.8.2026 klo 14.28","Nurmes","keskitaso","viitesivu","210","Tulokset haulle: ”vanhus”","https://www.nurmes.fi/?s=vanhus","https://www.nurmes.fi/","200","sisäinen haku","vanhus"
"13.8.2026 klo 14.28","Närpiö","korkea","palvelusivu","405","Aktivitetsdag för seniorer torsdag 19.9 kl 10-13","https://www.narpes.fi/aktivitetsdag-for-seniorer-torsdag-19-9-kl-10-13/","https://www.narpes.fi/","200","sivukartta","seniorer; för äldre; äldre; pensionärer; pensionär"
"13.8.2026 klo 14.28","Oripää","korkea","palvelusivu","1020","Varhan vanhustenhuollon palvelut","https://oripaa.fi/asukkaalle/hyvinvointi/varsinais-suomen-hyvinvointialue/vanhuspalvelut/","https://oripaa.fi/","200","sivukartta","vanhuspalvelut; vanhuspalvelu; vanhus; ikääntyneille"
"13.8.2026 klo 14.28","Oripää","korkea","palvelusivu","990","Varhan vanhustenhuollon palvelut","https://oripaa.fi/asukkaalle/hyvinvointi/varsinais-suomen-hyvinvointialue/vanhuspalvelut/","https://oripaa.fi/","200","polku","vanhuspalvelut; vanhuspalvelu; vanhus; ikääntyneille"
"13.8.2026 klo 14.28","Oripää","korkea","palvelusivu","990","Varhan vanhustenhuollon palvelut","https://oripaa.fi/asukkaalle/hyvinvointi/varsinais-suomen-hyvinvointialue/vanhuspalvelut/","https://oripaa.fi/","200","polku","vanhuspalvelut; vanhuspalvelu; vanhus; ikääntyneille"
"13.8.2026 klo 14.28","Oripää","keskitaso","viitesivu","210","Oripään vanhus- ja vammaisneuvosto","https://oripaa.fi/asukkaalle/hyvinvointi/oripaan-vanhusneuvosto/","https://oripaa.fi/","200","etusivu","vanhus"
"13.8.2026 klo 14.28","Orivesi","korkea","palvelusivu","345","Orivesi lähestyy retkeilyä innovatiivisesti – Eräpyhän minipyhiinvaellus ja virtuaalinen melonta Kopsamo–Purnulla tuovat luontoelämyksiä myös liikuntarajoitteis","https://orivesi.fi/2023/05/26/orivesi-lahestyy-retkeilya-innovatiivisesti-erapyhan-minipyhiinvaellus-ja-virtuaalinen-melonta-kopsamo-purnulla-tuovat-luontoelamyksia-myos-liikuntarajoitteisille-ja-ikaihmisille/","https://orivesi.fi/","200","sisäinen haku","ikaihmisille; ikäihmiset; ikäihmisille"
"13.8.2026 klo 14.28","Orivesi","keskitaso","viitesivu","285","Vanhusneuvosto","https://orivesi.fi/kaupunkimme/paatoksenteko/luottamuselimet/jaostot-neuvostot-ja-toimikunnat/vanhusneuvosto/","https://orivesi.fi/","200","sisäinen haku","vanhus; vanhuspalvelu; seniorit; eläkeläiset"
"13.8.2026 klo 14.28","Orivesi","keskitaso","viitesivu","210","Haku","https://orivesi.fi/?s=vanhus","https://orivesi.fi/","200","sisäinen haku","vanhus"
"13.8.2026 klo 14.28","Orivesi","keskitaso","viitesivu","195","Helppo tulla, oivallista olla.","https://orivesi.fi/","https://orivesi.fi/","200","sisäinen haku","ikäihmisille; senioreille"
"13.8.2026 klo 14.28","Oulainen","keskitaso","viitesivu","210","Vammais- ja vanhusneuvostot","https://www.oulainen.fi/vammais-ja-vanhusneuvostot","https://www.oulainen.fi/","200","etusivu","vanhus"
"13.8.2026 klo 14.28","Oulu","korkea","palvelusivu","720","Ikääntyneet","https://www.ouka.fi/ikaantyneet","https://www.ouka.fi/","200","etusivu","ikääntyneet; ikaantyneet; vanhustyö; ikäihmisille; ikääntyneille; vanhus"
"13.8.2026 klo 14.28","Oulu","korkea","palvelusivu","370","Lyseon seniorit","https://www.ouka.fi/oulun-lyseo/lyseon-seniorit","https://www.ouka.fi/","200","sivukartta","seniorit"
"13.8.2026 klo 14.28","Oulu","korkea","palvelusivu","370","Oulun yhteislyseon Seniorit ry","https://www.ouka.fi/osyk/oulun-yhteislyseon-seniorit-ry","https://www.ouka.fi/","200","sivukartta","seniorit"
"13.8.2026 klo 14.28","Oulu","matala","viitesivu","120","Virkeästi arjessa","https://www.ouka.fi/virkeasti-arjessa","https://www.ouka.fi/","200","syvälinkki",""
"13.8.2026 klo 14.28","Paltamo","keskitaso","viitesivu","210","Elinvoimaa elintavoilla -hanke","https://www.paltamo.fi/hyvinvointi-ja-terveys/elinvoimaa-elintavoilla-hanke.html","https://www.paltamo.fi/","200","syvälinkki","ikäihmisille"
"13.8.2026 klo 14.28","Parainen","korkea","palvelusivu","405","Navigaatio","https://www.pargas.fi/-/r%C3%A5dgivningsbilen-f%C3%B6r-seniorer-i-pargas","https://www.pargas.fi/","200","sivukartta","seniorer; seniorit"
"13.8.2026 klo 14.28","Parainen","korkea","palvelusivu","405","Navigaatio","https://www.pargas.fi/fi/-/r%C3%A5dgivningsbilen-f%C3%B6r-seniorer-i-pargas","https://www.pargas.fi/","200","sivukartta","seniorer; seniorit; senioreille"
"13.8.2026 klo 14.28","Parainen","keskitaso","viitesivu","350","Navigaatio","https://www.pargas.fi/aldreradets-protokoll?inheritRedirect=true","https://www.pargas.fi/","200","sisäinen haku","aldre; seniorit; seniorer; för äldre; äldre"
"13.8.2026 klo 14.28","Parainen","keskitaso","viitesivu","335","Navigaatio","https://www.pargas.fi/sokresultat?p_p_id=com_liferay_portal_search_web_search_results_portlet_SearchResultsPortlet_INSTANCE_VashVfygFhQL&p_p_lifecycle=0&p_p_state=maximized&p_p_mode=view&_com_liferay_portal_search_web_search_results_portlet_SearchResultsPortlet_INSTANCE_VashVfygFhQL_mvcPath=%2Fview_content.jsp&_com_liferay_portal_search_web_search_results_portlet_SearchResultsPortlet_INSTANCE_VashVfygFhQL_redirect=%2Fsokresultat%3Fq%3Dvanhus&_com_liferay_portal_search_web_search_results_portlet_SearchResultsPortlet_INSTANCE_VashVfygFhQL_assetEntryId=1233118&_com_liferay_portal_search_web_search_results_portlet_SearchResultsPortlet_INSTANCE_VashVfygFhQL_type=document","https://www.pargas.fi/","200","sisäinen haku","vanhus; seniorit; seniorer; äldre"
"13.8.2026 klo 14.28","Parainen","keskitaso","viitesivu","310","Navigaatio","https://www.pargas.fi/sokresultat?p_p_id=com_liferay_portal_search_web_search_results_portlet_SearchResultsPortlet_INSTANCE_VashVfygFhQL&p_p_lifecycle=0&p_p_state=maximized&p_p_mode=view&_com_liferay_portal_search_web_search_results_portlet_SearchResultsPortlet_INSTANCE_VashVfygFhQL_mvcPath=%2Fview_content.jsp&_com_liferay_portal_search_web_search_results_portlet_SearchResultsPortlet_INSTANCE_VashVfygFhQL_redirect=%2Fsokresultat%3Fq%3D%25C3%25A4ldre&_com_liferay_portal_search_web_search_results_portlet_SearchResultsPortlet_INSTANCE_VashVfygFhQL_assetEntryId=162238&_com_liferay_portal_search_web_search_results_portlet_SearchResultsPortlet_INSTANCE_VashVfygFhQL_type=content&inheritRedirect=true","https://www.pargas.fi/","200","sisäinen haku","seniorit; äldreomsorg; seniorer; äldre"
"13.8.2026 klo 14.28","Parikkala","korkea","palvelusivu","695","IKÄÄNTYNEET","https://parikkala.fi/ikaantyneet/","https://parikkala.fi/","200","etusivu","ikääntyneet; ikaantyneet"
"13.8.2026 klo 14.28","Parkano","keskitaso","viitesivu","210","Haku","https://parkano.fi/?s=vanhus","https://www.parkano.fi/","200","sisäinen haku","vanhus"
"13.8.2026 klo 14.28","Parkano","keskitaso","viitesivu","210","Search","https://parkano.fi/en/?s=vanhus","https://www.parkano.fi/","200","sisäinen haku","vanhus"
"13.8.2026 klo 14.28","Pedersören","korkea","palvelusivu","405","Seniorer","https://www.pedersore.fi/sv/valfard/seniorer/","https://www.pedersore.fi/","200","syvälinkki","seniorer; för äldre; äldre; pensionär"
"13.8.2026 klo 14.28","Pedersören","korkea","palvelusivu","370","Promenadbingo för seniorer i maj","https://www.pedersore.fi/sv/aktuellt/promenadbingo-foer-seniorer-i-maj/","https://www.pedersore.fi/","200","syvälinkki","seniorer"
"13.8.2026 klo 14.28","Pedersören","korkea","palvelusivu","370","Seniorernas kulturklubb startar","https://www.pedersore.fi/sv/aktuellt/seniorernas-kulturklubb-startar/","https://www.pedersore.fi/","200","syvälinkki","seniorer"
"13.8.2026 klo 14.28","Pedersören","korkea","palvelusivu","370","Pedersöre pilotkommun för välbefinnanderemiss för seniorer","https://www.pedersore.fi/sv/aktuellt/pedersoere-pilotkommun-foer-vaelbefinnanderemiss-foer-seniorer/","https://www.pedersore.fi/","200","syvälinkki","seniorer"
"13.8.2026 klo 14.28","Pedersören","korkea","palvelusivu","370","Camilla vägleder seniorer till bättre hälsa","https://www.pedersore.fi/sv/aktuellt/camilla-vaegleder-seniorer-till-baettre-haelsa/","https://www.pedersore.fi/","200","syvälinkki","seniorer"
"13.8.2026 klo 14.28","Pelkosenniemi","keskitaso","viitesivu","285","Vanhustenviikko Pelkosenniemellä","https://pelkosenniemi.fi/vanhustenviikko-pelkosenniemella/","https://pelkosenniemi.fi/","200","sisäinen haku","vanhus; vanhustyö"
"13.8.2026 klo 14.28","Pelkosenniemi","keskitaso","viitesivu","210","Hakutulokset: vanhus","https://pelkosenniemi.fi/?s=vanhus","https://pelkosenniemi.fi/","200","sisäinen haku","vanhus"
"13.8.2026 klo 14.28","Pelkosenniemi","keskitaso","viitesivu","210","Mitään ei löytynyt","https://pelkosenniemi.fi/en/?s=vanhus","https://pelkosenniemi.fi/","200","sisäinen haku","vanhus"
"13.8.2026 klo 14.28","Pelkosenniemi","keskitaso","viitesivu","210","Hakutulokset: vanhus","https://pelkosenniemi.fi/page/2/?s=vanhus","https://pelkosenniemi.fi/","200","sisäinen haku","vanhus"
"13.8.2026 klo 14.28","Perho","keskitaso","viitesivu","210","Hakutulokset haulle: vanhus","https://perho.com/?s=vanhus","https://perho.com/","200","sisäinen haku","vanhus"
"13.8.2026 klo 14.28","Petäjävesi","korkea","palvelusivu","495","Senioreille","https://www.petajavesi.fi/vapaa-aika-ja-hyvinvointi/senioreille/","https://www.petajavesi.fi/","200","polku","senioreille; ikääntyneiden palvelut; vanhustyö; seniorineuvonta; seniorit; vanhus"
"13.8.2026 klo 14.28","Petäjävesi","korkea","palvelusivu","405","Senioreille","https://www.petajavesi.fi/vapaa-aika-ja-hyvinvointi/senioreille/","https://www.petajavesi.fi/","200","sivukartta","senioreille; ikääntyneiden palvelut; vanhustyö; seniorineuvonta; seniorit; vanhus"
"13.8.2026 klo 14.28","Petäjävesi","korkea","palvelusivu","405","Senioreille","https://www.petajavesi.fi/vapaa-aika-ja-hyvinvointi/senioreille/?_rt=MnwxfHZhbmh1c3wxNzg2NjIwMzI5&_rt_nonce=35eb397fed","https://www.petajavesi.fi/","200","sisäinen haku","senioreille; ikääntyneiden palvelut; vanhustyö; seniorineuvonta; seniorit; vanhus"
"13.8.2026 klo 14.28","Petäjävesi","korkea","palvelusivu","405","Senioreille","https://www.petajavesi.fi/vapaa-aika-ja-hyvinvointi/senioreille/?_rt=MXwxfHNlbmlvcml8MTc4NjYyMDMyOQ&_rt_nonce=35eb397fed","https://www.petajavesi.fi/","200","sisäinen haku","senioreille; ikääntyneiden palvelut; vanhustyö; seniorineuvonta; seniorit; vanhus"
"13.8.2026 klo 14.28","Petäjävesi","keskitaso","viitesivu","285","Hakutulokset","https://www.petajavesi.fi/?s=vanhus","https://www.petajavesi.fi/","200","sisäinen haku","vanhus; senioreille"
"13.8.2026 klo 14.28","Pieksämäki","korkea","palvelusivu","555","Ikäihmisten palvelut","https://www.pieksamaki.fi/terveys-ja-hyvinvointi/ikaneuvola/","https://www.pieksamaki.fi/","200","syvälinkki","ikäihmisten palvelut; ikääntyneille"
"13.8.2026 klo 14.28","Pieksämäki","korkea","palvelusivu","405","Seniorit","https://www.pieksamaki.fi/seniorit/","https://www.pieksamaki.fi/","200","etusivu","seniorit; vanhus"
"13.8.2026 klo 14.28","Pielavesi","keskitaso","viitesivu","210","Haku","https://pielavesi.fi/?s=vanhus","https://pielavesi.fi/","200","sisäinen haku","vanhus"
"13.8.2026 klo 14.28","Pielavesi","keskitaso","viitesivu","210","Search","https://pielavesi.fi/en/?s=vanhus","https://pielavesi.fi/","200","sisäinen haku","vanhus"
"13.8.2026 klo 14.28","Pielavesi","keskitaso","viitesivu","210","Pyyntö edustajien nimeämisestä Pielaveden kunnan vanhus- ja vammaisneuvostoon","https://pielavesi.fi/pyynto-edustajien-nimeamisesta-pielaveden-kunnan-vanhus-ja-vammaisneuvostoon/?_rt=MnwxfHZhbmh1c3wxNzg2NjE4ODY0&_rt_nonce=232dd097fd","https://pielavesi.fi/","200","sisäinen haku","vanhus"
"13.8.2026 klo 14.28","Pielavesi","keskitaso","viitesivu","210","Haku","https://pielavesi.fi/page/2/?s=vanhus","https://pielavesi.fi/","200","sisäinen haku","vanhus"
"13.8.2026 klo 14.28","Pietarsaari","korkea","palvelusivu","405","Jakobstad","https://jakobstad.fi/invanare/framjande-av-valfard-och-halsa/valfarstjanster-for-seniorer","https://jakobstad.fi/","200","etusivu","seniorer; äldre; pensionär"
"13.8.2026 klo 14.28","Pietarsaari","keskitaso","viitesivu","350","Jakobstad","https://jakobstad.fi/boende-och-miljo/boende/invanargrupper/de-aldre","https://jakobstad.fi/","200","etusivu","aldre; seniorit; äldreomsorg; seniorer; för äldre; äldre; pensionärer; pensionär"
"13.8.2026 klo 14.28","Pietarsaari","keskitaso","viitesivu","315","Jakobstad","https://jakobstad.fi/group/regering-och-rad/pensionarsklubben-milstolpen-r-f","https://jakobstad.fi/","200","sivukartta","pensionar; seniorit; eläkeläiset; seniorer; äldre; pensionär"
"13.8.2026 klo 14.28","Pietarsaari","keskitaso","viitesivu","250","Jakobstad","https://jakobstad.fi/?phrase=vanhus","https://jakobstad.fi/","200","sisäinen haku","vanhus; seniorer"
"13.8.2026 klo 14.28","Pihtipudas","korkea","palvelusivu","405","Tietoa, neuvontaa ja ohjausta senioreille yhdestä numerosta Keski-​Suomessa 2.1.2026 alkaen","https://pihtipudas.fi/tietoa-neuvontaa-ja-ohjausta-senioreille-yhdesta-numerosta-keski-suomessa-2-1-2026-alkaen/","https://pihtipudas.fi/","200","sivukartta","senioreille; seniorineuvonta"
"13.8.2026 klo 14.28","Pihtipudas","keskitaso","viitesivu","285","Vanhustenviikkoa juhlistetaan myös Pihtiputaalla 6.–12.10.2025!","https://pihtipudas.fi/vanhustenviikkoa-juhlistetaan-myos-pihtiputaalla-6-12-10-2025/","https://pihtipudas.fi/","200","sisäinen haku","vanhus; seniorityö; ikäihmisille; seniorit"
"13.8.2026 klo 14.28","Pihtipudas","keskitaso","viitesivu","285","Vanhustenviikko 7.-13.10.2024","https://pihtipudas.fi/vanhustenviikko-7-13-10-2024/","https://pihtipudas.fi/","200","sisäinen haku","vanhus; senioreille"
"13.8.2026 klo 14.28","Pihtipudas","keskitaso","viitesivu","210","Vanhusneuvosto - Pihtiputaan kunta","https://pihtipudas.fi/pihtiputaan-kunta/paatoksenteko-ja-organisaatio/vaikuttajatoimielimet/vanhusneuvosto/","https://pihtipudas.fi/","200","sisäinen haku","vanhus"
"13.8.2026 klo 14.28","Pirkkala","korkea","palvelusivu","625","Hyvinvointia elintavoilla ikääntyneet","https://www.pirkkala.fi/kehita-pirkkalaa/hyvinvoinnin-edistaminen/hyvinvointia-elintavoilla-ikaantyneet/","https://www.pirkkala.fi/","200","sivukartta","ikääntyneet; ikaantyneet; ikäihmisille"
"13.8.2026 klo 14.28","Pirkkala","korkea","palvelusivu","600","Liikkuminen – ikääntyneet","https://www.pirkkala.fi/kehita-pirkkalaa/hyvinvoinnin-edistaminen/hyvinvointia-elintavoilla-ikaantyneet/liikkuminen-ikaantyneet/","https://www.pirkkala.fi/","200","sivukartta","ikääntyneet; ikaantyneet"
"13.8.2026 klo 14.28","Pirkkala","korkea","palvelusivu","600","Syöminen – ikääntyneet","https://www.pirkkala.fi/kehita-pirkkalaa/hyvinvoinnin-edistaminen/hyvinvointia-elintavoilla-ikaantyneet/syominen-ikaantyneet/","https://www.pirkkala.fi/","200","sivukartta","ikääntyneet; ikaantyneet"
"13.8.2026 klo 14.28","Pirkkala","korkea","palvelusivu","600","Terveysneuvonta ja ohjaus – ikääntyneet","https://www.pirkkala.fi/kehita-pirkkalaa/hyvinvoinnin-edistaminen/hyvinvointia-elintavoilla-ikaantyneet/terveysneuvonta-ja-ohjaus-ikaantyneet/","https://www.pirkkala.fi/","200","sivukartta","ikääntyneet; ikaantyneet"
"13.8.2026 klo 14.28","Pirkkala","korkea","palvelusivu","600","Mielen hyvinvointi – ikääntyneet","https://www.pirkkala.fi/kehita-pirkkalaa/hyvinvoinnin-edistaminen/hyvinvointia-elintavoilla-ikaantyneet/hyvinvointia-muuhun-arkeen-ikaantyneet/mielen-hyvinvointi-ikaantyneet/","https://www.pirkkala.fi/","200","sivukartta","ikääntyneet; ikaantyneet"
"13.8.2026 klo 14.28","Polvijärvi","keskitaso","viitesivu","210","Vanhus- ja vammaisneuvosto","https://www.polvijarvi.fi/vanhus-ja-vammaisneuvosto","https://www.polvijarvi.fi/","200","syvälinkki","vanhus"
"13.8.2026 klo 14.28","Pomarkku","keskitaso","viitesivu","600","Joulupostia ikäihmisille","https://www.pomarkku.fi/joulupostia-ikaihmisille/","https://www.pomarkku.fi/","200","sivukartta","ikäihmisille; ikaihmisille; ikääntyneille"
"13.8.2026 klo 14.28","Pomarkku","keskitaso","viitesivu","285","Haku","https://www.pomarkku.fi/?s=vanhus","https://www.pomarkku.fi/","200","sisäinen haku","vanhus; vanhustyö; senioreille"
"13.8.2026 klo 14.28","Pomarkku","keskitaso","viitesivu","285","Haku","https://www.pomarkku.fi/?s=vanhus&post_type=page","https://www.pomarkku.fi/","200","sisäinen haku","vanhus; vanhustyö; senioreille"
"13.8.2026 klo 14.28","Pomarkku","keskitaso","viitesivu","210","Haku","https://www.pomarkku.fi/?s=vanhus&post_type=post","https://www.pomarkku.fi/","200","sisäinen haku","vanhus"
"13.8.2026 klo 14.28","Pomarkku","keskitaso","viitesivu","210","Keräämme vinkkejä ja toiveita – vaikuta vanhus- ja vammaisneuvoston toimintaan","https://www.pomarkku.fi/keraamme-vinkkeja-ja-toiveita-vaikuta-vanhus-ja-vammaisneuvoston-toimintaan/","https://www.pomarkku.fi/","200","sisäinen haku","vanhus"
"13.8.2026 klo 14.28","Pori","keskitaso","viitesivu","600","Ikäihmisille turvallinen ja esteetön asuminen -hanke","https://www.pori.fi/kaupunki-ja-hallinto/hankkeet-ja-verkostot/hankkeet/ikaihmisille-turvallinen-ja-esteeton-asuminen-hanke/","https://www.pori.fi/","200","sivukartta","ikäihmisille; ikaihmisille; ikäystävällinen"
"13.8.2026 klo 14.28","Pori","keskitaso","viitesivu","500","Ikäystävällinen Pori -hanke","https://www.pori.fi/kaupunki-ja-hallinto/hankkeet-ja-verkostot/hankkeet/ikaystavallinen-pori-hanke/","https://www.pori.fi/","200","sivukartta","ikäystävällinen; ikaystavallinen; ikäihmisille"
"13.8.2026 klo 14.28","Pori","keskitaso","viitesivu","370","Senioritori 16.1.2026","https://www.pori.fi/kaupunki-ja-hallinto/paatoksenteko/toimielimet/vaikuttamistoimielimet/seniorineuvosto/senioritori-16-1-2026/","https://www.pori.fi/","200","sivukartta","seniorit"
"13.8.2026 klo 14.28","Pori","keskitaso","viitesivu","280","Hae","https://www.pori.fi/?s=vanhus","https://www.pori.fi/","200","sisäinen haku","vanhus; ikäystävällinen"
"13.8.2026 klo 14.28","Pori","keskitaso","viitesivu","210","Search","https://www.pori.fi/en/?s=vanhus","https://www.pori.fi/","200","sisäinen haku","vanhus"
"13.8.2026 klo 14.28","Porvoo","korkea","palvelusivu","570","Kursseja ikäihmisille","https://www.porvoo.fi/kulttuuri-ja-vapaa-aika/kansalaisopisto/kansalaisopiston-kursseja-ikaihmisille/","https://www.porvoo.fi/","200","sivukartta","ikäihmisille; ikaihmisille"
"13.8.2026 klo 14.28","Porvoo","korkea","palvelusivu","370","Seniorernas välmående","https://www.porvoo.fi/sv/valmaende-och-sakerhet/seniorernas-valmaende/","https://www.porvoo.fi/","200","sivukartta","seniorer"
"13.8.2026 klo 14.28","Porvoo","keskitaso","viitesivu","330","Äldreveckans program","https://www.porvoo.fi/sv/forvaltning-och-delaktighet/delta-och-paverka/rad/seniorradet/aldreveckan/","https://www.porvoo.fi/","200","sivukartta","äldre; aldre"
"13.8.2026 klo 14.28","Porvoo","keskitaso","viitesivu","200","Senioreiden hyvinvointi","https://www.porvoo.fi/hyvinvointi-ja-turvallisuus/senioreiden-hyvinvointi/","https://www.porvoo.fi/","200","syvälinkki","senioreille"
"13.8.2026 klo 14.28","Pudasjärvi","korkea","palvelusivu","645","Pudasjärven seniorisivut","https://www.pudasjarvi.fi/asuminen-ja-ymparisto/seniorit/","https://www.pudasjarvi.fi/","200","etusivu","seniorit; seniorisivut; ikäihmisille; vanhus"
"13.8.2026 klo 14.28","Pudasjärvi","korkea","palvelusivu","405","Ikäihmisten terveys ja hyvinvointi","https://www.pudasjarvi.fi/asuminen-ja-ymparisto/seniorit/terveys-ja-hyvinvointi/","https://www.pudasjarvi.fi/","200","sivukartta","seniorit; vanhus"
"13.8.2026 klo 14.28","Pudasjärvi","korkea","palvelusivu","405","Ikäihmisten asuminen","https://www.pudasjarvi.fi/asuminen-ja-ymparisto/seniorit/ikaihmisten-asumispalvelut/","https://www.pudasjarvi.fi/","200","sivukartta","seniorit; vanhus"
"13.8.2026 klo 14.28","Pudasjärvi","korkea","palvelusivu","405","Lupsakkaa joutoaikaa","https://www.pudasjarvi.fi/asuminen-ja-ymparisto/seniorit/lupsakka-joutoaikaa/","https://www.pudasjarvi.fi/","200","sivukartta","seniorit; vanhus"
"13.8.2026 klo 14.28","Punkalaidun","matala","viitesivu","75","Evästeasetukset","https://www.punkalaidun.fi/yhteystiedot/index.tmpl?sivu_id=10466","https://www.punkalaidun.fi/","200","etusivu",""
"13.8.2026 klo 14.28","Punkalaidun","matala","viitesivu","75","Evästeasetukset","https://www.punkalaidun.fi/materiaali/index.tmpl?sivu_id=12665","https://www.punkalaidun.fi/","200","etusivu",""
"13.8.2026 klo 14.28","Puolanka","korkea","palvelusivu","370","Vesijumppa senioreille alkaa 3.9 Mäntykodissa.","https://puolanka.fi/vesijumppa-senioreille-alkaa-3-9-mantykodissa/","https://puolanka.fi/","200","sivukartta","senioreille"
"13.8.2026 klo 14.28","Puolanka","keskitaso","viitesivu","285","Hakutulokset","https://puolanka.fi/?s=vanhus","https://puolanka.fi/","200","sisäinen haku","vanhus; ikääntyneille"
"13.8.2026 klo 14.28","Puolanka","keskitaso","viitesivu","210","Vammais- ja vanhusneuvosto","https://puolanka.fi/hallinto/toimielimet/vammais-ja-vanhusneuvosto/","https://puolanka.fi/","200","sisäinen haku","vanhus"
"13.8.2026 klo 14.28","Puolanka","keskitaso","viitesivu","210","Valtakunnallinen vanhustenviikko 6.-13.10.2024","https://puolanka.fi/valtakunnallinen-vanhustenviikko-6-13-10-2024/","https://puolanka.fi/","200","sisäinen haku","vanhus"
"13.8.2026 klo 14.28","Puumala","keskitaso","viitesivu","285","Hakutulokset haulle: vanhus","https://puumala.fi/?s=vanhus","https://puumala.fi/","200","sisäinen haku","vanhus; seniorit"
"13.8.2026 klo 14.28","Puumala","keskitaso","viitesivu","210","Ei hakutuloksia","https://puumala.fi/en/?s=vanhus","https://puumala.fi/","200","sisäinen haku","vanhus"
"13.8.2026 klo 14.28","Puumala","keskitaso","viitesivu","210","Ei hakutuloksia","https://puumala.fi/ru/?s=vanhus","https://puumala.fi/","200","sisäinen haku","vanhus"
"13.8.2026 klo 14.28","Pyhäjärvi","keskitaso","viitesivu","285","Vanhusneuvosto","https://www.pyhajarvi.fi/fi/vanhusneuvosto","https://www.pyhajarvi.fi/","200","etusivu","vanhus; ikäihmisten palvelut; vanhustyö; seniorit; eläkeläiset"
"13.8.2026 klo 14.28","Pälkäne","keskitaso","viitesivu","210","Hakutulokset","https://www.palkane.fi/?s=vanhus","https://www.palkane.fi/","200","sisäinen haku","vanhus"
"13.8.2026 klo 14.28","Pälkäne","keskitaso","viitesivu","210","Pyyntö vammais-, potilas- ja vanhusjärjestöille","https://www.palkane.fi/pyynto-vammais-potilas-ja-vanhusjarjestoille/?_rt=MXwxfHZhbmh1c3wxNzg2NjIwMzU4&_rt_nonce=bc0e1c847b","https://www.palkane.fi/","200","sisäinen haku","vanhus"
"13.8.2026 klo 14.28","Pöytyä","korkea","palvelusivu","1035","Vanhustyö | Pöytyän kunta","https://www.poytya.fi/voi-hyvin/vanhustyo/","https://www.poytya.fi/","200","etusivu","vanhustyö; vanhustyo; vanhus"
"13.8.2026 klo 14.28","Raasepori","keskitaso","viitesivu","850","Välfärdsområdet informerar: Svara på enkäten om färdtjänst för äldre och personer med funktionsnedsättning","https://www.raseborg.fi/artiklar/okategoriserade-sv/valfardsomradet-informerar-svara-pa-enkaten-om-fardtjanst-for-aldre-och-personer-med-funktionsnedsattning/","https://www.raseborg.fi/","200","sivukartta","för äldre; for aldre; äldre; aldre; seniorer"
"13.8.2026 klo 14.28","Raasepori","keskitaso","viitesivu","645","Kysely vanhuspalvelujen laadusta ja riittävyydestä joulukuussa 2021","https://www.raseborg.fi/fi/artikkelit/uncategorized/kysely-vanhuspalvelujen-laadusta-ja-riittavyydesta-joulukuussa-2021/","https://www.raseborg.fi/","200","sivukartta","vanhuspalvelu; vanhus; seniorit"
"13.8.2026 klo 14.28","Raasepori","korkea","palvelusivu","370","Seniorer","https://www.raseborg.fi/seniorer/","https://www.raseborg.fi/","200","etusivu","seniorer"
"13.8.2026 klo 14.28","Raasepori","korkea","palvelusivu","370","Voimaa vanhuuteen","https://www.raseborg.fi/fi/seniorit/voimaa-vanhuuteen/","https://www.raseborg.fi/","200","sivukartta","seniorit"
"13.8.2026 klo 14.28","Raasepori","korkea","palvelusivu","370","Seniorit","https://www.raseborg.fi/fi/seniorit/","https://www.raseborg.fi/","200","sivukartta","seniorit"
"13.8.2026 klo 14.28","Raisio","korkea","palvelusivu","600","Ikäihmiset","https://raisio.fi/fi/kulttuuri-ja-vapaa-aika/kirjasto/kirjaston-palvelut/ikaihmiset","https://raisio.fi/","200","sivukartta","ikäihmiset; ikaihmiset"
"13.8.2026 klo 14.28","Raisio","korkea","palvelusivu","600","Jaetaan yhdessä jouluiloa – lähetä joulukortti ikäihmisille!","https://raisio.fi/fi/jaetaan-yhdessa-jouluiloa-laheta-joulukortti-ikaihmisille","https://raisio.fi/","200","sivukartta","ikäihmisille; ikaihmisille; ikäihmiset"
"13.8.2026 klo 14.28","Raisio","korkea","palvelusivu","405","Senioritiistain Kulttuurikurkistus","https://raisio.fi/fi/senioritiistain-kulttuurikurkistus","https://raisio.fi/","200","sivukartta","seniorit; ikäihmiset; ikäihmisille"
"13.8.2026 klo 14.28","Raisio","keskitaso","viitesivu","245","Vireänä kaiken ikää","https://raisio.fi/fi/vireana-kaiken-ikaa","https://raisio.fi/","200","etusivu","ikääntyneiden palvelut; ikäihmiset; ikäihmisille; vanhus"
"13.8.2026 klo 14.28","Ranua","korkea","palvelusivu","460","Senioreille","https://ranua.fi/senioreille/","https://www.ranua.fi/","200","polku","senioreille"
"13.8.2026 klo 14.28","Ranua","keskitaso","viitesivu","210","Hait kohdetta vanhus. - Ranua","https://ranua.fi/?s=vanhus","https://www.ranua.fi/","200","sisäinen haku","vanhus"
"13.8.2026 klo 14.28","Ranua","keskitaso","viitesivu","210","Hait kohdetta vanhus. - Ranua","https://ranua.fi/en/?s=vanhus","https://www.ranua.fi/","200","sisäinen haku","vanhus"
"13.8.2026 klo 14.28","Rautalampi","keskitaso","viitesivu","285","Vanhus- ja vammaisneuvosto","https://www.rautalampi.fi/paatoksenteko/toimikunnat/vanhus-ja-vammaisneuvosto/","https://www.rautalampi.fi/","200","etusivu","vanhus; ikääntyneille; eläkeläiset"
"13.8.2026 klo 14.28","Rautavaara","keskitaso","viitesivu","245","Kaikukortti täyttää 10 vuotta! Kortti on käytössä myös Rautavaaralla","https://www.rautavaara.fi/kaikukortti-tayttaa-10-vuotta-kortti-on-kaytossa-myos-rautavaaralla/","https://www.rautavaara.fi/","200","sisäinen haku","ikäihmiset; vanhus"
"13.8.2026 klo 14.28","Rautavaara","keskitaso","viitesivu","245","Rautavaara viettää hyvinvointiviikkoa 18.–24.5. – katso tästä ohjelma","https://www.rautavaara.fi/rautavaara-viettaa-hyvinvointiviikkoa-18-24-5-katso-tasta-ohjelma/","https://www.rautavaara.fi/","200","sisäinen haku","ikääntyneet; vanhus"
"13.8.2026 klo 14.28","Rautavaara","keskitaso","viitesivu","210","Vanhus- ja vammaisneuvosto","https://www.rautavaara.fi/asukkaille/kuntani-rautavaara/osallisuus-ja-vaikuttaminen/vanhus-ja-vammaisneuvosto/","https://www.rautavaara.fi/","200","syvälinkki","vanhus"
"13.8.2026 klo 14.28","Rautavaara","keskitaso","viitesivu","210","Hakutulokset haulle: vanhus","https://www.rautavaara.fi/?s=vanhus","https://www.rautavaara.fi/","200","sisäinen haku","vanhus"
"13.8.2026 klo 14.28","Rautavaara","keskitaso","viitesivu","210","Search results for: vanhus","https://www.rautavaara.fi/en/?s=vanhus","https://www.rautavaara.fi/","200","sisäinen haku","vanhus"
"13.8.2026 klo 14.28","Reisjärvi","keskitaso","viitesivu","265","Vanhus- ja vammaisneuvosto","https://www.reisjarvi.fi/vanhus-ja-vammaisneuvosto","https://www.reisjarvi.fi/","200","etusivu","vanhus; eläkeläiset"
"13.8.2026 klo 14.28","Rovaniemi","keskitaso","viitesivu","285","Onni kasvaa yhteisössä- Vanhustenviikko Rovaniemellä","https://www.rovaniemi.fi/Palvelut-sinulle/Ikaihmiselle/Vanhustenviikko","https://www.rovaniemi.fi/","200","etusivu","vanhus; vanhustyö; ikäihmiset; seniorit"
"13.8.2026 klo 14.28","Rovaniemi","korkea","palvelusivu","245","Ikäihmiselle","https://www.rovaniemi.fi/Palvelut-sinulle/Ikaihmiselle","https://www.rovaniemi.fi/","200","etusivu","ikäihmiset; ikäihmisille; seniorit; vanhus"
"13.8.2026 klo 14.28","Ruovesi","keskitaso","viitesivu","285","Vanhus- ja vammaisneuvosto","https://www.ruovesi.fi/kunta-info-ja-hallinto/paatoksenteko/vanhusneuvosto","https://www.ruovesi.fi/","200","etusivu","vanhus; ikäihmisten palvelut"
"13.8.2026 klo 14.28","Ruovesi","keskitaso","viitesivu","285","Vanhus- ja vammaisneuvosto","https://www.ruovesi.fi/kunta-info-ja-hallinto/paatoksenteko/vanhusneuvosto","https://www.ruovesi.fi/","200","etusivu","vanhus; ikäihmisten palvelut"
"13.8.2026 klo 14.28","Rusko","keskitaso","viitesivu","285","Verkkosivun näkymän koon muuttaminen","https://rusko.fi/kunta-ja-paatoksenteko/yhteystiedot/vanhus-ja-vammaisneuvosto/","https://rusko.fi/","200","etusivu","vanhus; vanhustyö"
"13.8.2026 klo 14.28","Rääkkylä","keskitaso","viitesivu","210","Vanhusneuvosto","https://www.raakkyla.fi/hyvinvointi-ja-terveys/osallisuus/vanhusneuvosto/","https://www.raakkyla.fi/","200","etusivu","vanhus"
"13.8.2026 klo 14.28","Rääkkylä","keskitaso","viitesivu","210","Tulokset haulle: ”vanhus”","https://www.raakkyla.fi/?s=vanhus","https://www.raakkyla.fi/","200","sisäinen haku","vanhus"
"13.8.2026 klo 14.28","Saarijärvi","korkea","palvelusivu","600","Ikäihmiset","https://saarijarvi.fi/sosiaali-ja-terveyspalvelut/ikaihmiset/","https://saarijarvi.fi/","200","sivukartta","ikäihmiset; ikaihmiset"
"13.8.2026 klo 14.28","Sastamala","korkea","palvelusivu","600","Toimintakykyä ja osallisuutta ikääntyneille","https://sastamala.fi/arki-ja-vapaa-aika/hyvinvointi-ja-terveys/ikaantyneiden-hyvinvoinnin-ja-terveyden-edistaminen/toimintakykya-ja-osallisuutta-ikaantyneille/","https://sastamala.fi/","200","sivukartta","ikääntyneille; ikaantyneille; vanhustyö; ikääntyneet; vanhus"
"13.8.2026 klo 14.28","Sastamala","keskitaso","viitesivu","165","Sastamala","https://sastamala.fi/?vs_q=vanhus","https://sastamala.fi/","200","sisäinen haku","vanhus"
"13.8.2026 klo 14.28","Sauvo","keskitaso","viitesivu","285","Etusivu","https://www.sauvo.fi/","https://www.sauvo.fi/","200","etusivu","ikäihmisten palvelut"
"13.8.2026 klo 14.28","Sauvo","keskitaso","viitesivu","285","Hyvinvointi","https://www.sauvo.fi/kulttuuri-ja-vapaa-aika/hyvinvointi/","https://www.sauvo.fi/","200","syvälinkki","ikäihmisten palvelut; vanhus"
"13.8.2026 klo 14.28","Sauvo","keskitaso","viitesivu","285","Nuorisopalvelut","https://www.sauvo.fi/kulttuuri-ja-vapaa-aika/nuorten-sauvo/","https://www.sauvo.fi/","200","syvälinkki","ikäihmisten palvelut"
"13.8.2026 klo 14.28","Sauvo","keskitaso","viitesivu","285","Puhtaus- ja ruokapalvelut","https://www.sauvo.fi/asuminen-ja-ymparisto/ruoka-ja-puhtauspalvelut/","https://www.sauvo.fi/","200","syvälinkki","ikäihmisten palvelut"
"13.8.2026 klo 14.28","Sauvo","keskitaso","viitesivu","285","Puhtauspalvelut","https://www.sauvo.fi/asuminen-ja-ymparisto/ruoka-ja-puhtauspalvelut/puhtauspalvelut/","https://www.sauvo.fi/","200","syvälinkki","ikäihmisten palvelut"
"13.8.2026 klo 14.28","Savonlinna","keskitaso","viitesivu","530","Ajankohtaista","https://www.savonlinna.fi/joulupostia-ikaihmisille-kampanja-kutsuu-kaikki-savonlinnan-seudun-asukkaat-lahettamaan-joulukortteja-ikaantyneille/","https://www.savonlinna.fi/","200","sivukartta","ikaihmisille; ikaantyneille; ikäihmisille; ikääntyneille"
"13.8.2026 klo 14.28","Savonlinna","keskitaso","viitesivu","290","Vanhukset ja veteraanit","https://www.savonlinna.fi/asukas/vanhukset-ja-veteraanit/","https://www.savonlinna.fi/","200","etusivu","vanhukset"
"13.8.2026 klo 14.28","Savonlinna","keskitaso","viitesivu","230","Ajankohtaista","https://www.savonlinna.fi/joulupostia-ikaihmisille-kampanja-kerasi-yli-2600-joulukorttia-savonlinnassa/","https://www.savonlinna.fi/","200","sivukartta","ikaihmisille; ikäihmisille"
"13.8.2026 klo 14.28","Savonlinna","keskitaso","viitesivu","230","Ajankohtaista","https://www.savonlinna.fi/joulupostia-ikaihmisille-kampanja-on-kaynnissa/","https://www.savonlinna.fi/","200","sivukartta","ikaihmisille; ikäihmisille"
"13.8.2026 klo 14.28","Savonlinna","keskitaso","viitesivu","230","Ajankohtaista","https://www.savonlinna.fi/joulupostia-ikaihmisille-kampanjassa-savonlinnassa-kerattiin-kortteja-yli-2700-kappaletta/","https://www.savonlinna.fi/","200","sivukartta","ikaihmisille; ikäihmisille"
"13.8.2026 klo 14.28","Savukoski","keskitaso","viitesivu","210","Hakutulokset haulle: vanhus","https://www.savukoski.fi/?s=vanhus","https://www.savukoski.fi/","200","sisäinen haku","vanhus"
"13.8.2026 klo 14.28","Savukoski","keskitaso","viitesivu","210","Vanhus- ja vammaisneuvosto","https://www.savukoski.fi/kunta-ja-paatoksenteko/paatoksenteko/toimielimet/vanhus-ja-vammaisneuvosto/","https://www.savukoski.fi/","200","sisäinen haku","vanhus"
"13.8.2026 klo 14.28","Seinäjoki","korkea","palvelusivu","600","Kahvihetkiä, yhteislenkkejä ja sinkkuklubi ikääntyneille","https://www.seinajoki.fi/kahvihetkia-yhteislenkkeja-ja-sinkkuklubi-ikaantyneille/","https://www.seinajoki.fi/","200","sivukartta","ikääntyneille; ikaantyneille; ikäihmisille; ikääntyneet; ikääntyvä"
"13.8.2026 klo 14.28","Seinäjoki","korkea","palvelusivu","600","Seinäjoki mukaan valtakunnalliseen Kulttuurihyvinvointia ikäihmisille -kehittämishankkeeseen","https://www.seinajoki.fi/seinajoki-mukaan-valtakunnalliseen-kulttuurihyvinvointia-ikaihmisille-kehittamishankkeeseen/","https://www.seinajoki.fi/","200","sivukartta","ikäihmisille; ikaihmisille; vanhustyö; ikääntyneet; ikääntyvä; vanhus"
"13.8.2026 klo 14.28","Seinäjoki","keskitaso","viitesivu","600","Joulupostia ikäihmisille -kampanja keräsi yli kolme tuhatta joulukorttia Seinäjoella","https://www.seinajoki.fi/joulupostia-ikaihmisille-kampanja-kerasi-yli-kolme-tuhatta-joulukorttia-seinajoella/","https://www.seinajoki.fi/","200","sivukartta","ikäihmisille; ikaihmisille; ikäihminen; ikääntyneille; ikääntyvä"
"13.8.2026 klo 14.28","Seinäjoki","keskitaso","palvelusivu","215","Ikääntyvien palvelut","https://www.seinajoki.fi/ikaantyvien-palvelut/","https://www.seinajoki.fi/","200","etusivu","ikääntyneille; ikääntyvä"
"13.8.2026 klo 14.28","Siikainen","keskitaso","viitesivu","265","Vanhus- ja vammaisneuvosto | Siikainen - Luontoa käydä edellä","https://siikainen.fi/kunta-ja-hallinto/paatoksenteko/toimielimet/hyvinvointilautakunta/vanhus-ja-vammaisneuvosto/","https://siikainen.fi/","200","etusivu","vanhus; eläkeläiset"
"13.8.2026 klo 14.28","Siikainen","keskitaso","viitesivu","210","Haun tulokset haulle ""vanhus"" | Siikainen - Luontoa käydä edellä","https://siikainen.fi/?s=vanhus","https://siikainen.fi/","200","sisäinen haku","vanhus"
"13.8.2026 klo 14.28","Siikajoki","korkea","palvelusivu","405","Liikunnan ohjaus ja seniorit","https://www.siikajoki.fi/liikunnan-ohjaus-ja-seniorit","https://www.siikajoki.fi/","200","etusivu","seniorit; eläkkeellä"
"13.8.2026 klo 14.28","Siikajoki","korkea","palvelusivu","405","Liikunnan ohjaus ja seniorit","https://siikajoki.fi/liikunnan-ohjaus-ja-seniorit","https://www.siikajoki.fi/","200","sivukartta","seniorit; eläkkeellä"
"13.8.2026 klo 14.28","Siikajoki","keskitaso","viitesivu","285","Vanhus- ja vammaisneuvosto","https://www.siikajoki.fi/vanhus-ja-vammaisneuvosto","https://www.siikajoki.fi/","200","sisäinen haku","vanhus; vanhuspalvelu; ikääntyvä; seniorit"
"13.8.2026 klo 14.28","Siilinjärvi","keskitaso","viitesivu","285","Vanhus- ja vammaisneuvosto","https://siilinjarvi.fi/siilinjarven-kunta/osallistu-ja-vaikuta/vaikuttamistoimielimet/vanhus-ja-vammaisneuvosto/","https://www.siilinjarvi.fi/","200","etusivu","vanhus; senioreille"
"13.8.2026 klo 14.28","Siilinjärvi","keskitaso","viitesivu","285","Tulokset haulle: ”vanhus”","https://siilinjarvi.fi/?s=vanhus","https://www.siilinjarvi.fi/","200","sisäinen haku","vanhus; senioreille"
"13.8.2026 klo 14.28","Siilinjärvi","keskitaso","viitesivu","285","Vanhus- ja vammaisneuvoston kokousmuistiot","https://siilinjarvi.fi/siilinjarven-kunta/osallistu-ja-vaikuta/vaikuttamistoimielimet/vanhus-ja-vammaisneuvosto/vanhus-ja-vammaisneuvoston-kokousmuistiot/","https://www.siilinjarvi.fi/","200","sisäinen haku","vanhus; senioreille"
"13.8.2026 klo 14.28","Siilinjärvi","keskitaso","viitesivu","285","Tulokset haulle: ”vanhus”","https://siilinjarvi.fi/page/2/?s=vanhus","https://www.siilinjarvi.fi/","200","sisäinen haku","vanhus; senioreille"
"13.8.2026 klo 14.28","Siilinjärvi","keskitaso","viitesivu","210","Search results for: “vanhus”","https://siilinjarvi.fi/en/?s=vanhus","https://www.siilinjarvi.fi/","200","sisäinen haku","vanhus"
"13.8.2026 klo 14.28","Sipoo","korkea","palvelusivu","405","Tietotekniikan opastusta senioreille Uudellamaalla","https://www.sipoo.fi/asiointikanava/tietotekniikan-opastusta-senioreille-uudellamaalla/","https://www.sipoo.fi/","200","sisäinen haku","senioreille; seniorit; eläkkeellä; vanhus"
"13.8.2026 klo 14.28","Sipoo","keskitaso","viitesivu","210","Vammaisneuvosto ja vanhusneuvosto","https://www.sipoo.fi/palvelu/vammaisneuvosto-ja-vanhusneuvosto/","https://www.sipoo.fi/","200","etusivu","vanhus"
"13.8.2026 klo 14.28","Siuntio","korkea","palvelusivu","600","Liikuntapalvelut senioreille käynnistyvät maanantaina 15.4.","https://www.siuntio.fi/2024/04/12/liikuntapalvelut-senioreille-kaynnistyy-ma-15-4-alkaen/?_rt=MnwxfHNlbmlvcml8MTc4NjYyMDQyMA&_rt_nonce=2eecd746ad","https://www.siuntio.fi/","200","sisäinen haku","palvelut senioreille; senioreille; vanhus"
"13.8.2026 klo 14.28","Siuntio","korkea","palvelusivu","385","Senioreille","https://www.siuntio.fi/vapaa-aika-ja-liikunta/senioreille/","https://www.siuntio.fi/","200","polku","senioreille; seniorit; vanhus"
"13.8.2026 klo 14.28","Siuntio","keskitaso","viitesivu","285","Vanhusneuvosto","https://www.siuntio.fi/asiointi-ja-paatoksenteko/paatoksenteko/vaikuttamistoimielimet/vanhusneuvosto/","https://www.siuntio.fi/","200","etusivu","vanhus; senioreille"
"13.8.2026 klo 14.28","Siuntio","keskitaso","viitesivu","285","Haku","https://www.siuntio.fi/?s=vanhus","https://www.siuntio.fi/","200","sisäinen haku","vanhus; senioreille"
"13.8.2026 klo 14.28","Siuntio","keskitaso","viitesivu","285","Sök","https://www.siuntio.fi/sv/?s=vanhus","https://www.siuntio.fi/","200","sisäinen haku","vanhus; seniorer; äldre"
"13.8.2026 klo 14.28","Sodankylä","keskitaso","viitesivu","165","Ei kaikille, mutta joillekin kaikki.","https://www.sodankyla.fi/?find=vanhus","https://www.sodankyla.fi/","200","sisäinen haku","vanhus"
"13.8.2026 klo 14.28","Somero","korkea","palvelusivu","600","Ikäihmisille","https://www.somero.fi/ikaihmisille/","https://www.somero.fi/","200","etusivu","ikäihmisille; ikaihmisille; vanhus"
"13.8.2026 klo 14.28","Somero","korkea","palvelusivu","480","Someron Vuoden vanhusteko -kunniamaininta","https://www.somero.fi/ikaihmisille/vanhusteko/","https://www.somero.fi/","200","sivukartta","ikaihmisille; vanhus"
"13.8.2026 klo 14.28","Somero","keskitaso","viitesivu","480","Vanhustenviikko 2026","https://www.somero.fi/ikaihmisille/vanhustenviikko/","https://www.somero.fi/","200","sivukartta","ikaihmisille; vanhus"
"13.8.2026 klo 14.28","Somero","korkea","palvelusivu","345","Syreenisalin Maanantaiklubi","https://www.somero.fi/ikaihmisille/syreenisalin-maanantaiklubi/","https://www.somero.fi/","200","sivukartta","ikaihmisille; vanhus"
"13.8.2026 klo 14.28","Somero","keskitaso","viitesivu","210","Someron Vanhusneuvosto","https://www.somero.fi/kaupunki-ja-hallinto/osallistu-ja-vaikuta/vanhusneuvosto/","https://www.somero.fi/","200","etusivu","vanhus"
"13.8.2026 klo 14.28","Sonkajärvi","keskitaso","viitesivu","285","Vanhus- ja vammaisneuvosto","https://sonkajarvi.fi/fi/hallinto-paatoksenteko-ja-talous/vanhus-ja-vammaisneuvosto","https://sonkajarvi.fi/","200","etusivu","vanhus; ikääntyvä; eläkeläiset"
"13.8.2026 klo 14.28","Sotkamo","keskitaso","viitesivu","165","Ei löydy","https://www.sotkamo.fi/?s=vanhus","https://www.sotkamo.fi/","200","sisäinen haku","vanhus"
"13.8.2026 klo 14.28","Sulkava","keskitaso","viitesivu","165","Sulkavan kunta on juuri sopivan kokoinen, erityisen elämäniloinen kunta Etelä-Savon maakunnassa. Meillä on kaikki se, mitä tarvitaan hyvään elämiseen. Tervetulo","https://sulkava.fi/?phrase=vanhus","https://sulkava.fi/","200","sisäinen haku","vanhus"
"13.8.2026 klo 14.28","Suomussalmi","keskitaso","viitesivu","210","Vanhus- ja vammaisneuvosto","https://suomussalmi.fi/fi/kunta-ja-hallinto/paatoksenteko/vaikuttamistoimielimet/vanhus-ja-vammaisneuvosto","https://suomussalmi.fi/","200","etusivu","vanhus"
"13.8.2026 klo 14.28","Suonenjoki","korkea","palvelusivu","405","Seniorit","https://suonenjoki.fi/seniorit/","https://suonenjoki.fi/","200","etusivu","seniorit; vanhustyö; ikäihmisille; senioreille; vanhus"
"13.8.2026 klo 14.28","Suonenjoki","korkea","palvelusivu","405","Seniorit","https://suonenjoki.fi/seniorit/?_rt=N3wxfHZhbmh1c3wxNzg2NjE5MDE0&_rt_nonce=83c1745180","https://suonenjoki.fi/","200","sisäinen haku","seniorit; vanhustyö; ikäihmisille; senioreille; vanhus"
"13.8.2026 klo 14.28","Suonenjoki","korkea","palvelusivu","405","Seniorit","https://suonenjoki.fi/seniorit/?_rt=NnwxfHNlbmlvcml8MTc4NjYxOTAxNQ&_rt_nonce=83c1745180","https://suonenjoki.fi/","200","sisäinen haku","seniorit; vanhustyö; ikäihmisille; senioreille; vanhus"
"13.8.2026 klo 14.28","Suonenjoki","keskitaso","viitesivu","285","Haku","https://suonenjoki.fi/?s=vanhus","https://suonenjoki.fi/","200","sisäinen haku","vanhus; seniorit"
"13.8.2026 klo 14.28","Suonenjoki","keskitaso","viitesivu","210","Haku","https://suonenjoki.fi/en/?s=vanhus","https://suonenjoki.fi/","200","sisäinen haku","vanhus"
"13.8.2026 klo 14.28","Sysmä","korkea","palvelusivu","405","Senioreille","https://sysma.fi/senioreille/","https://sysma.fi/","200","sivukartta","senioreille; vanhus"
"13.8.2026 klo 14.28","Sysmä","korkea","palvelusivu","405","Teatterikerho senioreille, 4.9.-27.11.2025","https://sysma.fi/sarjat/teatterikerho-senioreille-4-9-27-11-2025/","https://sysma.fi/","200","sivukartta","senioreille; vanhus"
"13.8.2026 klo 14.28","Sysmä","korkea","palvelusivu","405","Kansantanssikerho senioreille, 4.9.-27.11.2025","https://sysma.fi/sarjat/kansantanssikerho-senioreille-4-9-27-11-2025/","https://sysma.fi/","200","sivukartta","senioreille; vanhus"
"13.8.2026 klo 14.28","Sysmä","keskitaso","viitesivu","285","Vanhus- ja vammaisneuvosto","https://sysma.fi/vanhus-ja-vammaisneuvosto/","https://sysma.fi/","200","etusivu","vanhus; seniorit"
"13.8.2026 klo 14.28","Sysmä","keskitaso","viitesivu","210","Luonnollista loistoa","https://sysma.fi/?phrase=vanhus","https://sysma.fi/","200","sisäinen haku","vanhus"
"13.8.2026 klo 14.28","Säkylä","korkea","palvelusivu","570","Kulttuurista virkeyttä ja voimaa ikäihmisille sekä omaishoitajille","https://www.sakyla.fi/2025/04/15/kulttuurista-virkeytta-ja-voimaa-ikaihmisille-seka-omaishoitajille/","https://www.sakyla.fi/","200","sivukartta","ikäihmisille; ikaihmisille"
"13.8.2026 klo 14.28","Säkylä","keskitaso","viitesivu","210","Vanhustenviikko","https://www.sakyla.fi/2023/09/28/vanhusten-viikko/?_rt=MXwxfHZhbmh1c3wxNzg2NjIwNDU0&_rt_nonce=501c714a4d","https://www.sakyla.fi/","200","sisäinen haku","vanhus"
"13.8.2026 klo 14.28","Säkylä","keskitaso","viitesivu","210","Vanhusten viikko 2.-9.10.2022","https://www.sakyla.fi/2022/09/27/vanhusten-viikko-2-9-10-2022/?_rt=MnwxfHZhbmh1c3wxNzg2NjIwNDU0&_rt_nonce=8b3c9a9e82","https://www.sakyla.fi/","200","sisäinen haku","vanhus"
"13.8.2026 klo 14.28","Taipalsaari","keskitaso","viitesivu","210","Vanhus- ja vammaisneuvosto","https://www.taipalsaari.fi/fi/kunta-ja-paatoksenteko/paatoksenteko/vanhus-ja-vammaisneuvosto","https://www.taipalsaari.fi/","200","etusivu","vanhus"
"13.8.2026 klo 14.28","Taivalkoski","keskitaso","viitesivu","1050","Joulupostia ikäihmisille -kampanja kutsuu Taivalkosken asukkaat lähettämään joulukortteja ikääntyneille","https://taivalkoski.fi/blog/joulupostia-ikaihmisille-kampanja-kutsuu-taivalkosken-asukkaat-lahettamaan-joulukortteja-ikaantyneille/","https://www.taivalkoski.fi/","200","sivukartta","ikäihmisille; ikaihmisille; ikääntyneille; ikaantyneille; vanhus"
"13.8.2026 klo 14.28","Taivalkoski","keskitaso","viitesivu","1050","Joulupostia ikäihmisille -kampanja kutsuu Taivalkosken asukkaat lähettämään joulukortteja ikääntyneille","https://taivalkoski.fi/blog/joulupostia-ikaihmisille-kampanja-kutsuu-taivalkosken-asukkaat-lahettamaan-joulukortteja-ikaantyneille-2/","https://www.taivalkoski.fi/","200","sivukartta","ikäihmisille; ikaihmisille; ikääntyneille; ikaantyneille; vanhus"
"13.8.2026 klo 14.28","Taivalkoski","keskitaso","viitesivu","600","Joulupostia ikäihmisille -kampanja keräsi 269 joulukorttia Taivalkoskella","https://taivalkoski.fi/blog/joulupostia-ikaihmisille-kampanja-kerasi-269-joulukorttia-taivalkoskella/","https://www.taivalkoski.fi/","200","sivukartta","ikäihmisille; ikaihmisille; ikääntyneille; vanhus"
"13.8.2026 klo 14.28","Taivalkoski","keskitaso","viitesivu","210","Vanhus- ja vammaisneuvosto","https://taivalkoski.fi/paatoksenteko/vanhus-ja-vammaisneuvosto/","https://www.taivalkoski.fi/","200","etusivu","vanhus"
"13.8.2026 klo 14.28","Taivassalo","korkea","palvelusivu","1035","Vanhustyö","https://www.taivassalo.fi/sote/vanhustyo","https://www.taivassalo.fi/","200","etusivu","vanhustyö; vanhustyo; vanhus"
"13.8.2026 klo 14.28","Taivassalo","korkea","palvelusivu","660","Yhteystiedot","https://www.taivassalo.fi/sote/vanhustyo/yhteystiedot","https://www.taivassalo.fi/","200","etusivu","vanhustyo; vanhus; vanhustyö"
"13.8.2026 klo 14.28","Taivassalo","korkea","palvelusivu","660","Vanhainkoti Ankkuri","https://www.taivassalo.fi/sote/vanhustyo/vanhainkoti","https://www.taivassalo.fi/","200","etusivu","vanhustyo; vanhus; vanhustyö"
"13.8.2026 klo 14.28","Taivassalo","korkea","palvelusivu","660","Palveluasuminen","https://www.taivassalo.fi/sote/vanhustyo/palveluasuminen","https://www.taivassalo.fi/","200","etusivu","vanhustyo; vanhus; vanhustyö"
"13.8.2026 klo 14.28","Taivassalo","korkea","palvelusivu","660","Kotihoito","https://www.taivassalo.fi/sote/vanhustyo/kotihoito","https://www.taivassalo.fi/","200","etusivu","vanhustyo; vanhus; vanhustyö"
"13.8.2026 klo 14.28","Tammela","keskitaso","viitesivu","405","Etsivän senioritoiminnan hanke","https://www.tammela.fi/terveys-ja-hyvinvointi/hyvinvoinnin-ja-terveyden-edistaminen/etsivan-senioritoiminnan-hanke","https://www.tammela.fi/","200","sivukartta","seniorit; vanhus"
"13.8.2026 klo 14.28","Tammela","keskitaso","viitesivu","405","Kaino ja Timo Lämsä  | Tammelan kunta","https://www.tammela.fi/sosiaali-ja-terveyspalvelut/hyvinvoinnin-ja-terveyden-edistaminen/etsivan-senioritoiminnan-hanke-1","https://www.tammela.fi/","200","sivukartta","seniorit; senioreille; vanhus"
"13.8.2026 klo 14.28","Tammela","keskitaso","viitesivu","405","Etsivän senioritoiminnan hanke","https://www.tammela.fi/terveys-ja-hyvinvointi/hyvinvoinnin-ja-terveyden-edistaminen/etsivan-senioritoiminnan-hanke","https://www.tammela.fi/","200","syvälinkki","seniorit; vanhus"
"13.8.2026 klo 14.28","Tammela","keskitaso","viitesivu","370","Hankkeen kuva-albumi | Tammelan kunta","https://www.tammela.fi/sosiaali-ja-terveyspalvelut/hyvinvoinnin-ja-terveyden-edistaminen/etsivan-senioritoiminnan-hanke-0","https://www.tammela.fi/","200","sivukartta","seniorit"
"13.8.2026 klo 14.28","Tampere","korkea","palvelusivu","910","Toimintakykyä ja osallisuutta etsivällä kulttuurisella vanhustyöllä","https://www.tampere.fi/kaupunki-ja-paatoksenteko/organisaatio/kaikkien-tampere-kehitysohjelma/toimintakykya-ja-osallisuutta-etsivalla-kulttuurisella-vanhustyolla","https://www.tampere.fi/","200","sivukartta","vanhustyö; vanhustyo; vanhus; ikääntyneet; senioreille"
"13.8.2026 klo 14.28","Tampere","korkea","palvelusivu","720","Ikääntyneet","https://www.tampere.fi/ikaantyneet","https://www.tampere.fi/","200","etusivu","ikääntyneet; ikaantyneet; ikäihmisille; ikääntyneille; senioreille; vanhus"
"13.8.2026 klo 14.28","Tampere","keskitaso","viitesivu","675","Tilaa kulttuurin uutiskirje senioreille","https://www.tampere.fi/kulttuuri-ja-museot/kulttuuria-ikaantyneille/tilaa-kulttuurin-uutis-kirje-senioreille","https://www.tampere.fi/","200","sivukartta","ikaantyneille; senioreille; ikääntyneet; ikääntyneille"
"13.8.2026 klo 14.28","Tampere","korkea","palvelusivu","625","Nuorena töihin – Ikäihmiset kertovat tarinansa animaatiovideolla","https://www.tampere.fi/tampereen-kanava/kaupunkikulttuurin-ja-museon-videot/nuorena-toihin-ikaihmiset-kertovat-tarinansa-animaatiovideolla","https://www.tampere.fi/","200","sivukartta","ikäihmiset; ikaihmiset; ikääntyneet"
"13.8.2026 klo 14.28","Tampere","keskitaso","viitesivu","600","Kulttuuria ikääntyneille","https://www.tampere.fi/kulttuuri-ja-museot/kulttuuria-ikaantyneille","https://www.tampere.fi/","200","sivukartta","ikääntyneille; ikaantyneille; ikäihmisille; ikääntyneet; senioreille"
"13.8.2026 klo 14.28","Tervo","keskitaso","viitesivu","890","Joulupostia ikäihmisille -kampanja kutsuu Tervon asukkaat lähettämään joulukortteja ikääntyneille - Ajankohtaista - Tervo","https://www.tervo.fi/-/joulupostia-ikaihmisille-kampanja-kutsuu-tervon-asukkaat-lahettamaan-joulukortteja-ikaantyneille","https://www.tervo.fi/","200","sivukartta","ikäihmisille; ikaihmisille; ikääntyneille; ikaantyneille; vanhus"
"13.8.2026 klo 14.28","Tervo","keskitaso","viitesivu","645","Ensimmäinen kansallinen vanhuspalvelujen asiakaskysely alkaa - THL toivoo läheisten auttavan vanhuksia kyselyyn vastaamisessa","https://www.tervo.fi/-/thl-n-kansallinen-vanhuspalvelujen-asiakaskysely-alkaa","https://www.tervo.fi/","200","sivukartta","vanhuspalvelu; vanhus"
"13.8.2026 klo 14.28","Tervo","keskitaso","viitesivu","210","Vanhus- ja vammaisneuvosto - Tervo","https://www.tervo.fi/fi/vanhus-ja-vammaisneuvosto","https://www.tervo.fi/","200","etusivu","vanhus"
"13.8.2026 klo 14.28","Tervola","keskitaso","viitesivu","210","Tervola on pieni mutta ämpäripäinen","https://tervola.fi/?s=vanhus","https://tervola.fi","200","sisäinen haku","vanhus"
"13.8.2026 klo 14.28","Tervola","keskitaso","viitesivu","210","Everything in Lapland is Far Away - Except Tervola","https://tervola.fi/en/?s=vanhus","https://tervola.fi","200","sisäinen haku","vanhus"
"13.8.2026 klo 14.28","Teuva","korkea","palvelusivu","720","Ikääntyneet","https://teuva.fi/ikaantyneet/","https://teuva.fi/","200","etusivu","ikääntyneet; ikaantyneet; ikääntyneille; vanhus"
"13.8.2026 klo 14.28","Tohmajärvi","keskitaso","viitesivu","710","Etsivää vanhustyötä Tohmajärvelle Teams-tilaisuus 26.1.2022 klo 17-18 - Uutiset","https://www.tohmajarvi.fi/-/etsivaa-vanhustyota-tohmajarvelle-teams-tilaisuus-26-1-2022-klo-17-18","https://www.tohmajarvi.fi/","200","sivukartta","vanhustyö; vanhustyo; vanhus"
"13.8.2026 klo 14.28","Toholampi","korkea","palvelusivu","690","Palvelut ikäihmisille","https://www.toholampi.fi/palvelut-ikaihmisille/","https://www.toholampi.fi/","200","etusivu","ikäihmisille; ikaihmisille; eläkkeellä; vanhus"
"13.8.2026 klo 14.28","Turku","korkea","palvelusivu","495","Liikuntaa ikääntyneille","https://www.turku.fi/liikunta/liikuntaa-ikaantyneille","https://turku.fi","200","etusivu","ikääntyneille; ikaantyneille"
"13.8.2026 klo 14.28","Turku","korkea","palvelusivu","370","Seniorit","https://www.turku.fi/seniorit","https://turku.fi","200","etusivu","seniorit"
"13.8.2026 klo 14.28","Turku","korkea","palvelusivu","370","Seniorer","https://www.turku.fi/sv/seniorer","https://turku.fi","200","sivukartta","seniorer"
"13.8.2026 klo 14.28","Turku","korkea","palvelusivu","370","Urheilupuiston harjoittelualue senioreille","https://www.turku.fi/toimipaikat/urheilupuiston-harjoittelualue-senioreille","https://turku.fi","200","sivukartta","senioreille"
"13.8.2026 klo 14.28","Turku","korkea","palvelusivu","370","Urheilupuiston harjoittelualue senioreille","https://www.turku.fi/en/places/urheilupuiston-harjoittelualue-senioreille","https://turku.fi","200","sivukartta","senioreille"
"13.8.2026 klo 14.28","Tuusniemi","keskitaso","viitesivu","265","VANHUS- JA VAMMAISNEUVOSTO","https://www.tuusniemi.fi/vanhus-ja-vammaisneuvosto","https://www.tuusniemi.fi/","200","etusivu","vanhus; eläkeläiset"
"13.8.2026 klo 14.28","Tyrnävä","keskitaso","viitesivu","210","Vanhus- ja vammaisneuvosto","https://www.tyrnava.fi/paatoksenteko-ja-kunta/paatoksenteko/vanhus-ja-vammaisneuvosto.html","https://www.tyrnava.fi/","200","etusivu","vanhus"
"13.8.2026 klo 14.28","Tyrnävä","keskitaso","viitesivu","165","Vireyttä seniorivuosiin -ravitsemusportaali - Tyrnävän kunta","https://www.tyrnava.fi/paatoksenteko-ja-kunta/paatoksenteko/vanhus-ja-vammaisneuvosto/vireytta-seniorivuosiin-ravitsemusportaali.html","https://www.tyrnava.fi/","200","etusivu","vanhus"
"13.8.2026 klo 14.28","Tyrnävä","keskitaso","viitesivu","165","Reittis-sivusto","https://www.tyrnava.fi/paatoksenteko-ja-kunta/paatoksenteko/vanhus-ja-vammaisneuvosto/reittis-verkkosivusto.html","https://www.tyrnava.fi/","200","etusivu","vanhus"
"13.8.2026 klo 14.28","Tyrnävä","matala","viitesivu","115","Iäkkäät","https://www.tyrnava.fi/teemat/iakkaat.html","https://www.tyrnava.fi/","200","etusivu",""
"13.8.2026 klo 14.28","Urjala","korkea","palvelusivu","625","Ikäihmiset","https://www.urjala.fi/ikaihmiset/","https://www.urjala.fi/","200","sivukartta","ikäihmiset; ikaihmiset; vanhus"
"13.8.2026 klo 14.28","Urjala","keskitaso","viitesivu","210","Vanhus- ja vammaisneuvosto","https://www.urjala.fi/osallistu-ja-vaikuta/vaikuttamisen-kanavat/vanhus-ja-vammaisneuvosto/","https://www.urjala.fi/","200","etusivu","vanhus"
"13.8.2026 klo 14.28","Urjala","keskitaso","viitesivu","210","Vanhus- ja vammaisneuvoston pöytäkirjat 2023 alkaen","https://www.urjala.fi/osallistu-ja-vaikuta/vaikuttamisen-kanavat/vanhus-ja-vammaisneuvosto/vanhus-ja-vammaisneuvoston-poytakirjat-2023-a/","https://www.urjala.fi/","200","etusivu","vanhus"
"13.8.2026 klo 14.28","Urjala","keskitaso","viitesivu","210","Vanhus- ja vammaisneuvoston pöytäkirjat","https://www.urjala.fi/osallistu-ja-vaikuta/vaikuttamisen-kanavat/vanhus-ja-vammaisneuvosto/vanhus-ja-vammaisneuvoston-poytakirjat-2019-2/","https://www.urjala.fi/","200","etusivu","vanhus"
"13.8.2026 klo 14.28","Uurainen","korkea","palvelusivu","625","Ikäihmiset","https://uurainen.fi/sosiaali-ja-terveyspalvelut/ikaihmiset/","https://uurainen.fi/","200","sivukartta","ikäihmiset; ikaihmiset; ikäihmisten palvelut; vanhuspalvelu; vanhus"
"13.8.2026 klo 14.28","Uurainen","korkea","palvelusivu","435","Ennaltaehkäisevä työ ja arjen tukeminen","https://uurainen.fi/sosiaali-ja-terveyspalvelut/ikaihmiset/ennaltaehkaiseva-tyo-ja-arjen-tukeminen/","https://uurainen.fi/","200","sivukartta","ikaihmiset; vanhuspalvelu; vanhustyö; ikäihmiset; ikäihmisille; ikääntyvä; vanhus"
"13.8.2026 klo 14.28","Uurainen","korkea","palvelusivu","435","Kotihoito ja omaishoidontuki","https://uurainen.fi/sosiaali-ja-terveyspalvelut/ikaihmiset/kotihoito-ja-omaishoidontuki/","https://uurainen.fi/","200","sivukartta","ikaihmiset; ikäihmiset; vanhus"
"13.8.2026 klo 14.28","Uurainen","keskitaso","viitesivu","210","Vanhus- ja vammaisneuvosto 2021-2025","https://uurainen.fi/kunta-ja-hallinto/paatoksenteko/vaikuttamistoimielimet/vanhus-ja-vammaisneuvosto/","https://uurainen.fi/","200","etusivu","vanhus"
"13.8.2026 klo 14.28","Uusikaarlepyy","keskitaso","viitesivu","380","Äldrerådet","https://www.nykarleby.fi/forvaltning-och-beslut/beslutande/fortroendeorgan/aldreradet/","https://www.nykarleby.fi/","200","sisäinen haku","äldre; aldre"
"13.8.2026 klo 14.28","Uusikaupunki","keskitaso","viitesivu","285","Vanhusneuvosto","https://uusikaupunki.fi/fi/vanhusneuvosto","https://uusikaupunki.fi/","200","etusivu","vanhus; vanhustyö; seniorit; eläkeläiset"
"13.8.2026 klo 14.28","Vaala","keskitaso","viitesivu","910","Vanhustyön keskusliiton Ystäväpiiri-ryhmänohjaajakoulutus verkossa syksyllä 2021","https://www.vaala.fi/vanhustyon-keskusliiton-ystavapiiri-ryhmanohjaajakoulutus-verkossa-syksylla-2021/","https://www.vaala.fi/","200","sivukartta","vanhustyö; vanhustyo; vanhus; senioripalvelut"
"13.8.2026 klo 14.28","Vaala","korkea","palvelusivu","600","Kenkien liukuesteiden jako ikäihmisille","https://www.vaala.fi/kenkien-liukuesteiden-jako-ikaihmisille/","https://www.vaala.fi/","200","sivukartta","ikäihmisille; ikaihmisille; senioripalvelut; vanhus"
"13.8.2026 klo 14.28","Vaala","korkea","palvelusivu","495","Senioreille maksuton kuntosalivuoro","https://www.vaala.fi/senioreille-maksuton-kuntosalivuoro/","https://www.vaala.fi/","200","polku","senioreille; senioripalvelut; vanhus"
"13.8.2026 klo 14.28","Vaala","korkea","palvelusivu","405","Senioreille maksuton kuntosalivuoro","https://www.vaala.fi/senioreille-maksuton-kuntosalivuoro/","https://www.vaala.fi/","200","sivukartta","senioreille; senioripalvelut; vanhus"
"13.8.2026 klo 14.28","Vaala","keskitaso","viitesivu","285","Vanhus- ja vammaisneuvosto","https://www.vaala.fi/hallinto-ja-paatoksenteko/vaikuttamistoimielimet/vanhus-ja-vammaisneuvosto/","https://www.vaala.fi/","200","etusivu","vanhus; senioripalvelut"
"13.8.2026 klo 14.28","Vaasa","korkea","palvelusivu","1035","Kulttuurinen vanhustyö","https://www.vaasa.fi/koe-ja-nae/kulttuuria-vaasassa-ja-seudulla/kulttuuripalvelut/kulttuurinen-vanhustyo/","https://www.vaasa.fi/","200","syvälinkki","vanhustyö; vanhustyo; vanhus; ikäihmisille"
"13.8.2026 klo 14.28","Vaasa","korkea","palvelusivu","770","Ikäystävällinen kaupunki","https://www.vaasa.fi/asu-ja-ela/hyvinvointipalvelut/hyvinvointipalvelut-ikaihmisille/ikaystavallinen-kaupunki/","https://www.vaasa.fi/","200","sivukartta","ikaihmisille; ikäystävällinen; ikaystavallinen; ikäihmisille"
"13.8.2026 klo 14.28","Vaasa","korkea","palvelusivu","660","Hyvinvointipalvelut ikäihmisille","https://www.vaasa.fi/asu-ja-ela/hyvinvointipalvelut/hyvinvointipalvelut-ikaihmisille/","https://www.vaasa.fi/","200","etusivu","ikäihmisille; ikaihmisille"
"13.8.2026 klo 14.28","Vaasa","korkea","palvelusivu","660","Vapaa-aika ikäihmisille","https://www.vaasa.fi/asu-ja-ela/vapaa-aika/vapaa-aika-ikaihmisille/","https://www.vaasa.fi/","200","etusivu","ikäihmisille; ikaihmisille"
"13.8.2026 klo 14.28","Vaasa","korkea","palvelusivu","660","Ikäihmisille","https://www.vaasa.fi/asu-ja-ela/palvelut-kohderyhmittain/ikaihmisille/","https://www.vaasa.fi/","200","etusivu","ikäihmisille; ikaihmisille"
"13.8.2026 klo 14.28","Vantaa","korkea","palvelusivu","730","Palvelut senioreille","https://www.vantaa.fi/fi/tukea-ja-apua-arkeen/senioreille","https://www.vantaa.fi/","200","etusivu","palvelut senioreille; senioreille"
"13.8.2026 klo 14.28","Vantaa","korkea","palvelusivu","405","Kultur för seniorer","https://www.vantaa.fi/sv/fritid-och-hobbyer/kultur-konst-och-museer/kultur-seniorer","https://www.vantaa.fi/","200","sivukartta","seniorer; för äldre; äldre"
"13.8.2026 klo 14.28","Vantaa","korkea","palvelusivu","405","Livsstilscoachning för seniorer","https://www.vantaa.fi/sv/tjanster/tjanst/livsstilscoachning-seniorer","https://www.vantaa.fi/","200","sivukartta","seniorer; för äldre; äldre"
"13.8.2026 klo 14.28","Vantaa","korkea","palvelusivu","405","Tjänster för seniorer","https://www.vantaa.fi/sv/stod-och-hjalp-i-vardagen/tjanster-seniorer","https://www.vantaa.fi/","200","sivukartta","seniorer; äldre personer; för äldre; äldre"
"13.8.2026 klo 14.28","Vantaa","korkea","palvelusivu","370","Henkilötietojen käsittely Vantaan kaupungin elintapaohjauspalvelun hyvinvointimentoroinnissa (seniorit ja soveltavat)","https://www.vantaa.fi/fi/henkilotietojen-kasittely-vantaan-kaupungin-elintapaohjauspalvelun-hyvinvointimentoroinnissa-seniorit-ja-soveltavat","https://www.vantaa.fi/","200","sivukartta","seniorit"
"13.8.2026 klo 14.28","Vesanto","keskitaso","viitesivu","540","Hilkka Huuskonen on Vesannon vuoden ikääntyvä vuonna 2024","https://vesanto.fi/hilkka-huuskonen-on-vesannon-vuoden-ikaantyva-vuonna-2024/","https://vesanto.fi/","200","sisäinen haku","ikääntyvä; ikaantyva; ikääntyneille; vanhus"
"13.8.2026 klo 14.28","Vesanto","keskitaso","viitesivu","275","Hakutulokset kohteelle: vanhus","https://vesanto.fi/?s=vanhus","https://vesanto.fi/","200","sisäinen haku","vanhus; ikääntyvä"
"13.8.2026 klo 14.28","Vesanto","keskitaso","viitesivu","210","Vanhus- ja vammaisneuvoston pöytäkirja 16.7.2025","https://vesanto.fi/vanhus-ja-vammaisneuvoston-poytakirja-16-7-2025/","https://vesanto.fi/","200","sisäinen haku","vanhus"
"13.8.2026 klo 14.28","Vesanto","keskitaso","viitesivu","210","Vesannon kunnan vanhus- ja vammaisneuvosto jakaa liukuesteitä kenkiin yli 65- vuotiaille!","https://vesanto.fi/vesannon-kunnan-vanhus-ja-vammaisneuvosto-jakaa-liukuesteita-kenkiin-yli-65-vuotiaille/","https://vesanto.fi/","200","sisäinen haku","vanhus"
"13.8.2026 klo 14.28","Vesanto","keskitaso","viitesivu","210","Vanhus- ja vammaisneuvoston pöytäkirja 30.10.2024","https://vesanto.fi/vanhus-ja-vammaisneuvoston-poytakirja-30-10-2024/","https://vesanto.fi/","200","sisäinen haku","vanhus"
"13.8.2026 klo 14.28","Veteli","keskitaso","viitesivu","285","Vanhus -ja vammaisneuvosto - Kylä koko elämäksi - luonnollisesti.","https://veteli.fi/kunta-ja-konserni/paatoksenteko/vanhus-ja-vammaisneuvosto/","https://veteli.fi/","200","sisäinen haku","vanhus; vanhustyö"
"13.8.2026 klo 14.28","Veteli","keskitaso","viitesivu","210","Hakutulokset haulle: vanhus","https://veteli.fi/?s=vanhus","https://veteli.fi/","200","sisäinen haku","vanhus"
"13.8.2026 klo 14.28","Vieremä","keskitaso","viitesivu","600","Tehdään yllätyksiä ikäihmisille -kampanja","https://vierema.fi/tehdaan-yllatyksia-ikaihmisille-kampanja/","https://vierema.fi/","200","sivukartta","ikäihmisille; ikaihmisille; ikääntyneille"
"13.8.2026 klo 14.28","Vieremä","keskitaso","viitesivu","600","Vieremä mukana Joulupostia ikäihmisille -kampanjassa","https://vierema.fi/vierema-mukana-joulupostia-ikaihmisille-kampanjassa/","https://vierema.fi/","200","sivukartta","ikäihmisille; ikaihmisille; ikääntyneille"
"13.8.2026 klo 14.28","Vieremä","keskitaso","viitesivu","210","Sivustohaku","https://vierema.fi/?s=vanhus","https://vierema.fi/","200","sisäinen haku","vanhus"
"13.8.2026 klo 14.28","Vihti","keskitaso","viitesivu","1050","Joulupostia ikäihmisille -kampanja kutsuu Vihdin asukkaat lähettämään joulukortteja ikääntyneille","https://www.vihti.fi/blog/2023/11/21/joulupostia-ikaihmisille-kampanja-kutsuu-vihdin-asukkaat-lahettamaan-joulukortteja-ikaantyneille-2/","https://www.vihti.fi/","200","sivukartta","ikäihmisille; ikaihmisille; ikääntyneille; ikaantyneille"
"13.8.2026 klo 14.28","Vihti","keskitaso","viitesivu","1050","Joulupostia ikäihmisille -kampanja kutsuu Vihdin asukkaat lähettämään joulukortteja ikääntyneille","https://www.vihti.fi/blog/2022/11/29/joulupostia-ikaihmisille-kampanja-kutsuu-vihdin-asukkaat-lahettamaan-joulukortteja-ikaantyneille/","https://www.vihti.fi/","200","sivukartta","ikäihmisille; ikaihmisille; ikääntyneille; ikaantyneille"
"13.8.2026 klo 14.28","Vihti","korkea","palvelusivu","910","Vihtiläisen urheiluseuran vanhustyö sai merkittävän rahoituksen","https://www.vihti.fi/blog/2021/02/24/vihtilaisen-urheiluseuran-vanhustyo-sai-merkittavan-rahoituksen/","https://www.vihti.fi/","200","sivukartta","vanhustyö; vanhustyo; vanhus; ikäihmisille"
"13.8.2026 klo 14.28","Vihti","keskitaso","viitesivu","645","Keskustelutilaisuus Länsi-Uudenmaan hyvinvointialueen nuoriso- ja vanhuspalveluista","https://www.vihti.fi/blog/2023/12/08/keskustelutilaisuus-lansi-uudenmaan-hyvinvointialueen-nuoriso-ja-vanhuspalveluista/","https://www.vihti.fi/","200","sivukartta","vanhuspalvelu; vanhus"
"13.8.2026 klo 14.28","Vimpeli","keskitaso","viitesivu","210","Vimpelin kunta","https://www.vimpeli.fi/kunta-ja-paatoksenteko/vanhus-ja-vammaisneuvosto","https://www.vimpeli.fi/","200","etusivu","vanhus"
"13.8.2026 klo 14.28","Virrat","korkea","palvelusivu","960","Ikäihmisten palvelut","https://www.virrat.fi/hyvinvoinnin-toimiala134460894/hyvinvoinnin-ja-terveyden-edistaminen/elintapaohjaus/ikaihmisten-palvelut/","https://www.virrat.fi","200","etusivu","ikäihmisten palvelut; ikaihmisten palvelut; vanhus"
"13.8.2026 klo 14.28","Ylöjärvi","korkea","palvelusivu","600","Yhteisötanssia ikäihmisille","https://www.ylojarvi.fi/yhteisotanssia-ikaihmisille/","https://www.ylojarvi.fi/","200","sivukartta","ikäihmisille; ikaihmisille; ikäihminen; vanhus"
"13.8.2026 klo 14.28","Ylöjärvi","keskitaso","viitesivu","600","Liikkuva ikäihminen","https://www.ylojarvi.fi/liikkuva-ikaihminen/","https://www.ylojarvi.fi/","200","etusivu","ikäihminen; ikaihminen; vanhus"
"13.8.2026 klo 14.28","Ylöjärvi","keskitaso","viitesivu","600","Asumisyksikkö ikääntyneille Mäkkylänrinteen peltoalueelle – kaavaluonnos nähtäville","https://www.ylojarvi.fi/asumisyksikko-ikaantyneille-makkylanrinteen-peltoalueelle-kaavaluonnos-nahtaville/","https://www.ylojarvi.fi/","200","sivukartta","ikääntyneille; ikaantyneille; ikäihminen; vanhus"
"13.8.2026 klo 14.28","Ylöjärvi","korkea","palvelusivu","435","Jokainen ikä on suurenmoinen","https://www.ylojarvi.fi/ikaihmiset/","https://www.ylojarvi.fi/","200","etusivu","ikaihmiset; ikäihmiset; ikäihminen; vanhus"
"13.8.2026 klo 14.28","Ylöjärvi","korkea","palvelusivu","405","Senioritanssi","https://www.ylojarvi.fi/sarjat/senioritanssi/","https://www.ylojarvi.fi/","200","sivukartta","seniorit; ikäihminen; vanhus"
"13.8.2026 klo 14.28","Ypäjä","keskitaso","viitesivu","645","Odotusajat vanhuspalveluihin","https://ypaja.fi/odotusajat-vanhuspalveluihin/","https://ypaja.fi/","200","sivukartta","vanhuspalvelu; vanhus"
"13.8.2026 klo 14.28","Äänekoski","korkea","palvelusivu","720","Ikääntyneet","https://www.aanekoski.fi/ikaantyneet","https://www.aanekoski.fi/","200","etusivu","ikääntyneet; ikaantyneet; ikääntyvä"
