"URL","Nimi","Kategoria","Lähde","Protokolla","Tila","Koodi","HTTP","Kesto ms","Yrityksiä","Lopullinen URL","Domain vaihtui","Sisältöhuomio"
"http://fredrika.finna.fi/","Fredrikabiblioteken","Paikalliset palvelut","localServices.ts","http","rejected","https_available","200","155","1","https://fredrika.finna.fi/","ei",""
"http://eepos.finna.fi/","Eepos-kirjastot","Paikalliset palvelut","localServices.ts","http","rejected","https_available","200","196","1","https://eepos.finna.fi/","ei",""
"http://kirjasto.kaustinen.fi/","kirjasto.kaustinen.fi","Digiopastus","seniorSurfGuidancePlaces.ts","http","rejected","https_required","","229","1","","ei",""
"http://kirjasto.pieksamaki.fi/","kirjasto.pieksamaki.fi","Digiopastus","seniorSurfGuidancePlaces.ts","http","rejected","https_available","200","240","1","https://kirjasto.pieksamaki.fi/","ei",""
"http://kirjasto.lestijarvi.fi/","kirjasto.lestijarvi.fi","Digiopastus","seniorSurfGuidancePlaces.ts","http","rejected","https_required","","272","1","","ei",""
"http://etela-pohjanmaa.elakeliitto.fi/yhdistykset/lapua/toimintakalenteri/","etela-pohjanmaa.elakeliitto.fi","Digiopastus","seniorSurfGuidancePlaces.ts","http","rejected","https_required","404","333","1","","ei",""
"http://lapinkirjasto.finna.fi/","Lapin kirjasto","Paikalliset palvelut","localServices.ts","http","rejected","https_available","200","238","1","https://lapinkirjasto.finna.fi/","ei",""
"http://seutuopisto.pieksamaki.fi/","seutuopisto.pieksamaki.fi","Digiopastus","seniorSurfGuidancePlaces.ts","http","rejected","https_available","200","95","1","https://seutuopisto.pieksamaki.fi/","ei",""
"http://narpes.spfpension.fi/hem/","narpes.spfpension.fi","Digiopastus","seniorSurfGuidancePlaces.ts","http","rejected","https_available","200","170","1","https://narpes.spfpension.fi/hem/","ei",""
"http://korsholm.spfpension.fi/","korsholm.spfpension.fi","Digiopastus","seniorSurfGuidancePlaces.ts","http","rejected","https_available","200","463","1","https://korsholm.spfpension.fi/","ei",""
"http://terjarv.spfpension.fi/start/","terjarv.spfpension.fi","Digiopastus","seniorSurfGuidancePlaces.ts","http","rejected","https_available","200","87","1","https://terjarv.spfpension.fi/start/","ei",""
"http://milstolpen.spfpension.fi/","milstolpen.spfpension.fi","Digiopastus","seniorSurfGuidancePlaces.ts","http","rejected","https_available","200","257","1","https://milstolpen.spfpension.fi/","ei",""
"http://lestinreuma.reumaliitto.fi/","lestinreuma.reumaliitto.fi","Digiopastus","seniorSurfGuidancePlaces.ts","http","rejected","https_available","200","375","1","https://lestinreuma.reumaliitto.fi/","ei",""
"http://tietotupa.omasivu.fi/tuki-vaaksyn-information-room/","tietotupa.omasivu.fi","Digiopastus","seniorSurfGuidancePlaces.ts","http","rejected","https_available","200","172","1","https://tietotupa.omasivu.fi/tuki-vaaksyn-information-room/","ei",""
"http://vastanfjard.spfpension.fi/start/","vastanfjard.spfpension.fi","Digiopastus","seniorSurfGuidancePlaces.ts","http","rejected","https_available","200","223","1","https://vastanfjard.spfpension.fi/start/","ei",""
"http://www.hameenlinna.fi/pysakki","www.hameenlinna.fi","Digiopastus","seniorSurfGuidancePlaces.ts","http","rejected","https_available","200","149","1","https://www.hameenlinna.fi/pysakki","ei",""
"http://hausjarvi.fi/palvelut/vapaa-aika-kulttuuri/kirjasto/","hausjarvi.fi","Digiopastus","seniorSurfGuidancePlaces.ts","http","rejected","https_available","200","847","1","https://hausjarvi.fi/palvelut/vapaa-aika-kulttuuri/kirjasto/","ei",""
"http://www.ii.fi/kirjasto","www.ii.fi","Digiopastus","seniorSurfGuidancePlaces.ts","http","rejected","https_available","200","93","1","https://www.ii.fi/kirjasto","ei",""
"http://www.hameenkyro.fi/palvelut/elamanlaatu/kirjasto/","www.hameenkyro.fi","Digiopastus","seniorSurfGuidancePlaces.ts","http","rejected","https_required","404","376","1","","ei",""
"http://www.aura.fi/kirjasto/","www.aura.fi","Digiopastus","seniorSurfGuidancePlaces.ts","http","rejected","https_available","200","659","1","https://www.aura.fi/kirjasto/","ei",""
"http://www.kainuunelakelaisetry.fi/kajaani/","www.kainuunelakelaisetry.fi","Digiopastus","seniorSurfGuidancePlaces.ts","http","rejected","https_required","","15","1","","ei",""
"http://tervola.fi/vapaa-aika-ja-liikunta/kirjasto/kirjaston-palvelut/","tervola.fi","Digiopastus","seniorSurfGuidancePlaces.ts","http","rejected","https_available","200","730","1","https://tervola.fi/vapaa-aika-ja-liikunta/kirjasto/kirjaston-palvelut/","ei",""
"http://loppi.fi/palvelut/kulttuuri-ja-vapaa-aika/kirjasto/","loppi.fi","Digiopastus","seniorSurfGuidancePlaces.ts","http","rejected","https_available","200","955","1","https://loppi.fi/palvelut/kulttuuri-ja-vapaa-aika/kirjasto/","ei",""
"http://www.haapajarvi.fi/kirjasto","www.haapajarvi.fi","Digiopastus","seniorSurfGuidancePlaces.ts","http","rejected","https_available","200","735","1","https://www.haapajarvi.fi/kirjasto","ei",""
"http://www.harjavalta.fi/kirjasto","www.harjavalta.fi","Digiopastus","seniorSurfGuidancePlaces.ts","http","rejected","https_available","200","707","1","https://www.harjavalta.fi/kirjasto","ei",""
"http://www.kumppanuustalokulma.fi/","www.kumppanuustalokulma.fi","Digiopastus","seniorSurfGuidancePlaces.ts","http","rejected","https_available","200","370","1","https://www.kumppanuustalokulma.fi/","ei",""
"http://www.juupajoki.fi/palvelut/kirjasto","www.juupajoki.fi","Digiopastus","seniorSurfGuidancePlaces.ts","http","rejected","https_available","200","614","1","https://www.juupajoki.fi/palvelut/kirjasto","ei",""
"http://www.lapinlahti.fi/fi/Tietoa-kunnasta/Organisaatio/Osastot/Sivistysosasto/Kulttuuri--ja-nuorisopalvelut/Kirjasto","www.lapinlahti.fi","Digiopastus","seniorSurfGuidancePlaces.ts","http","rejected","https_required","404","323","1","","ei",""
"http://www.lounakirjastot.fi/kirjastot/forssa/","www.lounakirjastot.fi","Digiopastus","seniorSurfGuidancePlaces.ts","http","rejected","https_required","","73","1","","ei",""
"http://www.lounakirjastot.fi/kirjastot/jokioinen/","www.lounakirjastot.fi","Digiopastus","seniorSurfGuidancePlaces.ts","http","rejected","https_required","","17","1","","ei",""
"http://www.lounakirjastot.fi/kirjastot/tammela/","www.lounakirjastot.fi","Digiopastus","seniorSurfGuidancePlaces.ts","http","rejected","https_required","","41","1","","ei",""
"http://www.kuusamo.fi/koe-ja-nae/kirjasto/kirjaston-toimipisteet/paakirjasto","www.kuusamo.fi","Digiopastus","seniorSurfGuidancePlaces.ts","http","rejected","https_available","200","674","1","https://www.kuusamo.fi/koe-ja-nae/kirjasto/kirjaston-toimipisteet/paakirjasto","ei",""
"http://www.lemi.fi/fi/palvelut/kirjasto","www.lemi.fi","Digiopastus","seniorSurfGuidancePlaces.ts","http","rejected","https_required","404","473","1","","ei",""
"http://www.joutsa.fi/vapaa-aika-ja-kulttuuri/kirjasto/","www.joutsa.fi","Digiopastus","seniorSurfGuidancePlaces.ts","http","rejected","https_available","200","1054","1","https://www.joutsa.fi/vapaa-aika-ja-kulttuuri/kirjasto/","ei",""
"http://www.kajaani.fi/fi/kirjasto","www.kajaani.fi","Digiopastus","seniorSurfGuidancePlaces.ts","http","rejected","https_available","200","805","1","https://www.kajaani.fi/fi/kirjasto","ei",""
"http://www.oulainen.fi/kirjasto","www.oulainen.fi","Digiopastus","seniorSurfGuidancePlaces.ts","http","rejected","https_available","200","112","1","https://www.oulainen.fi/kirjasto","ei",""
"http://www.parainen.fi/web/tjanster/fi_FI/servicepunkten/","www.parainen.fi","Digiopastus","seniorSurfGuidancePlaces.ts","http","rejected","https_required","404","62","1","","ei",""
"http://www.rautjarvi.fi/fi/Palvelut/Sivistys,-nuoriso-ja-liikunta/Kirjasto/Aukioloajat","www.rautjarvi.fi","Digiopastus","seniorSurfGuidancePlaces.ts","http","rejected","https_required","404","200","1","","ei",""
"http://www.mynamaki.fi/kirjasto","www.mynamaki.fi","Digiopastus","seniorSurfGuidancePlaces.ts","http","rejected","https_available","200","585","1","https://www.mynamaki.fi/kirjasto","ei",""
"http://www.ilomantsi.fi/kirjasto","www.ilomantsi.fi","Digiopastus","seniorSurfGuidancePlaces.ts","http","rejected","https_available","200","1499","1","https://www.ilomantsi.fi/kirjasto","ei",""
"http://www.orivesi.fi/fi/palvelut/kirjasto","www.orivesi.fi","Digiopastus","seniorSurfGuidancePlaces.ts","http","rejected","https_available","200","495","1","https://www.orivesi.fi/fi/palvelut/kirjasto","ei",""
"http://www.riihimaki.fi/kirjasto/","www.riihimaki.fi","Digiopastus","seniorSurfGuidancePlaces.ts","http","rejected","https_available","200","153","1","https://www.riihimaki.fi/kirjasto/","ei",""
"http://heinavesi.fi/kirjasto","heinavesi.fi","Digiopastus","seniorSurfGuidancePlaces.ts","http","rejected","https_available","200","2417","1","https://heinavesi.fi/kirjasto","ei",""
"http://www.salo.fi/vapaaaikajamatkailu/kirjasto/","www.salo.fi","Digiopastus","seniorSurfGuidancePlaces.ts","http","rejected","https_available","200","155","1","https://www.salo.fi/vapaaaikajamatkailu/kirjasto/","ei",""
"http://www.seniorijelppi.fi/palvelu.html","www.seniorijelppi.fi","Digiopastus","seniorSurfGuidancePlaces.ts","http","rejected","https_available","200","44","1","https://www.seniorijelppi.fi/palvelu.html","ei",""
"http://www.padasjoki.fi/fi/Palvelut/Kirjasto,-kulttuuri-ja-kansalaisopisto/Kirjasto","www.padasjoki.fi","Digiopastus","seniorSurfGuidancePlaces.ts","http","rejected","https_required","404","692","1","","ei",""
"http://www.satakunnannakovammaiset.fi/","www.satakunnannakovammaiset.fi","Digiopastus","seniorSurfGuidancePlaces.ts","http","rejected","https_available","200","251","1","https://www.satakunnannakovammaiset.fi/","ei",""
"http://www.suomussalmi.fi/kirjasto","www.suomussalmi.fi","Digiopastus","seniorSurfGuidancePlaces.ts","http","rejected","https_required","404","183","1","","ei",""
"http://www.paimio.fi/kirjasto","www.paimio.fi","Digiopastus","seniorSurfGuidancePlaces.ts","http","rejected","https_available","200","934","1","https://www.paimio.fi/kirjasto","ei",""
"http://www.vantaa.fi/hallinto_ja_talous/tietoa_vantaasta/vantaa-info","www.vantaa.fi","Digiopastus","seniorSurfGuidancePlaces.ts","http","rejected","https_available","200","479","1","https://www.vantaa.fi/hallinto_ja_talous/tietoa_vantaasta/vantaa-info","ei",""
"http://www.taivassalo.fi/vapaa-aika/kirjasto","www.taivassalo.fi","Digiopastus","seniorSurfGuidancePlaces.ts","http","rejected","https_available","200","815","1","https://www.taivassalo.fi/vapaa-aika/kirjasto","ei",""
"http://www.urjala.fi/vapaa-aika-ja-kulttuuri/kirjasto","www.urjala.fi","Digiopastus","seniorSurfGuidancePlaces.ts","http","rejected","https_available","200","790","1","https://www.urjala.fi/vapaa-aika-ja-kulttuuri/kirjasto","ei",""
"https://02taksi.fi/","02 Taksi","Valtakunnalliset palvelut","constants.tsx","https","ok","","206","143","1","https://02taksi.fi/","ei",""
"https://116117.fi/","Päivystysapu","Valtakunnalliset palvelut","constants.tsx","https","ok","","200","46","1","https://116117.fi/","ei",""
"http://www.sysma.fi/kirjasto","www.sysma.fi","Digiopastus","seniorSurfGuidancePlaces.ts","http","rejected","https_available","200","1031","1","https://www.sysma.fi/kirjasto","ei",""
"https://akaa.fi/","akaa.fi","Kuntien verkkosivut","municipalityWebsites.ts","https","ok","","200","23","1","https://akaa.fi/","ei",""
"https://112.fi/","112 Suomi","Valtakunnalliset palvelut","constants.tsx","https","ok","","200","250","1","https://112.fi/etusivu","ei",""
"https://acoulu.fi/","AC Oulu","Urheiluseurat","localSportsClubs.ts","https","ok","","200","161","1","https://acoulu.fi/","ei",""
"https://akaa.fi/en/","akaa.fi","Kuntien kieliversiot","municipalityWebsiteLocales.ts","https","ok","","200","117","1","https://akaa.fi/en/","ei",""
"http://www.sastamalankylat.fi/vahahaara/","www.sastamalankylat.fi","Digiopastus","seniorSurfGuidancePlaces.ts","http","rejected","https_available","200","1445","1","https://www.sastamalankylat.fi/vahahaara/","ei",""
"https://akaa.fi/meidan-akaa/liikenneyhteydet/vau/","VAU-liikenne","Paikalliset palvelut","localServices.ts","https","ok","","200","215","1","https://akaa.fi/meidan-akaa/liikenneyhteydet/vau/","ei",""
"http://www.sauvo.fi/fi/palvelut/alisivu-4/sauvon-kirjasto/","www.sauvo.fi","Digiopastus","seniorSurfGuidancePlaces.ts","http","rejected","https_required","404","1810","1","","ei",""
"https://akaa.fi/terveys/hyvinvointia-elintavoilla/hyvinvointia-muuhun-arkeen/ikaihmiset/","akaa.fi","Senioripalvelut","localSeniorLinks.ts","https","ok","","200","290","1","https://akaa.fi/terveys/hyvinvointia-elintavoilla/hyvinvointia-muuhun-arkeen/ikaihmiset/","ei",""
"https://112.fi/hatanumero112","Hätänumero 112","Valtakunnalliset palvelut","constants.tsx","https","ok","","200","568","1","https://112.fi/hatanumero112","ei",""
"https://akaanseutu.fi/","akaanseutu.fi","Paikallislehdet","localNewspaperLinks.ts","https","ok","","200","69","1","https://akaanseutu.fi/","ei",""
"https://akaanseutu.fi/feed/","akaanseutu.fi","Paikallisuutiset","localNewspaperFeeds.ts","https","ok","","200","4","1","https://akaanseutu.fi/feed/","ei",""
"https://amosrex.fi/","Amos Rex","Valtakunnalliset palvelut","constants.tsx","https","ok","","200","67","1","https://amosrex.fi/","ei",""
"http://www.saarijarvi.fi/palvelut/kirjasto","www.saarijarvi.fi","Digiopastus","seniorSurfGuidancePlaces.ts","http","rejected","https_available","200","2309","1","https://www.saarijarvi.fi/palvelut/kirjasto","ei",""
"https://akaa.fi/kohteet/toijalan-nayttamo/","Toijalan Näyttämö","Valtakunnalliset palvelut","constants.tsx","https","ok","","200","243","1","https://akaa.fi/kohteet/toijalan-nayttamo/","ei",""
"https://anders.finna.fi/","Anders","Paikalliset palvelut","localServices.ts","https","ok","","206","144","1","https://anders.finna.fi/","ei",""
"https://appgallery.huawei.com/","Huawei AppGallery","Valtakunnalliset palvelut","constants.tsx","https","ok","","206","249","1","https://appgallery.huawei.com/","ei","empty_page"
"https://akaa.fi/meidan-akaa/liikenneyhteydet/","Akaa palveluliikenne","Liikenne","localServiceTransportLinks.ts","https","ok","","200","254","1","https://akaa.fi/meidan-akaa/liikenneyhteydet/","ei",""
"http://www.mantsala.fi/asukkaille/kirjasto","www.mantsala.fi","Digiopastus","seniorSurfGuidancePlaces.ts","http","rejected","https_available","200","3518","1","https://www.mantsala.fi/asukkaille/kirjasto","ei",""
"https://areena.yle.fi/","Yle Areena","Valtakunnalliset palvelut","constants.tsx","https","ok","","206","187","1","https://areena.yle.fi/tv","ei",""
"https://akaa.fi/tee-ja-viihdy/liikunta/erityisryhmien-liikunta/liikuntaryhmat/","akaa.fi","Liikunta","localExerciseLinks.ts","https","failed","http_status_error","404","204","1","https://akaa.fi/tee-ja-viihdy/liikunta/erityisryhmien-liikunta/liikuntaryhmat/","ei",""
"https://apps.apple.com/","App Store","Valtakunnalliset palvelut","constants.tsx","https","ok","","200","120","1","https://apps.apple.com/us/iphone/today","ei",""
"https://areena.yle.fi/audio","Yle Areena audio","Valtakunnalliset palvelut","constants.tsx","https","ok","","206","138","1","https://areena.yle.fi/podcastit","ei",""
"https://asikkala.fi/","asikkala.fi","Kuntien verkkosivut","municipalityWebsites.ts","https","ok","","200","258","1","https://asikkala.fi/","ei",""
"https://asikkala.fi/terveys-ja-hyvinvointi/senioripalvelut/","asikkala.fi","Senioripalvelut","localSeniorLinks.ts","https","ok","","200","197","1","https://asikkala.fi/terveys-ja-hyvinvointi/senioripalvelut/","ei",""
"https://artsandculture.google.com/","Google Arts & Culture","Valtakunnalliset palvelut","constants.tsx","https","ok","","200","412","1","https://artsandculture.google.com/","ei",""
"https://asikkala.fi/asuminen-ja-ymparisto/joukko-ja-palveluliikenne/","Asikkala palveluliikenne","Liikenne","localServiceTransportLinks.ts","https","ok","","200","201","1","https://asikkala.fi/asuminen-ja-ymparisto/joukko-ja-palveluliikenne/","ei",""
"https://askola.fi/","askola.fi","Kuntien verkkosivut","municipalityWebsites.ts","https","ok","","200","81","1","https://askola.fi/","ei",""
"https://alajarvi.fi/","alajarvi.fi","Kuntien verkkosivut","municipalityWebsites.ts","https","ok","","200","1467","1","https://alajarvi.fi/","ei",""
"https://assat.com/","Porin Ässät","Urheiluseurat","localSportsClubs.ts","https","ok","","200","14","1","https://assat.com/","ei",""
"http://www.nivala.fi/palvelukanava/de4ed45c-b0e6-41ac-8d9d-108dc7938017","www.nivala.fi","Digiopastus","seniorSurfGuidancePlaces.ts","http","rejected","https_required","404","4328","1","","ei",""
"https://asikkala.fi/feed/","asikkala.fi","Kuntauutiset","municipalityNewsFeeds.ts","https","ok","","200","124","1","https://asikkala.fi/feed/","ei",""
"https://annonsbladet.fi/","annonsbladet.fi","Paikallislehdet","localNewspaperLinks.ts","https","ok","","200","1695","1","https://annonsbladet.fi/","ei",""
"https://asunnot.oikotie.fi/","Oikotie Asunnot","Valtakunnalliset palvelut","constants.tsx","https","ok","","200","376","1","https://asunnot.oikotie.fi/","ei",""
"https://aurala.fi/aikuiset/seniorit/auralan-kurssit-ja-kerhot-senioreille","aurala.fi","Digiopastus","seniorSurfGuidancePlaces.ts","https","ok","","200","257","1","https://aurala.fi/tekemista-senioreille","ei",""
"https://avantimusic.fi/","Avanti! Kamariorkesteri","Valtakunnalliset palvelut","constants.tsx","https","ok","","200","119","1","https://avantimusic.fi/","ei",""
"https://blanka.finna.fi/","Blanka","Paikalliset palvelut","localServices.ts","https","ok","","206","121","1","https://blanka.finna.fi/","ei",""
"https://askola.fi/tapahtuma/3-9-liikuntaryhma-senioreille/","askola.fi","Liikunta","localExerciseLinks.ts","https","ok","","200","698","1","https://askola.fi/tapahtuma/3-9-liikuntaryhma-senioreille/","ei",""
"https://aura.fi/","aura.fi","Kuntien verkkosivut","municipalityWebsites.ts","https","ok","","200","139","1","https://www.aura.fi/","ei",""
"https://cocks.fi/","Riihimäen Cocks","Urheiluseurat","localSportsClubs.ts","https","ok","","200","147","1","https://cocks.fi/","ei",""
"https://deiplus.fi/radiot","Radio Dei","Valtakunnalliset palvelut","constants.tsx","https","ok","","200","85","1","https://deiplus.fi/radiot","ei",""
"https://askola.fi/asuminen-ja-elinymparisto/julkinen-liikenne/","Pukkila-Askola-Porvoo","Paikalliset palvelut","localServices.ts","https","ok","","200","335","1","https://askola.fi/asuminen-ja-elinymparisto/julkinen-liikenne/","ei",""
"https://danskebank.fi/sinulle/asiakaspalvelu","Danske Bank - seniorit ja erityisryhmät","Valtakunnalliset palvelut","constants.tsx","https","ok","","200","175","1","https://danskebank.fi/sinulle/asiakaspalvelu","ei",""
"https://edunvalvonta.dvv.fi/","DVV - holhous ja edunvalvonta","Valtakunnalliset palvelut","constants.tsx","https","ok","","200","160","1","https://edunvalvonta.dvv.fi/","ei",""
"https://askola.fi/feed/","askola.fi","Kuntauutiset","municipalityNewsFeeds.ts","https","ok","","200","146","1","https://askola.fi/feed/","ei",""
"https://digituki.hel.fi/","digituki.hel.fi","Digiopastus","seniorSurfGuidancePlaces.ts","https","ok","","200","351","1","https://digituki.hel.fi/","ei",""
"https://caritas-saatio.fi/hankkeet/digijelppari/","caritas-saatio.fi","Digiopastus","seniorSurfGuidancePlaces.ts","https","ok","","200","760","1","https://caritas-saatio.fi/palvelut/digijelppari/","ei",""
"https://elakeliitto.fi/","Eläkeliitto","Yhdistykset ja yhteisöt","communityLinks.ts","https","ok","","200","39","1","https://elakeliitto.fi/","ei",""
"https://annonsbladet.fi/feed/","annonsbladet.fi","Paikallisuutiset","localNewspaperFeeds.ts","https","ok","","200","1186","1","https://annonsbladet.fi/feed/","ei",""
"https://ateneum.fi/","Ateneum","Valtakunnalliset palvelut","constants.tsx","https","ok","","200","1458","1","https://ateneum.fi/","ei",""
"https://elakelaiset.fi/","Eläkeläiset ry","Yhdistykset ja yhteisöt","communityLinks.ts","https","ok","","200","319","1","https://elakelaiset.fi/","ei",""
"https://danskebank.fi/sinulle/asiakaspalvelu/sulkupalvelu","Danske Bank kortin sulkupalvelu","Valtakunnalliset palvelut","constants.tsx","https","ok","","200","114","1","https://danskebank.fi/sinulle/asiakaspalvelu/sulkupalvelu","ei",""
"https://en.kimitoon.fi/","en.kimitoon.fi","Kuntien kieliversiot","municipalityWebsiteLocales.ts","https","ok","","200","228","1","https://en.kimitoon.fi/","ei",""
"https://alajarvi.fi/kaupunki-ja-hallinto/asiointi-ja-yhteystiedot/palveluliikenne/","Alajärvi palveluliikenne","Liikenne","localServiceTransportLinks.ts","https","ok","","200","1479","1","https://alajarvi.fi/kaupunki-ja-hallinto/asiointi-ja-yhteystiedot/palveluliikenne/","ei",""
"https://elakelaiset.fi/jarjesto/aluejarjestot-ja-paikallisyhdistykset/","Eläkeläiset ry Kainuun Aluejärjestö","Yhdistykset ja yhteisöt","communityLinks.ts","https","ok","","200","200","1","https://elakelaiset.fi/jarjesto/aluejarjestot-ja-paikallisyhdistykset/","ei",""
"https://en.jakobstad.fi/","en.jakobstad.fi","Kuntien kieliversiot","municipalityWebsiteLocales.ts","https","ok","","200","528","1","https://en.jakobstad.fi/","ei",""
"https://enontekio.fi/","enontekio.fi","Kuntien verkkosivut","municipalityWebsites.ts","https","ok","","200","337","1","https://enontekio.fi/fi","ei",""
"https://en.korsholm.fi/","en.korsholm.fi","Kuntien kieliversiot","municipalityWebsiteLocales.ts","https","ok","","200","535","1","https://en.korsholm.fi/","ei",""
"https://enontekio.fi/liikunta-ja-kulttuuri/kirjasto/","enontekio.fi","Digiopastus","seniorSurfGuidancePlaces.ts","https","ok","","200","133","1","https://enontekio.fi/fi/vapaa-aika/kulttuuripalvelut/kirjasto","ei",""
"https://etela-hame.elakeliitto.fi/yhdistykset/","Eläkeliiton Etelä-Hämeen piiri","Yhdistykset ja yhteisöt","communityLinks.ts","https","ok","","200","63","1","https://etela-hame.elakeliitto.fi/yhdistykset/","ei",""
"https://enontekio.fi/en","enontekio.fi","Kuntien kieliversiot","municipalityWebsiteLocales.ts","https","ok","","200","131","1","https://enontekio.fi/en","ei",""
"https://elakeliitto.fi/yhdistykset/multia","elakeliitto.fi","Digiopastus","seniorSurfGuidancePlaces.ts","https","ok","","200","1131","1","https://multia.elakeliitto.fi/","ei",""
"https://enonkoski.fi/","enonkoski.fi","Kuntien verkkosivut","municipalityWebsites.ts","https","ok","","200","1089","1","https://enonkoski.fi/","ei",""
"https://enontekio.fi/fi/asuminen-ja-ymparisto/liikenne/palveluliikenne","Enontekiö palveluliikenne","Liikenne","localServiceTransportLinks.ts","https","ok","","200","147","1","https://enontekio.fi/fi/asuminen-ja-ymparisto/liikenne/palveluliikenne","ei",""
"https://etelasavonha.fi/","etelasavonha.fi","Paikalliset palvelut","localServices.ts","https","ok","","200","465","1","https://etelasavonha.fi/","ei",""
"https://enontekio.fi/se","enontekio.fi","Kuntien kieliversiot","municipalityWebsiteLocales.ts","https","ok","","200","134","1","https://enontekio.fi/se","ei",""
"https://evijarvi.fi/","evijarvi.fi","Kuntien verkkosivut","municipalityWebsites.ts","https","ok","","200","373","1","https://evijarvi.fi/","ei",""
"https://evijarvi.fi/asuminen-ja-ymparisto/linja-auto-ja-palveluliikenne","Evijärvi palveluliikenne","Liikenne","localServiceTransportLinks.ts","https","ok","","200","66","1","https://evijarvi.fi/asuminen-ja-ymparisto/linja-auto-ja-palveluliikenne","ei",""
"https://fc.tps.fi/","TPS","Urheiluseurat","localSportsClubs.ts","https","ok","","200","43","1","https://fc.tps.fi/","ei",""
"https://fcktp.fi/","FC KTP","Urheiluseurat","localSportsClubs.ts","https","ok","","200","217","1","https://fcktp.fi/","ei","empty_page"
"https://evl.fi/","Suomen ev.lut. kirkko","Valtakunnalliset palvelut","constants.tsx","https","ok","","200","714","1","https://evl.fi/","ei",""
"https://etelasavonha.fi/asiointikanavat/monitoimijakeskus-omatori/","etelasavonha.fi","Digiopastus","seniorSurfGuidancePlaces.ts","https","ok","","200","814","1","https://etelasavonha.fi/asiakkaan-opas/toimipisteet/omatori/omatorille/","ei",""
"https://exploreutsjoki.fi/yhteydet/","Utsjoen yhteydet","Paikalliset palvelut","localServices.ts","https","ok","","200","646","1","https://exploreutsjoki.fi/yhteydet/","ei","empty_page"
"https://enonkoski.fi/tiedoksi-koululaiskuljetus-ja-asiointiliikennereitit-1-8-2026-31-7-2029/","Enonkoski asiointiliikenne","Liikenne","localServiceTransportLinks.ts","https","ok","","200","1019","1","https://enonkoski.fi/tiedoksi-koululaiskuljetus-ja-asiointiliikennereitit-1-8-2026-31-7-2029/","ei",""
"https://fduv.fi/fi/lyhyestisuomeksi/","FDUV - ruotsinkieliset kehitysvammaiset","Valtakunnalliset palvelut","constants.tsx","https","ok","","200","201","1","https://fduv.fi/fi/lyhyestisuomeksi/","ei",""
"https://etelasavonha.fi/eloisa/uutiset/","etelasavonha.fi","Paikalliset palvelut","localServices.ts","https","ok","","200","14","1","https://etelasavonha.fi/eloisa/uutiset/","ei",""
"https://fclahti.fi/","FC Lahti","Urheiluseurat","localSportsClubs.ts","https","ok","","206","542","1","https://www.fclahti.fi/","ei",""
"https://fi.tallink.com/","Tallink Silja Line","Paikalliset palvelut","localServices.ts","https","ok","","200","344","1","https://www.tallink.com/fi","ei",""
"https://haapavesi.fi/","haapavesi.fi","Kuntien verkkosivut","municipalityWebsites.ts","https","ok","","200","257","1","https://haapavesi.fi/","ei",""
"https://hailuoto.fi/","hailuoto.fi","Kuntien verkkosivut","municipalityWebsites.ts","https","ok","","200","42","1","https://hailuoto.fi/","ei",""
"https://fi.thetimenow.com/worldclock.php","fi.thetimenow.com","Sivuston kiinteät linkit","components/Clock.tsx","https","warning","access_limited","403","438","1","https://fi.thetimenow.com/worldclock.php","ei",""
"https://haapavesi.fi/linja-autoyhteydet","Haapaveden linja-autoyhteydet","Paikalliset palvelut","localServices.ts","https","ok","","200","34","1","https://haapavesi.fi/linja-autoyhteydet","ei",""
"https://fi.wikipedia.org/","Wikipedia","Valtakunnalliset palvelut","constants.tsx","https","ok","","200","315","1","https://fi.wikipedia.org/wiki/Wikipedia:Etusivu","ei",""
"https://fibo.fi/","Suomalainen barokkiorkesteri","Valtakunnalliset palvelut","constants.tsx","https","ok","","200","425","1","https://fibo.fi/","ei",""
"https://hakemisto.kirjastot.fi/hartola/hartola/contact","hakemisto.kirjastot.fi","Digiopastus","seniorSurfGuidancePlaces.ts","https","ok","","200","29","1","https://hakemisto.kirjastot.fi/hartola/hartola/contact","ei",""
"https://hakemisto.kirjastot.fi/lappajarven_kirjasto","hakemisto.kirjastot.fi","Digiopastus","seniorSurfGuidancePlaces.ts","https","ok","","200","9","1","https://hakemisto.kirjastot.fi/lappajarven_kirjasto","ei",""
"https://hakemisto.kirjastot.fi/nurmes","hakemisto.kirjastot.fi","Digiopastus","seniorSurfGuidancePlaces.ts","https","ok","","200","10","1","https://hakemisto.kirjastot.fi/nurmes","ei",""
"https://evl.fi/apua-ja-tukea/kirkon-keskusteluapu/","Kirkon keskusteluapu","Valtakunnalliset palvelut","constants.tsx","https","ok","","200","709","1","https://evl.fi/apua-ja-tukea/kirkon-keskusteluapu/","ei",""
"https://halsua.fi/","halsua.fi","Kuntien verkkosivut","municipalityWebsites.ts","https","ok","","200","277","1","https://halsua.fi/","ei",""
"https://hailuoto.fi/liikunta/senioriliikunta/","hailuoto.fi","Liikunta","localExerciseLinks.ts","https","ok","","200","396","1","https://hailuoto.fi/liikunta/senioriliikunta/","ei",""
"https://hameenkyro.fi/","hameenkyro.fi","Kuntien verkkosivut","municipalityWebsites.ts","https","ok","","200","211","1","https://hameenkyro.fi/","ei",""
"http://kirjasto.kustavi.fi/palvelut.html","kirjasto.kustavi.fi","Digiopastus","seniorSurfGuidancePlaces.ts","http","rejected","https_required","","10531","1","","ei",""
"https://hameenlinnanjoukkoliikenne.fi/","Hämeenlinnan joukkoliikenne","Paikalliset palvelut","localServices.ts","https","ok","","200","58","1","https://hameenlinnanjoukkoliikenne.fi/","ei",""
"https://hameenlinnanjoukkoliikenne.fi/aikataulut-ja-reitit/talviaikataulut-12-8-2026-6-6-2027/","Hämeenlinna Palvelulinja Seiska","Liikenne","localServiceTransportLinks.ts","https","ok","","200","73","1","https://hameenlinnanjoukkoliikenne.fi/aikataulut-ja-reitit/talviaikataulut-12-8-2026-6-6-2027/","ei",""
"https://enonkoski.fi/feed/","enonkoski.fi","Kuntauutiset","municipalityNewsFeeds.ts","https","ok","","200","968","1","https://enonkoski.fi/feed/","ei",""
"https://halsua.fi/feed/","halsua.fi","Kuntauutiset","municipalityNewsFeeds.ts","https","ok","","200","136","1","https://halsua.fi/feed/","ei",""
"https://hameenkyronsanomat.fi/","hameenkyronsanomat.fi","Paikallislehdet","localNewspaperLinks.ts","https","ok","","200","154","1","https://hameenkyronsanomat.fi/","ei",""
"https://hameenkyro.fi/palvelut/asuminen-ja-elinymparisto/kartat-ja-liikenne/joukkoliikenne/","Hämeenkyrö palveluliikenne","Liikenne","localServiceTransportLinks.ts","https","ok","","200","186","1","https://hameenkyro.fi/palvelut/asuminen-ja-elinymparisto/kartat-ja-liikenne/joukkoliikenne/","ei",""
"https://hailuoto.fi/feed/","hailuoto.fi","Kuntauutiset","municipalityNewsFeeds.ts","https","ok","","200","222","1","https://hailuoto.fi/feed/","ei",""
"https://hameenkyronsanomat.fi/feed/","hameenkyronsanomat.fi","Paikallisuutiset","localNewspaperFeeds.ts","https","ok","","200","49","1","https://hameenkyronsanomat.fi/feed/","ei",""
"https://hanko.fi/","hanko.fi","Kuntien verkkosivut","municipalityWebsites.ts","https","ok","","200","208","1","https://hanko.fi/","ei",""
"https://hameenkyro.fi/palvelut/kulttuuri-ja-vapaa-aika/liikunta-ja-ulkoilu/ohjattu-liikunta/","hameenkyro.fi","Liikunta","localExerciseLinks.ts","https","ok","","200","174","1","https://hameenkyro.fi/palvelut/kulttuuri-ja-vapaa-aika/liikunta-ja-ulkoilu/ohjattu-liikunta/","ei",""
"https://hanko.fi/feed/","hanko.fi","Kuntauutiset","municipalityNewsFeeds.ts","https","ok","","200","131","1","https://hanko.fi/feed/","ei",""
"https://harmanliikenne.fi/reittiliikenne/","Härmän Liikenne reittiliikenne","Paikalliset palvelut","localServices.ts","https","ok","","200","340","1","https://harmanliikenne.fi/reittiliikenne/","ei",""
"https://hanko.fi/sv/","hanko.fi","Kuntien kieliversiot","municipalityWebsiteLocales.ts","https","ok","","200","166","1","https://hanko.fi/sv/","ei",""
"https://hailuoto.fi/saapuminen/linja-auto/","Hailuodon linja-auto","Paikalliset palvelut","localServices.ts","https","ok","","200","650","1","https://hailuoto.fi/saapuminen/linja-auto/","ei",""
"https://hanko.fi/sv/halsa-och-valmaende/tjanster-for-aldre/","hanko.fi","Senioripalvelut","localSeniorLinks.ts","https","ok","","200","162","1","https://hanko.fi/sv/halsa-och-valmaende/tjanster-for-aldre/","ei",""
"https://enonkoski.fi/asukkaille/liikuntapalvelut/","enonkoski.fi","Liikunta","localExerciseLinks.ts","https","ok","","200","1043","1","https://enonkoski.fi/asukkaille/liikuntapalvelut/","ei",""
"https://hattula.fi/","hattula.fi","Kuntien verkkosivut","municipalityWebsites.ts","https","ok","","200","635","1","https://hattula.fi/","ei",""
"https://hattula.fi/soveltava-liikunta/","hattula.fi","Liikunta","localExerciseLinks.ts","https","ok","","200","684","1","https://hattula.fi/palvelut/vapaa-aika/liikunta/soveltava-liikunta/","ei",""
"https://hattula.fi/briefly-in-english/","hattula.fi","Kuntien kieliversiot","municipalityWebsiteLocales.ts","https","ok","","200","447","1","https://hattula.fi/briefly-in-english/","ei",""
"https://hattula.fi/feed/","hattula.fi","Kuntauutiset","municipalityNewsFeeds.ts","https","ok","","200","230","1","https://hattula.fi/feed/","ei",""
"https://hel.fi/","hel.fi","Kuntien verkkosivut","municipalityWebsites.ts","https","ok","","206","435","1","https://www.hel.fi/fi","ei",""
"https://heilikirjastot.fi/","Heili-kirjastot","Paikalliset palvelut","localServices.ts","https","ok","","200","698","1","https://heilikirjastot.fi/","ei",""
"https://helle.finna.fi/","Helle-kirjastot","Paikalliset palvelut","localServices.ts","https","ok","","206","143","1","https://helle.finna.fi/","ei",""
"https://helmet.finna.fi/","Helmet","Valtakunnalliset palvelut","constants.tsx","https","ok","","206","125","1","https://helmet.finna.fi/","ei",""
"https://helmet.finna.fi/OrganisationInfo/Home","helmet.finna.fi","Digiopastus","seniorSurfGuidancePlaces.ts","https","ok","","206","90","1","https://helmet.finna.fi/OrganisationInfo/Home","ei",""
"https://helsinginkaupunginorkesteri.fi/","Helsingin kaupunginorkesteri","Valtakunnalliset palvelut","constants.tsx","https","ok","","206","214","1","https://helsinginkaupunginorkesteri.fi/fi","ei",""
"https://hifkfotboll.fi/","HIFK Fotboll","Urheiluseurat","localSportsClubs.ts","https","ok","","200","52","1","https://hifkfotboll.fi/","ei",""
"https://hkt.fi/","Helsingin Kaupunginteatteri","Valtakunnalliset palvelut","constants.tsx","https","ok","","200","81","1","https://hkt.fi/","ei",""
"https://hjk.fi/","HJK","Urheiluseurat","localSportsClubs.ts","https","ok","","200","213","1","https://www.hjk.fi/","ei",""
"https://hartola.fi/","hartola.fi","Kuntien verkkosivut","municipalityWebsites.ts","https","ok","","200","4054","1","https://hartola.fi/","ei",""
"https://hollola.fi/","hollola.fi","Kuntien kieliversiot","municipalityWebsiteLocales.ts","https","ok","","200","337","1","https://hollola.fi/","ei",""
"https://hpk.fi/","HPK","Urheiluseurat","localSportsClubs.ts","https","ok","","200","133","1","https://hpk.fi/","ei",""
"https://hartola.fi/feed/","hartola.fi","Kuntauutiset","municipalityNewsFeeds.ts","https","ok","","200","345","1","https://hartola.fi/feed/","ei",""
"https://hollola.fi/asuminen-ja-ymparisto/kadut-ja-liikenne/joukkoliikenne/","Hollola palveluliikenne","Liikenne","localServiceTransportLinks.ts","https","ok","","200","309","1","https://hollola.fi/asuminen-ja-ymparisto/kadut-ja-liikenne/joukkoliikenne/","ei",""
"https://hyrynsalmi.fi/asuminen-ja-ymparisto/tiet-ja-yleiset-alueet/asiointiliikenne/","Hyrynsalmi palveluliikenne","Liikenne","localServiceTransportLinks.ts","https","ok","","200","274","1","https://hyrynsalmi.fi/asuminen-ja-ymparisto/tiet-ja-yleiset-alueet/asiointiliikenne/","ei",""
"https://hyrynsalmi.fi/kulttuuri-ja-vapaa-aika/liikunta/sisaliikuntapaikat/liikuntaryhmat/","hyrynsalmi.fi","Liikunta","localExerciseLinks.ts","https","ok","","200","243","1","https://hyrynsalmi.fi/kulttuuri-ja-vapaa-aika/liikunta/sisaliikuntapaikat/liikuntaryhmat/","ei",""
"https://hollola.fi/vapaa-aika/liikunta/sisaliikunta/","hollola.fi","Liikunta","localExerciseLinks.ts","https","ok","","200","301","1","https://hollola.fi/vapaa-aika/liikunta/sisaliikunta/","ei",""
"https://hartola.fi/matkailu-ja-vapaa-aika/liikunta/liikuntaneuvonta/","hartola.fi","Liikunta","localExerciseLinks.ts","https","ok","","200","497","1","https://hartola.fi/matkailu-ja-vapaa-aika/liikunta/liikuntaneuvonta/","ei",""
"https://hyrynsalmi.fi/feed/","hyrynsalmi.fi","Kuntauutiset","municipalityNewsFeeds.ts","https","ok","","200","141","1","https://hyrynsalmi.fi/feed/","ei",""
"https://hyvinvointialue.kainuu.fi/tiedotteet","hyvinvointialue.kainuu.fi","Paikalliset palvelut","localServices.ts","https","ok","","206","141","1","https://hyvinvointialue.kainuu.fi/tiedotteet","ei",""
"https://iisalmi.fi/asuminen-ja-ymparisto/kadut-ja-liikenne/julkinen-liikenne/pali-palveluliikenne/","Iisalmi palveluliikenne","Liikenne","localServiceTransportLinks.ts","https","ok","","200","170","1","https://iisalmi.fi/asuminen-ja-ymparisto/kadut-ja-liikenne/julkinen-liikenne/pali-palveluliikenne/","ei",""
"https://ikaalinen.fi/","ikaalinen.fi","Kuntien verkkosivut","municipalityWebsites.ts","https","ok","","200","114","1","https://ikaalinen.fi/","ei",""
"https://hyrynsalmi.fi/en/","hyrynsalmi.fi","Kuntien kieliversiot","municipalityWebsiteLocales.ts","https","ok","","200","174","1","https://hyrynsalmi.fi/en/","ei",""
"https://ikaalinen.fi/asuminen-ja-ymparisto/kaupunkiymparisto-ja-liikenne-2/joukkoliikenne/","Ikaalinen palveluliikenne","Liikenne","localServiceTransportLinks.ts","https","ok","","200","30","1","https://ikaalinen.fi/asuminen-ja-ymparisto/kaupunkiymparisto-ja-liikenne-2/joukkoliikenne/","ei",""
"https://ikaalinen.fi/kulttuuri-ja-vapaa-aika/liikuntapalvelut/liikuntaneuvonta/","ikaalinen.fi","Liikunta","localExerciseLinks.ts","https","ok","","200","28","1","https://ikaalinen.fi/kulttuuri-ja-vapaa-aika/liikuntapalvelut/liikuntaneuvonta/","ei",""
"https://iisalmi.fi/liikuntapalvelut-hakee-tuntiohjaajia-kaudelle-2025-2026/","iisalmi.fi","Liikunta","localExerciseLinks.ts","https","ok","","200","187","1","https://iisalmi.fi/liikuntapalvelut-hakee-tuntiohjaajia-kaudelle-2025-2026/","ei",""
"https://hartola.fi/hartolan-kunnan-palvelu-ja-asiointiliikenne/","Hartola palveluliikenne","Liikenne","localServiceTransportLinks.ts","https","ok","","200","427","1","https://hartola.fi/hartolan-kunnan-palvelu-ja-asiointiliikenne/","ei",""
"https://iisalmi.fi/feed/","iisalmi.fi","Kuntauutiset","municipalityNewsFeeds.ts","https","ok","","200","136","1","https://iisalmi.fi/feed/","ei",""
"https://ilmajoki.fi/","ilmajoki.fi","Kuntien verkkosivut","municipalityWebsites.ts","https","ok","","200","158","1","https://ilmajoki.fi/","ei",""
"https://hebo.fi/","Helsingin Barokkiorkesteri","Valtakunnalliset palvelut","constants.tsx","https","ok","","200","3756","1","https://www.hebo.fi/fi/","ei",""
"https://ilmonet.fi/","ilmonet.fi","Digiopastus","seniorSurfGuidancePlaces.ts","https","ok","","200","136","1","https://ilmonet.fi/","ei",""
"https://ilmajoki.fi/harrasta-ja-viihdy/liikunta/liikuntaryhmat/","ilmajoki.fi","Liikunta","localExerciseLinks.ts","https","ok","","200","45","1","https://ilmajoki.fi/harrasta-ja-viihdy/liikunta/liikuntaryhmat/","ei",""
"https://hankasalmi.fi/","hankasalmi.fi","Kuntien verkkosivut","municipalityWebsites.ts","https","ok","","200","6234","1","https://hankasalmi.fi/","ei",""
"https://ilkkapohjalainen.fi/","ilkkapohjalainen.fi","Paikalliset palvelut","localServices.ts","https","ok","","200","460","1","https://www.ilkkapohjalainen.fi/","ei",""
"https://ikaalinen.fi/feed/","ikaalinen.fi","Kuntauutiset","municipalityNewsFeeds.ts","https","ok","","200","578","1","https://ikaalinen.fi/feed/","ei",""
"https://ilmajoki.fi/ilmajoki-in-english/","ilmajoki.fi","Kuntien kieliversiot","municipalityWebsiteLocales.ts","https","ok","","200","52","1","https://ilmajoki.fi/ilmajoki-in-english/","ei",""
"https://iitinseutu.fi/","iitinseutu.fi","Paikallislehdet","localNewspaperLinks.ts","https","ok","","200","1177","1","https://iitinseutu.fi/","ei",""
"https://ilves.fi/","Ilves","Urheiluseurat","localSportsClubs.ts","https","ok","","200","373","1","https://ilves.fi/","ei",""
"https://isojoki.fi/","isojoki.fi","Kuntien verkkosivut","municipalityWebsites.ts","https","ok","","200","229","1","https://isojoki.fi/","ei",""
"https://ilmonet.fi/course/H223525","ilmonet.fi","Digiopastus","seniorSurfGuidancePlaces.ts","https","ok","","200","610","1","https://ilmonet.fi/course/H223525","ei",""
"https://isojoki.fi/english/","isojoki.fi","Kuntien kieliversiot","municipalityWebsiteLocales.ts","https","ok","","200","199","1","https://isojoki.fi/english/","ei",""
"https://isokyro.fi/","isokyro.fi","Kuntien verkkosivut","municipalityWebsites.ts","https","ok","","206","62","1","https://isokyro.fi/","ei",""
"https://isokyro.fi/hyvinvointi-ja-vapaa-aika/ikaihmiset/","isokyro.fi","Senioripalvelut","localSeniorLinks.ts","https","ok","","206","5","1","https://isokyro.fi/hyvinvointi-ja-vapaa-aika/ikaihmiset/","ei",""
"https://isokyro.fi/kunta-ja-hallinto/asiointipiste/","isokyro.fi","Digiopastus","seniorSurfGuidancePlaces.ts","https","ok","","206","6","1","https://isokyro.fi/kunta-ja-hallinto/asiointipiste/","ei",""
"https://isojoki.fi/feed/","isojoki.fi","Kuntauutiset","municipalityNewsFeeds.ts","https","ok","","200","132","1","https://isojoki.fi/feed/","ei",""
"https://international.rovaniemi.fi/","international.rovaniemi.fi","Kuntien kieliversiot","municipalityWebsiteLocales.ts","https","ok","","200","527","1","https://international.rovaniemi.fi/","ei",""
"https://ilmonet.fi/course/H222362","ilmonet.fi","Digiopastus","seniorSurfGuidancePlaces.ts","https","ok","","200","299","1","https://ilmonet.fi/course/H222362","ei",""
"https://isojoki.fi/aitiysliikuntaryhma-jatkaa-toimintaansa-syksylla-2023/","isojoki.fi","Liikunta","localExerciseLinks.ts","https","ok","","200","216","1","https://isojoki.fi/aitiysliikuntaryhma-jatkaa-toimintaansa-syksylla-2023/","ei",""
"https://itauusimaa.fi/","itauusimaa.fi","Paikalliset palvelut","localServices.ts","https","ok","","200","283","1","https://itauusimaa.fi/","ei",""
"https://isojoki.fi/asuminen-ja-ymparisto/isojoen-kunnan-asiointiliikenne-ja-aikataulut/","Isojoki asiointiliikenne","Liikenne","localServiceTransportLinks.ts","https","ok","","200","226","1","https://isojoki.fi/asuminen-ja-ymparisto/isojoen-kunnan-asiointiliikenne-ja-aikataulut/","ei",""
"https://hankasalmi.fi/feed/","hankasalmi.fi","Kuntauutiset","municipalityNewsFeeds.ts","https","ok","","200","1455","1","https://hankasalmi.fi/feed/","ei",""
"https://ilmonet.fi/search?txt=digituki&com=3&status=-10000&page=1&limits=16&list_type=30&sort=2500","ilmonet.fi","Digiopastus","seniorSurfGuidancePlaces.ts","https","ok","","200","142","1","https://ilmonet.fi/search?txt=digituki&com=3&status=-10000&page=1&limits=16&list_type=30&sort=2500","ei",""
"https://itauusimaa.fi/ajankohtaista/","itauusimaa.fi","Paikalliset palvelut","localServices.ts","https","ok","","200","188","1","https://itauusimaa.fi/ajankohtaista/","ei",""
"https://itak.fi/","Itä-Suomen tanssin aluekeskus","Valtakunnalliset palvelut","constants.tsx","https","ok","","200","829","1","https://www.itak.fi/fi","ei",""
"https://jamijarvi.fi/","jamijarvi.fi","Kuntien verkkosivut","municipalityWebsites.ts","https","ok","","200","131","1","https://jamijarvi.fi/","ei",""
"https://jamsa.fi/asuminen-ja-ymparisto/kadut-ja-liikenne/kadut-ja-liikenne/joukkoliikenne/","Jämsän joukkoliikenne","Paikalliset palvelut","localServices.ts","https","ok","","200","181","1","https://jamsa.fi/asuminen-ja-ymparisto/kadut-ja-liikenne/kadut-ja-liikenne/joukkoliikenne/","ei",""
"https://jakobstad.fi/","jakobstad.fi","Kuntien kieliversiot","municipalityWebsiteLocales.ts","https","ok","","200","708","1","https://jakobstad.fi/","ei",""
"https://jamijarvi.fi/en/etusivu-english/","jamijarvi.fi","Kuntien kieliversiot","municipalityWebsiteLocales.ts","https","ok","","200","282","1","https://jamijarvi.fi/en/etusivu-english/","ei",""
"https://ilmonet.fi/search?cgt=875&com=4&status=-10000&page=1&limits=16&list_type=30&sort=2500","ilmonet.fi","Digiopastus","seniorSurfGuidancePlaces.ts","https","ok","","200","142","1","https://ilmonet.fi/search?cgt=875&com=4&status=-10000&page=1&limits=16&list_type=30&sort=2500","ei",""
"https://jojo.fi/","JoJo – Oulun Tanssin Keskus","Valtakunnalliset palvelut","constants.tsx","https","ok","","200","108","1","https://jojo.fi/","ei",""
"https://joensuunmaila.fi/","Joensuun Maila","Urheiluseurat","localSportsClubs.ts","https","ok","","200","316","1","https://joensuunmaila.fi/","ei",""
"https://jchelsinki.fi/","Helsingin juutalainen seurakunta","Valtakunnalliset palvelut","constants.tsx","https","ok","","200","44","1","https://jchelsinki.fi/","ei",""
"https://joki.finna.fi/","Joki-kirjastot","Paikalliset palvelut","localServices.ts","https","ok","","206","166","1","https://joki.finna.fi/","ei",""
"https://jakobstad.fi/trafikforbindelser","Pietarsaaren liikenneyhteydet","Paikalliset palvelut","localServices.ts","https","ok","","200","447","1","https://jakobstad.fi/trafikforbindelser","ei",""
"https://jojo.joensuu.fi/","JOJO","Valtakunnalliset palvelut","constants.tsx","https","ok","","200","513","1","https://jojo.joensuu.fi/","ei",""
"https://juupajoki.fi/","juupajoki.fi","Kuntien verkkosivut","municipalityWebsites.ts","https","ok","","200","331","1","https://juupajoki.fi/","ei",""
"https://jamsa.fi/vapaa-aika/liikunta-ja-ulkoilu/erityis-ja-terveysliikunta/lupa-liikkua-seniori-ja-vammaispassi/","jamsa.fi","Liikunta","localExerciseLinks.ts","https","ok","","200","545","1","https://jamsa.fi/vapaa-aika/liikunta-ja-ulkoilu/erityis-ja-terveysliikunta/lupa-liikkua-seniori-ja-vammaispassi/","ei",""
"https://juupajoki.fi/en/","juupajoki.fi","Kuntien kieliversiot","municipalityWebsiteLocales.ts","https","ok","","200","156","1","https://juupajoki.fi/en/","ei",""
"https://kaarina.fi/","kaarina.fi","Kuntien verkkosivut","municipalityWebsites.ts","https","ok","","206","80","1","https://kaarina.fi/fi","ei",""
"https://kaarina.fi/fi/kulttuuri-ja-vapaa-aika/kirjasto/laite-ja-digiopastukset","kaarina.fi","Digiopastus","seniorSurfGuidancePlaces.ts","https","ok","","206","14","1","https://kaarina.fi/fi/kulttuuri-ja-vapaa-aika/kirjasto/laite-ja-digiopastukset","ei",""
"https://kaarina.fi/fi/kulttuuri-ja-vapaa-aika/liikunta/ikaantyvien-ohjatut-liikuntaryhmat","kaarina.fi","Liikunta","localExerciseLinks.ts","https","ok","","206","8","1","https://kaarina.fi/fi/kulttuuri-ja-vapaa-aika/liikunta/ikaantyvien-ohjatut-liikuntaryhmat","ei",""
"https://kaavi.fi/","kaavi.fi","Kuntien verkkosivut","municipalityWebsites.ts","https","ok","","206","98","1","https://kaavi.fi/","ei",""
"https://jakobstad.fi/invanare/framjande-av-valfard-och-halsa/valfarstjanster-for-seniorer","jakobstad.fi","Senioripalvelut","localSeniorLinks.ts","https","ok","","200","424","1","https://jakobstad.fi/invanare/framjande-av-valfard-och-halsa/valfarstjanster-for-seniorer","ei",""
"https://juupajoki.fi/vapaa-aika-ja-hyvinvointi/liikuntapalvelut/","juupajoki.fi","Liikunta","localExerciseLinks.ts","https","ok","","200","277","1","https://juupajoki.fi/vapaa-aika-ja-hyvinvointi/liikuntapalvelut/","ei",""
"https://jyvaskyla.digitransit.fi/","Linkki reittiopas","Valtakunnalliset palvelut","constants.tsx","https","ok","","200","194","1","https://jyvaskyla.digitransit.fi/","ei",""
"https://kainet.finna.fi/","Kainet-kirjastot","Paikalliset palvelut","localServices.ts","https","ok","","206","136","1","https://kainet.finna.fi/","ei",""
"https://jojo.joensuu.fi/aikataulut-ja-reitit","JOJO reittiopas","Valtakunnalliset palvelut","constants.tsx","https","ok","","200","466","1","https://jojo.joensuu.fi/aikataulut-ja-reitit/","ei",""
"https://kaavi.fi/feed/","kaavi.fi","Kuntauutiset","municipalityNewsFeeds.ts","https","ok","","200","342","1","https://kaavi.fi/feed/","ei",""
"https://juupajoki.fi/hallinto-ja-paatoksenteko/tietoa-juupajoesta/liikenneyhteydet/","Juupajoki palveluliikenne","Liikenne","localServiceTransportLinks.ts","https","ok","","200","206","1","https://juupajoki.fi/hallinto-ja-paatoksenteko/tietoa-juupajoesta/liikenneyhteydet/","ei",""
"https://kainuunhyvinvointialue.fi/","kainuunhyvinvointialue.fi","Paikalliset palvelut","localServices.ts","https","ok","","206","175","1","https://hyvinvointialue.kainuu.fi/","kyllä",""
"https://jyvala.fi/tietsikkatiistai/","jyvala.fi","Digiopastus","seniorSurfGuidancePlaces.ts","https","ok","","200","696","1","https://jyvala.fi/tietsikkatiistai/","ei",""
"https://kajaani.fi/en/home/","kajaani.fi","Kuntien kieliversiot","municipalityWebsiteLocales.ts","https","ok","","200","363","1","https://kajaani.fi/en/","ei",""
"https://juupajoki.fi/feed/","juupajoki.fi","Kuntauutiset","municipalityNewsFeeds.ts","https","ok","","200","198","1","https://juupajoki.fi/feed/","ei",""
"https://kajaaninjoukkoliikenne.fi/","Kajaani palveluliikenne","Liikenne","localServiceTransportLinks.ts","https","ok","","200","301","1","https://kajaaninjoukkoliikenne.fi/","ei",""
"https://jonnejaminne.fi/","Jonne ja Minne","Paikalliset palvelut","localServices.ts","https","ok","","200","1547","1","https://jonnejaminne.fi/","ei",""
"https://kaleva.fi/feedit/rss/managed-listing/oulun-seutu/","kaleva.fi","Paikallisuutiset","localNewspaperFeeds.ts","https","ok","","206","204","1","https://www.kaleva.fi/feedit/rss/managed-listing/oulun-seutu/","ei",""
"https://kalliola.fi/osallistu-toimintaamme/naapuruustalot-ja-kohtaamispaikat/naapuruustalo-matinkyla/","kalliola.fi","Digiopastus","seniorSurfGuidancePlaces.ts","https","ok","","200","223","1","https://kalliola.fi/osallistu-toimintaamme/naapuruustalot-ja-kohtaamispaikat/naapuruustalo-matinkyla/","ei",""
"https://hankasalmi.fi/kulttuuri-liikunta-ja-nuoret/liikuntapalvelut/ohjattu-liikunta/","hankasalmi.fi","Liikunta","localExerciseLinks.ts","https","ok","","200","2306","1","https://hankasalmi.fi/kulttuuri-liikunta-ja-nuoret/liikuntapalvelut/ohjattu-liikunta/","ei",""
"https://kangasalansanomat.fi/","kangasalansanomat.fi","Paikallislehdet","localNewspaperLinks.ts","https","ok","","200","197","1","https://kangasalansanomat.fi/","ei",""
"https://kajaaninjoukkoliikenne.fi/kainuun-kuntien-valinen-joukkoliikenne/","Kainuun kuntien välinen joukkoliikenne","Paikalliset palvelut","localServices.ts","https","ok","","200","223","1","https://kajaaninjoukkoliikenne.fi/kainuun-kuntien-valinen-joukkoliikenne/","ei",""
"https://kajaani.fi/kulttuuri-ja-liikunta/liikunta/ohjattu-liikunta/","kajaani.fi","Liikunta","localExerciseLinks.ts","https","ok","","200","289","1","https://kajaani.fi/kulttuuri-ja-liikunta/liikunta/ohjattu-liikunta/","ei",""
"https://kangasalansanomat.fi/feed/","kangasalansanomat.fi","Paikallisuutiset","localNewspaperFeeds.ts","https","ok","","200","159","1","https://kangasalansanomat.fi/feed/","ei",""
"https://kaavi.fi/mokkilaiset/","Kaavi asiointiliikenne","Liikenne","localServiceTransportLinks.ts","https","ok","","206","744","1","https://kaavi.fi/tekemista-kaavilla/vapaa-aika-ja-harrastukset/mokkilaiset/","ei",""
"https://kajaani.fi/feed/","kajaani.fi","Kuntauutiset","municipalityNewsFeeds.ts","https","ok","","200","284","1","https://kajaani.fi/feed/","ei",""
"https://kannonkoski.fi/","kannonkoski.fi","Kuntien verkkosivut","municipalityWebsites.ts","https","ok","","200","524","1","https://kannonkoski.fi/","ei",""
"https://kannonkoski.fi/seniorit","kannonkoski.fi","Senioripalvelut","localSeniorLinks.ts","https","ok","","200","35","1","https://kannonkoski.fi/seniorit","ei",""
"https://kangasniemi.verkkokirjasto.fi/","Kangasniemen kirjasto","Paikalliset palvelut","localServices.ts","https","ok","","200","806","1","https://kangasniemi.verkkokirjasto.fi/","ei",""
"https://kannonkoski.fi/liikuntaryhmat","kannonkoski.fi","Liikunta","localExerciseLinks.ts","https","ok","","200","33","1","https://kannonkoski.fi/liikuntaryhmat","ei",""
"https://kannonkoski.fi/rss.xml","kannonkoski.fi","Kuntauutiset","municipalityNewsFeeds.ts","https","ok","","200","43","1","https://kannonkoski.fi/rss.xml","ei",""
"https://kalpa.fi/","KalPa","Urheiluseurat","localSportsClubs.ts","https","ok","","200","1053","1","https://kalpa.fi/","ei",""
"https://kapsakki.fi/","Musiikkiteatteri Kapsäkki","Valtakunnalliset palvelut","constants.tsx","https","ok","","200","38","1","https://kapsakki.fi/","ei",""
"https://kannonkoski.fi/kannonkoski-in-english","kannonkoski.fi","Kuntien kieliversiot","municipalityWebsiteLocales.ts","https","ok","","200","62","1","https://kannonkoski.fi/kannonkoski-in-english","ei",""
"https://kannus.fi/","kannus.fi","Kuntien verkkosivut","municipalityWebsites.ts","https","ok","","200","1099","1","https://kannus.fi/","ei",""
"https://karijoki.fi/","karijoki.fi","Kuntien verkkosivut","municipalityWebsites.ts","https","ok","","200","714","1","https://karijoki.fi/","ei",""
"https://kannus.fi/feed/","kannus.fi","Kuntauutiset","municipalityNewsFeeds.ts","https","ok","","200","262","1","https://kannus.fi/feed/","ei",""
"https://kansallisarkisto.fi/","Kansallisarkisto","Valtakunnalliset palvelut","constants.tsx","https","ok","","200","910","1","https://kansallisarkisto.fi/etusivu","ei",""
"https://kalajoki.fi/vapaa-aika-ja-liikunta/kirjasto/","kalajoki.fi","Digiopastus","seniorSurfGuidancePlaces.ts","https","ok","","200","1605","1","https://kalajoki.fi/fi/vapaa-aika/kirjasto","ei",""
"https://karijoki.fi/english/","karijoki.fi","Kuntien kieliversiot","municipalityWebsiteLocales.ts","https","ok","","200","284","1","https://karijoki.fi/english/","ei",""
"https://kansalaisopistot.fi/","Kansalaisopistot","Valtakunnalliset palvelut","constants.tsx","https","ok","","200","1086","1","https://kansalaisopistot.fi/","ei",""
"https://karpat.fi/","Oulun Kärpät","Urheiluseurat","localSportsClubs.ts","https","ok","","200","141","1","https://www.karpat.fi/","ei",""
"https://karkola.fi/2025/06/27/omppukyyti-palveluliikenne/","Kärkölä palveluliikenne","Liikenne","localServiceTransportLinks.ts","https","ok","","200","455","1","https://karkola.fi/2025/06/27/omppukyyti-palveluliikenne/","ei",""
"https://karijoki.fi/feed/","karijoki.fi","Kuntauutiset","municipalityNewsFeeds.ts","https","ok","","200","155","1","https://karijoki.fi/feed/","ei",""
"https://karkola.fi/feed/","karkola.fi","Kuntauutiset","municipalityNewsFeeds.ts","https","ok","","200","318","1","https://karkola.fi/feed/","ei",""
"https://karstula.fi/","karstula.fi","Kuntien verkkosivut","municipalityWebsites.ts","https","ok","","200","272","1","https://karstula.fi/","ei",""
"https://karkkila.fi/asuminen-ja-ymparisto/joukkoliikenne/","Karkkila palveluliikenne","Liikenne","localServiceTransportLinks.ts","https","ok","","200","1533","1","https://karkkila.fi/asuminen-ja-ymparisto/joukkoliikenne/","ei",""
"https://karstula.fi/asuminen-ja-ymparisto/kunnallistekniikka/katujen-ja-yleisten-alueiden-kunnossapito/liikenneturvallisuus/","Karstula palveluliikenne","Liikenne","localServiceTransportLinks.ts","https","ok","","200","227","1","https://karstula.fi/asuminen-ja-ymparisto/kunnallistekniikka/katujen-ja-yleisten-alueiden-kunnossapito/liikenneturvallisuus/","ei",""
"https://kannus.fi/vapaa-aika/liikunta/ajankohtaista/ohjattu-liikunta/","kannus.fi","Liikunta","localExerciseLinks.ts","https","ok","","200","1259","1","https://kannus.fi/vapaa-aika/liikunta/ajankohtaista/ohjattu-liikunta/","ei",""
"https://karkola.fi/vapaa-aika/liikunta/liikuntaryhmat/","karkola.fi","Liikunta","localExerciseLinks.ts","https","ok","","200","514","1","https://karkola.fi/vapaa-aika/liikunta/liikuntaryhmat/","ei",""
"https://karstula.fi/vapaa-aika-ja-matkailu/kirjasto/digineuvonta/","karstula.fi","Digiopastus","seniorSurfGuidancePlaces.ts","https","ok","","200","212","1","https://karstula.fi/vapaa-aika-ja-matkailu/kirjasto/digineuvonta/","ei",""
"https://karstula.fi/feed/","karstula.fi","Kuntauutiset","municipalityNewsFeeds.ts","https","ok","","200","123","1","https://karstula.fi/feed/","ei",""
"https://karvia.fi/","karvia.fi","Kuntien verkkosivut","municipalityWebsites.ts","https","ok","","200","285","1","https://karvia.fi/","ei",""
"https://karvia.fi/feed/","karvia.fi","Kuntauutiset","municipalityNewsFeeds.ts","https","ok","","200","114","1","https://karvia.fi/feed/","ei",""
"https://karkola.fi/palvelut/hyvinvoinnin-edistaminen/senioripalvelut/","karkola.fi","Senioripalvelut","localSeniorLinks.ts","https","ok","","200","481","1","https://karkola.fi/palvelut/hyvinvoinnin-edistaminen/senioripalvelut/","ei",""
"https://karstula.fi/vapaa-aika-ja-matkailu/seniorit/","karstula.fi","Senioripalvelut","localSeniorLinks.ts","https","ok","","200","238","1","https://karstula.fi/vapaa-aika-ja-matkailu/seniorit/","ei",""
"https://karsamaki.fi/","karsamaki.fi","Kuntien verkkosivut","municipalityWebsites.ts","https","ok","","200","1679","1","https://karsamaki.fi/","ei",""
"https://kannus.fi/hallinto-ja-paatoksenteko/asiointi/senioripalvelut/","kannus.fi","Senioripalvelut","localSeniorLinks.ts","https","ok","","200","1096","1","https://kannus.fi/hallinto-ja-paatoksenteko/asiointi/senioripalvelut/","ei",""
"https://karkkila.fi/kulttuuri-vapaa-aika/liikunta/ohjattu-liikunta/","karkkila.fi","Liikunta","localExerciseLinks.ts","https","ok","","200","1402","1","https://karkkila.fi/kulttuuri-vapaa-aika/liikunta/ohjattu-liikunta/","ei",""
"https://karsamaki.fi/julkaisut/palveluliikenne/","Kärsämäki palveluliikenne","Liikenne","localServiceTransportLinks.ts","https","ok","","200","627","1","https://karsamaki.fi/julkaisut/palveluliikenne/","ei",""
"https://kauhajoki.fi/","kauhajoki.fi","Kuntien verkkosivut","municipalityWebsites.ts","https","ok","","200","1123","1","https://kauhajoki.fi/","ei",""
"https://kaskinen.fi/","kaskinen.fi","Kuntien verkkosivut","municipalityWebsites.ts","https","ok","","200","1573","1","https://kaskinen.fi/fi","ei",""
"https://karsamaki.fi/vapaa-aika/kirjastotoimi/","karsamaki.fi","Digiopastus","seniorSurfGuidancePlaces.ts","https","ok","","200","565","1","https://karsamaki.fi/vapaa-aika/kirjastotoimi/","ei",""
"https://kauhajoki.fi/tyo-ja-yrittajyys/liikenne/","Kauhajoki palveluliikenne","Liikenne","localServiceTransportLinks.ts","https","ok","","200","319","1","https://kauhajoki.fi/tyo-ja-yrittajyys/liikenne/","ei",""
"https://kaskinen.fi/fi/rss.xml","kaskinen.fi","Kuntauutiset","municipalityNewsFeeds.ts","https","ok","","200","125","1","https://kaskinen.fi/fi/rss.xml","ei",""
"https://kauhajoki.fi/ikaihmiset/","kauhajoki.fi","Senioripalvelut","localSeniorLinks.ts","https","ok","","200","361","1","https://kauhajoki.fi/ikaihmiset/","ei",""
"https://kauhava.fi/asuminen-ja-ymparisto/tiet-ja-liikenne/palveluliikenne/","Kauhava palveluliikenne","Liikenne","localServiceTransportLinks.ts","https","ok","","200","438","1","https://kauhava.fi/asuminen-ja-ymparisto/tiet-ja-liikenne/palveluliikenne/","ei",""
"https://kauhajoki.fi/feed/","kauhajoki.fi","Kuntauutiset","municipalityNewsFeeds.ts","https","ok","","200","143","1","https://kauhajoki.fi/feed/","ei",""
"https://kaupunkiliikenne.fi/","Pääkaupunkiseudun Kaupunkiliikenne","Valtakunnalliset palvelut","constants.tsx","https","ok","","200","178","1","https://kaupunkiliikenne.fi/","ei",""
"https://kaustinen.fi/","kaustinen.fi","Kuntien verkkosivut","municipalityWebsites.ts","https","ok","","200","72","1","https://kaustinen.fi/","ei",""
"https://kaustinen.fi/feed/","kaustinen.fi","Kuntauutiset","municipalityNewsFeeds.ts","https","ok","","200","14","1","https://kaustinen.fi/feed/","ei",""
"https://kauhava.fi/en/","kauhava.fi","Kuntien kieliversiot","municipalityWebsiteLocales.ts","https","ok","","200","344","1","https://kauhava.fi/en/","ei",""
"https://keitele.fi/asuminen-ja-ymparisto/liikenneyhteydet/asiointiliikenne/","Keitele palveluliikenne","Liikenne","localServiceTransportLinks.ts","https","ok","","200","260","1","https://keitele.fi/asuminen-ja-ymparisto/liikenneyhteydet/asiointiliikenne/","ei",""
"https://kauhajoki.fi/hyvinvointi-ja-vapaa-aika/kauhajoen-kaupunginkirjasto/","kauhajoki.fi","Digiopastus","seniorSurfGuidancePlaces.ts","https","ok","","200","411","1","https://kauhajoki.fi/hyvinvointi-ja-vapaa-aika/kauhajoen-kaupunginkirjasto/","ei",""
"https://keitele.fi/ikaihmiset/","keitele.fi","Senioripalvelut","localSeniorLinks.ts","https","ok","","200","251","1","https://keitele.fi/ikaihmiset/","ei",""
"https://kauhava.fi/senioreille/","kauhava.fi","Senioripalvelut","localSeniorLinks.ts","https","ok","","200","347","1","https://kauhava.fi/senioreille/","ei",""
"https://kaustinen.fi/ajankohtaista/erityisliikuntakortti-kayttoon-kaustisen-kunnassa/","kaustinen.fi","Liikunta","localExerciseLinks.ts","https","ok","","200","466","1","https://kaustinen.fi/ajankohtaista/erityisliikuntakortti-kayttoon-kaustisen-kunnassa/","ei",""
"https://kauhajoki.fi/hyvinvointi-ja-vapaa-aika/liikuntapalvelut/ohjattu-liikunta/","kauhajoki.fi","Liikunta","localExerciseLinks.ts","https","ok","","200","396","1","https://kauhajoki.fi/hyvinvointi-ja-vapaa-aika/liikuntapalvelut/ohjattu-liikunta/","ei",""
"https://kaskinen.fi/sv","kaskinen.fi","Kuntien kieliversiot","municipalityWebsiteLocales.ts","https","ok","","200","1244","1","https://kaskinen.fi/sv","ei",""
"https://keitele.fi/en/front-page/","keitele.fi","Kuntien kieliversiot","municipalityWebsiteLocales.ts","https","ok","","200","161","1","https://keitele.fi/en/front-page/","ei",""
"https://kauhava.fi/feed/","kauhava.fi","Kuntauutiset","municipalityNewsFeeds.ts","https","ok","","200","239","1","https://kauhava.fi/feed/","ei",""
"https://kemijarvi.fi/","kemijarvi.fi","Kuntien verkkosivut","municipalityWebsites.ts","https","ok","","200","500","1","https://kemijarvi.fi/","ei",""
"https://kesayo.jyu.fi/fi/ikaantyvienyliopisto/tutoropastusta-tietotekniikka-ja-alylaitepulmiin","kesayo.jyu.fi","Digiopastus","seniorSurfGuidancePlaces.ts","https","ok","","200","69","1","https://kesayo.jyu.fi/fi/ikaantyvienyliopisto/tutoropastusta-tietotekniikka-ja-alylaitepulmiin","ei",""
"https://kempele.fi/feed/","kempele.fi","Kuntauutiset","municipalityNewsFeeds.ts","https","ok","","200","186","1","https://kempele.fi/feed/","ei",""
"https://keski.finna.fi/","Keski-kirjastot","Paikalliset palvelut","localServices.ts","https","ok","","206","139","1","https://keski.finna.fi/","ei",""
"https://kauhajoki.fi/tyo-ja-yrittajyys/liikenne/avoin-joukkoliikenne-ja-koulukuljetukset/","Karijoki-Kauhajoki","Paikalliset palvelut","localServices.ts","https","ok","","200","314","1","https://kauhajoki.fi/tyo-ja-yrittajyys/liikenne/avoin-joukkoliikenne-ja-koulukuljetukset/","ei",""
"https://keuruu.fi/asuminen-ja-ymparisto/keuruun-kaupungin-palveluliikenne/","Keuruu palveluliikenne","Liikenne","localServiceTransportLinks.ts","https","ok","","200","241","1","https://keuruu.fi/asuminen-ja-ymparisto/keuruun-kaupungin-palveluliikenne/","ei",""
"https://kempele.fi/liikunta-ja-ulkoilu/liikuntapalvelut/senioreiden-liikuntaryhmat/","kempele.fi","Liikunta","localExerciseLinks.ts","https","ok","","200","169","1","https://kempele.fi/liikunta-ja-ulkoilu/liikuntapalvelut/senioreiden-liikuntaryhmat/","ei",""
"https://kaskinen.fi/fi/seniorit","kaskinen.fi","Senioripalvelut","localSeniorLinks.ts","https","ok","","200","470","1","https://kaskinen.fi/fi/seniorit","ei",""
"https://keuruu.fi/vapaa-aika-ja-matkailu/liikunta/liikuntaneuvonta/aikuisten-ja-senioreiden-liikuntaneuvonta/","keuruu.fi","Liikunta","localExerciseLinks.ts","https","ok","","200","157","1","https://keuruu.fi/vapaa-aika-ja-matkailu/liikunta/liikuntaneuvonta/aikuisten-ja-senioreiden-liikuntaneuvonta/","ei",""
"https://keuruu.fi/feed/","keuruu.fi","Kuntauutiset","municipalityNewsFeeds.ts","https","ok","","200","174","1","https://keuruu.fi/feed/","ei",""
"https://kemijarvi.fi/asuminen-ja-ymparisto/liikennepalvelut/","Kemijärvi palveluliikenne","Liikenne","localServiceTransportLinks.ts","https","ok","","200","654","1","https://kemijarvi.fi/kaupunki-ja-hallinto/liikennepalvelut/","ei",""
"https://kirjasto.kankaanpaa.fi/digi-tuki/","kirjasto.kankaanpaa.fi","Digiopastus","seniorSurfGuidancePlaces.ts","https","ok","","200","218","1","https://kirjasto.kankaanpaa.fi/digi-tuki/","ei",""
"https://kirjasto.mikkeli.fi/aukioloajatjayhteystiedot/","kirjasto.mikkeli.fi","Digiopastus","seniorSurfGuidancePlaces.ts","https","ok","","200","251","1","https://kirjasto.mikkeli.fi/aukioloajatjayhteystiedot/","ei",""
"https://kirjasto.seinajoki.fi/kirjaston-asiakkaana/digiopastus/","kirjasto.seinajoki.fi","Digiopastus","seniorSurfGuidancePlaces.ts","https","ok","","200","44","1","https://kirjasto.seinajoki.fi/kirjaston-asiakkaana/digiopastus/","ei",""
"https://kirjasto.mikkeli.fi/palvelumme/digiopastus/","kirjasto.mikkeli.fi","Digiopastus","seniorSurfGuidancePlaces.ts","https","ok","","200","107","1","https://kirjasto.mikkeli.fi/palvelumme/digiopastus/","ei",""
"https://keuruu.fi/en/","keuruu.fi","Kuntien kieliversiot","municipalityWebsiteLocales.ts","https","ok","","200","171","1","https://keuruu.fi/en/","ei",""
"https://kirjasto.valkeakoski.fi/palvelut/digineuvonta/","kirjasto.valkeakoski.fi","Digiopastus","seniorSurfGuidancePlaces.ts","https","ok","","200","205","1","https://kirjasto.valkeakoski.fi/palvelut/digineuvonta/","ei",""
"https://kiasma.fi/","Kiasma","Valtakunnalliset palvelut","constants.tsx","https","ok","","200","690","1","https://kiasma.fi/","ei",""
"https://keuruu.fi/ikaantyneille/","keuruu.fi","Senioripalvelut","localSeniorLinks.ts","https","ok","","200","188","1","https://keuruu.fi/ikaantyneille/","ei",""
"https://kemijarvi.fi/en/","kemijarvi.fi","Kuntien kieliversiot","municipalityWebsiteLocales.ts","https","ok","","200","437","1","https://kemijarvi.fi/en/","ei",""
"https://kirkkonummi.fi/hsl-kirkkonummella-liikennoi-kaksi-kutsupohjaista-lahibussia/","Kirkkonummen lähibussit","Liikenne","localServiceTransportLinks.ts","https","ok","","200","534","1","https://kirkkonummi.fi/hsl-kirkkonummella-liikennoi-kaksi-kutsupohjaista-lahibussia/","ei",""
"https://kirjasto.pori.fi/tapahtumat/digiopastus/","kirjasto.pori.fi","Digiopastus","seniorSurfGuidancePlaces.ts","https","ok","","200","827","1","https://kirjasto.pori.fi/tapahtumat/digiopastus/","ei",""
"https://kemijarvi.fi/feed/","kemijarvi.fi","Kuntauutiset","municipalityNewsFeeds.ts","https","ok","","200","262","1","https://kemijarvi.fi/feed/","ei",""
"https://kittila.fi/","kittila.fi","Kuntien verkkosivut","municipalityWebsites.ts","https","ok","","200","453","1","https://kittila.fi/","ei",""
"https://keravanurheilijat.fi/","Keravan Urheilijat","Urheiluseurat","localSportsClubs.ts","https","ok","","200","1769","1","https://keravanurheilijat.fi/","ei",""
"https://kittila.fi/en","kittila.fi","Kuntien kieliversiot","municipalityWebsiteLocales.ts","https","ok","","200","398","1","https://kittila.fi/en","ei",""
"https://kirkkonummi.fi/tietoa-kirkkonummesta/tietoa-kunnasta/lapsiperheet-nuoret-ja-seniorit/seniorit/","kirkkonummi.fi","Senioripalvelut","localSeniorLinks.ts","https","ok","","200","547","1","https://kirkkonummi.fi/tietoa-kirkkonummesta/tietoa-kunnasta/lapsiperheet-nuoret-ja-seniorit/seniorit/","ei",""
"https://kittila.fi/kulttuuri-ja-vapaa-aika/kirjasto","kittila.fi","Digiopastus","seniorSurfGuidancePlaces.ts","https","ok","","200","247","1","https://kittila.fi/vapaa-aika-ja-hyvinvointi/kirjastopalvelut","ei",""
"https://kiuruvesilehti.fi/","kiuruvesilehti.fi","Paikallislehdet","localNewspaperLinks.ts","https","ok","","200","39","1","https://kiuruvesilehti.fi/","ei",""
"https://kittila.fi/ikaihmiset","kittila.fi","Senioripalvelut","localSeniorLinks.ts","https","ok","","200","51","1","https://kittila.fi/ikaihmiset","ei",""
"https://kittila.fi/asuminen-ja-ymparisto/liikenne/tyomatka-ja-asiointiliikenne-kittilassa","Kittilä palveluliikenne","Liikenne","localServiceTransportLinks.ts","https","ok","","200","53","1","https://kittila.fi/asuminen-ja-ymparisto/liikenne/tyomatka-ja-asiointiliikenne-kittilassa","ei",""
"https://kiuruvesilehti.fi/feed/","kiuruvesilehti.fi","Paikallisuutiset","localNewspaperFeeds.ts","https","ok","","200","348","1","https://kiuruvesilehti.fi/feed/","ei",""
"https://kittila.fi/rss.xml","kittila.fi","Kuntauutiset","municipalityNewsFeeds.ts","https","ok","","200","209","1","https://kittila.fi/rss.xml","ei",""
"https://kirkes.finna.fi/","Kirkes-kirjastot","Paikalliset palvelut","localServices.ts","https","ok","","200","2240","1","https://kirkes.finna.fi/","ei",""
"https://kiuruvesi.fi/asuminen-ja-ymparisto/liikenne/palveluliikenne/","Kiuruvesi palveluliikenne","Liikenne","localServiceTransportLinks.ts","https","failed","http_status_error","404","1608","1","https://kiuruvesi.fi/asuminen-ja-ymparisto/liikenne/palveluliikenne/","ei",""
"https://kokemaki.fi/","kokemaki.fi","Kuntien verkkosivut","municipalityWebsites.ts","https","ok","","200","483","1","https://kokemaki.fi/","ei",""
"https://konnevesi.fi/","konnevesi.fi","Kuntien verkkosivut","municipalityWebsites.ts","https","ok","","200","99","1","https://konnevesi.fi/","ei",""
"https://kokemaki.fi/vapaa-aika/kirjasto/","kokemaki.fi","Digiopastus","seniorSurfGuidancePlaces.ts","https","ok","","200","347","1","https://kokemaki.fi/vapaa-aika/kirjasto/","ei",""
"https://kom-teatteri.fi/","KOM-teatteri","Valtakunnalliset palvelut","constants.tsx","https","ok","","200","630","1","https://kom-teatteri.fi/","ei",""
"https://kokkolanteatteri.fi/","Kokkolan kaupunginteatteri","Valtakunnalliset palvelut","constants.tsx","https","ok","","200","759","1","https://kokkolanteatteri.fi/","ei",""
"https://koski.fi/","koski.fi","Kuntien verkkosivut","municipalityWebsites.ts","https","ok","","200","50","1","https://koski.fi/","ei",""
"https://koski.fi/feed/","koski.fi","Kuntauutiset","municipalityNewsFeeds.ts","https","ok","","200","4","1","https://koski.fi/feed/","ei",""
"https://koski.fi/vapaa-aika/erityisliikuntakortti/","koski.fi","Liikunta","localExerciseLinks.ts","https","ok","","200","16","1","https://koski.fi/vapaa-aika/erityisliikuntakortti/","ei",""
"https://kookoo.fi/","KooKoo","Urheiluseurat","localSportsClubs.ts","https","ok","","200","814","1","https://www.kookoo.fi/","ei",""
"https://kokemaki.fi/vapaa-aika/liikunta/ohjattu-liikunta/","kokemaki.fi","Liikunta","localExerciseLinks.ts","https","ok","","200","324","1","https://kokemaki.fi/vapaa-aika/liikunta/ohjattu-liikunta/","ei",""
"https://kotikorjaukset.fi/","Suomen kotikorjaukset","Valtakunnalliset palvelut","constants.tsx","https","ok","","200","101","1","https://www.kotikorjaukset.fi/","ei",""
"https://kostiry.fi/","kostiry.fi","Digiopastus","seniorSurfGuidancePlaces.ts","https","ok","","200","279","1","https://www.kostiry.fi/","ei",""
"https://korsholm.fi/","korsholm.fi","Kuntien kieliversiot","municipalityWebsiteLocales.ts","https","ok","","200","1069","1","https://korsholm.fi/","ei",""
"https://kouvola.digitransit.fi/","Koutsi reittiopas","Valtakunnalliset palvelut","constants.tsx","https","ok","","200","208","1","https://kouvola.digitransit.fi/","ei",""
"https://kiuruvesi.fi/palvelut/liikunta-ja-ulkoilu/ohjatut-liikuntaryhmat-2024-2025/","kiuruvesi.fi","Liikunta","localExerciseLinks.ts","https","failed","http_status_error","404","1498","1","https://kiuruvesi.fi/palvelut/liikunta-ja-ulkoilu/ohjatut-liikuntaryhmat-2024-2025/","ei",""
"https://korsholm.fi/feed","korsholm.fi","Kuntauutiset","municipalityNewsFeeds.ts","https","ok","","200","207","1","https://korsholm.fi/feed","ei",""
"https://kuhmoistensanomat.fi/","kuhmoistensanomat.fi","Paikallislehdet","localNewspaperLinks.ts","https","ok","","200","253","1","https://kuhmoistensanomat.fi/","ei",""
"https://kpv.fi/","Kokkolan Pallo-Veikot","Urheiluseurat","localSportsClubs.ts","https","ok","","200","389","1","https://www.kpv.fi/","ei",""
"https://kuhmoistensanomat.fi/feed/","kuhmoistensanomat.fi","Paikallisuutiset","localNewspaperFeeds.ts","https","ok","","200","201","1","https://kuhmoistensanomat.fi/feed/","ei",""
"https://kotiseutu-uutiset.com/","kotiseutu-uutiset.com","Paikallislehdet","localNewspaperLinks.ts","https","ok","","200","1054","1","https://kotiseutu-uutiset.com/","ei",""
"https://kuopio.finna.fi/","Kuopion kaupunginkirjasto","Paikalliset palvelut","localServices.ts","https","ok","","206","123","1","https://kuopio.finna.fi/","ei",""
"https://kunta.soini.fi/sites/default/files/2026-01/Talousarvio%202026.pdf","Soini asiointiliikenne","Liikenne","localServiceTransportLinks.ts","https","ok","","206","402","1","https://kunta.soini.fi/sites/default/files/2026-01/Talousarvio%202026.pdf","ei",""
"https://ksmuistiyhdistys.fi/","Keski-Suomen Muistiyhdistys ry","Yhdistykset ja yhteisöt","communityLinks.ts","https","ok","","200","903","1","https://ksmuistiyhdistys.fi/","ei",""
"https://kuortane.fi/","kuortane.fi","Kuntien verkkosivut","municipalityWebsites.ts","https","ok","","200","502","1","https://kuortane.fi/","ei",""
"https://kotiseutu-uutiset.com/feed/","kotiseutu-uutiset.com","Paikallisuutiset","localNewspaperFeeds.ts","https","ok","","200","613","1","https://kotiseutu-uutiset.com/feed/","ei",""
"https://kuortane.fi/sosiaali-ja-terveyspalvelut/kuortaneen-asiointiliikenne/","Kuortane palveluliikenne","Liikenne","localServiceTransportLinks.ts","https","ok","","200","103","1","https://kuortane.fi/sosiaali-ja-terveyspalvelut/kuortaneen-asiointiliikenne/","ei",""
"https://kuortane.fi/feed/","kuortane.fi","Kuntauutiset","municipalityNewsFeeds.ts","https","ok","","200","85","1","https://kuortane.fi/feed/","ei",""
"https://kups.fi/","KuPS","Urheiluseurat","localSportsClubs.ts","https","ok","","200","197","1","https://kups.fi/","ei",""
"https://kuortane.fi/en/","kuortane.fi","Kuntien kieliversiot","municipalityWebsiteLocales.ts","https","ok","","200","103","1","https://kuortane.fi/en/","ei",""
"https://kiuruvesi.fi/eesti-keeles/","kiuruvesi.fi","Kuntien kieliversiot","municipalityWebsiteLocales.ts","https","ok","","200","1550","1","https://kiuruvesi.fi/eesti-keeles/","ei",""
"https://korundi.fi/fi/kavijalle/lapin-kamariorkesteri","Lapin kamariorkesteri","Valtakunnalliset palvelut","constants.tsx","https","ok","","200","1346","1","https://korundi.fi/fi/kavijalle/lapin-kamariorkesteri","ei",""
"https://kustavi.fi/","kustavi.fi","Kuntien verkkosivut","municipalityWebsites.ts","https","ok","","200","16","1","https://kustavi.fi/","ei",""
"https://kuopionkaupunginteatteri.fi/","Kuopion kaupunginteatteri","Valtakunnalliset palvelut","constants.tsx","https","ok","","200","1367","1","https://kuopionkaupunginteatteri.fi/","ei",""
"https://kurikka.fi/","kurikka.fi","Kuntien verkkosivut","municipalityWebsites.ts","https","ok","","200","784","1","https://kurikka.fi/","ei",""
"https://kouvolanpallonlyojat.fi/","Kouvolan Pallonlyöjät","Urheiluseurat","localSportsClubs.ts","https","ok","","200","2181","1","https://www.kouvolanpallonlyojat.fi/","ei",""
"https://kustavi.fi/en/","kustavi.fi","Kuntien kieliversiot","municipalityWebsiteLocales.ts","https","ok","","200","713","1","https://kustavi.fi/en/","ei",""
"https://kustavi.fi/feed/","kustavi.fi","Kuntauutiset","municipalityNewsFeeds.ts","https","ok","","200","9","1","https://kustavi.fi/feed/","ei",""
"https://kymenhva.fi/","kymenhva.fi","Paikalliset palvelut","localServices.ts","https","ok","","200","59","1","https://kymenhva.fi/","ei",""
"https://kurikka.fi/vapaa-aika-ja-matkailu/liikunta/soveltava-liikunta/erityisryhmien-ohjattu-liikunta/","kurikka.fi","Liikunta","localExerciseLinks.ts","https","ok","","200","699","1","https://kurikka.fi/vapaa-aika-ja-matkailu/liikunta/soveltava-liikunta/erityisryhmien-ohjattu-liikunta/","ei",""
"https://kymenhva.fi/kategoria/uutiset/","kymenhva.fi","Paikalliset palvelut","localServices.ts","https","ok","","200","370","1","https://kymenhva.fi/kategoria/uutiset/","ei",""
"https://kiuruvesi.fi/svenska/","kiuruvesi.fi","Kuntien kieliversiot","municipalityWebsiteLocales.ts","https","ok","","200","1440","1","https://kiuruvesi.fi/svenska/","ei",""
"https://kurikka.fi/feed/","kurikka.fi","Kuntauutiset","municipalityNewsFeeds.ts","https","ok","","200","113","1","https://kurikka.fi/feed/","ei",""
"https://kyyti.finna.fi/","Kyyti-kirjastot","Paikalliset palvelut","localServices.ts","https","ok","","206","138","1","https://kyyti.finna.fi/","ei",""
"https://kyyti.finna.fi/Content/digituki","kyyti.finna.fi","Digiopastus","seniorSurfGuidancePlaces.ts","https","ok","","206","100","1","https://kyyti.finna.fi/Content/digituki","ei",""
"https://kyyti.finna.fi/Content/tapahtumat","kyyti.finna.fi","Digiopastus","seniorSurfGuidancePlaces.ts","https","ok","","206","59","1","https://kyyti.finna.fi/Content/tapahtumat","ei",""
"https://kymisinfonietta.fi/","Kymi Sinfonietta","Valtakunnalliset palvelut","constants.tsx","https","ok","","200","962","1","https://kymisinfonietta.fi/","ei",""
"https://kyyti.finna.fi/OrganisationInfo/Home","kyyti.finna.fi","Digiopastus","seniorSurfGuidancePlaces.ts","https","ok","","206","63","1","https://kyyti.finna.fi/OrganisationInfo/Home","ei",""
"https://kyrkslatt.fi/","kyrkslatt.fi","Kuntien kieliversiot","municipalityWebsiteLocales.ts","https","ok","","200","707","1","https://kyrkslatt.fi/","ei",""
"https://laihia.fi/","laihia.fi","Kuntien verkkosivut","municipalityWebsites.ts","https","ok","","200","254","1","https://laihia.fi/","ei",""
"https://laihia.fi/hyvinvointi-ja-vapaa-aika/liikunta/ohjattu-liikunta/","laihia.fi","Liikunta","localExerciseLinks.ts","https","ok","","200","168","1","https://laihia.fi/hyvinvointi-ja-vapaa-aika/liikunta/ohjattu-liikunta/","ei",""
"https://kurikka.fi/target_group/ikaihmiset/","kurikka.fi","Senioripalvelut","localSeniorLinks.ts","https","ok","","200","760","1","https://kurikka.fi/target_group/ikaihmiset/","ei",""
"https://kyrkslatt.fi/feed/","kyrkslatt.fi","Kuntauutiset","municipalityNewsFeeds.ts","https","ok","","200","365","1","https://kyrkslatt.fi/feed/","ei",""
"https://lansi-uusimaa.viadia.fi/viadiasenioritalo/","lansi-uusimaa.viadia.fi","Digiopastus","seniorSurfGuidancePlaces.ts","https","ok","","200","50","1","https://lansi-uusimaa.viadia.fi/viadiasenioritalo/","ei",""
"https://laihia.fi/palveluhakemisto/vanhuspalvelut-5/","laihia.fi","Senioripalvelut","localSeniorLinks.ts","https","ok","","200","185","1","https://laihia.fi/palveluhakemisto/vanhuspalvelut-5/","ei",""
"https://lansilinjat.fi/aikataulut-ja-hinnat/","Länsilinjat Jämijärvi","Paikalliset palvelut","localServices.ts","https","ok","","200","188","1","https://lansilinjat.fi/aikataulut-ja-hinnat/","ei",""
"https://lapha.fi/","lapha.fi","Paikalliset palvelut","localServices.ts","https","ok","","200","199","1","https://lapha.fi/","ei",""
"https://laihia.fi/feed/","laihia.fi","Kuntauutiset","municipalityNewsFeeds.ts","https","ok","","200","156","1","https://laihia.fi/feed/","ei",""
"https://lapha.fi/ajankohtaista","lapha.fi","Paikalliset palvelut","localServices.ts","https","ok","","200","128","1","https://lapha.fi/ajankohtaista","ei",""
"https://kuurojenliitto.fi/senioreille/","Kuurojen Liitto - senioreille","Valtakunnalliset palvelut","constants.tsx","https","ok","","200","2553","1","https://kuurojenliitto.fi/senioreille/","ei",""
"https://kiuruvesi.fi/in-english/","kiuruvesi.fi","Kuntien kieliversiot","municipalityWebsiteLocales.ts","https","ok","","200","1558","1","https://kiuruvesi.fi/in-english/","ei",""
"https://l-tanssi.fi/","Läntinen tanssin aluekeskus","Valtakunnalliset palvelut","constants.tsx","https","ok","","200","1348","1","https://l-tanssi.fi/","ei",""
"https://kurikka.fi/kaupunki-ja-hallinto/asiointi-ja-palvelut/palveluliikenne/","Kurikka palveluliikenne","Liikenne","localServiceTransportLinks.ts","https","ok","","200","704","1","https://kurikka.fi/kaupunki-ja-hallinto/asiointi-ja-palvelut/palveluliikenne/","ei",""
"https://kyrkslatt.fi/liikunta/ohjattu-liikunta/soveltava-liikunta/","kyrkslatt.fi","Liikunta","localExerciseLinks.ts","https","ok","","200","674","1","https://kyrkslatt.fi/liikunta/ohjattu-liikunta/soveltava-liikunta/","ei",""
"https://lapinmuistiyhdistys.fi/","Lapin Muistiyhdistys ry","Yhdistykset ja yhteisöt","communityLinks.ts","https","ok","","200","29","1","https://lapinmuistiyhdistys.fi/","ei",""
"https://lapinjarvi.fi/","lapinjarvi.fi","Kuntien verkkosivut","municipalityWebsites.ts","https","ok","","200","669","1","https://lapinjarvi.fi/","ei",""
"https://lappajarvi.fi/","lappajarvi.fi","Kuntien verkkosivut","municipalityWebsites.ts","https","ok","","200","63","1","https://lappajarvi.fi/","ei",""
"https://lapinlahti.fi/","lapinlahti.fi","Kuntien verkkosivut","municipalityWebsites.ts","https","ok","","200","218","1","https://lapinlahti.fi/fi","ei",""
"https://lapinlahti.fi/liikenne/","Lapinlahti asiointiliikenne","Liikenne","localServiceTransportLinks.ts","https","failed","http_status_error","404","43","1","https://lapinlahti.fi/liikenne/","ei",""
"https://lappajarvi.fi/feed/","lappajarvi.fi","Kuntauutiset","municipalityNewsFeeds.ts","https","ok","","200","293","1","https://lappajarvi.fi/feed/","ei",""
"https://lappajarvi.fi/asuminen-ja-ymparisto/liikenne-ja-kartat/","Lappajärvi palveluliikenne","Liikenne","localServiceTransportLinks.ts","https","ok","","200","452","1","https://lappajarvi.fi/asuminen-ja-ymparisto/liikenne-ja-kartat/","ei",""
"https://lapinjarvi.fi/kulttuuri-ja-vapaa-aika/liikunta-ja-ulkoilu/liikuntaneuvonta/","lapinjarvi.fi","Liikunta","localExerciseLinks.ts","https","ok","","200","789","1","https://lapinjarvi.fi/kulttuuri-ja-vapaa-aika/liikunta-ja-ulkoilu/liikuntaneuvonta/","ei",""
"https://lappeenranta.fi/","lappeenranta.fi","Kuntien verkkosivut","municipalityWebsites.ts","https","ok","","200","462","1","https://lappeenranta.fi/fi","ei",""
"https://kuurojenliitto.fi/viittomakieliset/","Kuurojen Liitto - viittomakieliset","Valtakunnalliset palvelut","constants.tsx","https","ok","","200","1243","1","https://kuurojenliitto.fi/viittomakieliset/","ei",""
"https://lappajarvi.fi/kulttuuri-ja-vapaa-aika/liikuntaneuvonta/","lappajarvi.fi","Liikunta","localExerciseLinks.ts","https","ok","","200","412","1","https://lappajarvi.fi/kulttuuri-ja-vapaa-aika/liikuntaneuvonta/","ei",""
"https://lapinlahti.fi/visit-lapinlahti-en","lapinlahti.fi","Kuntien kieliversiot","municipalityWebsiteLocales.ts","https","ok","","200","854","1","https://lapinlahti.fi/visit-lapinlahti-en","ei",""
"https://lappeenranta.fi/fi/palvelut/jouko-joukkoliikenne","Jouko","Valtakunnalliset palvelut","constants.tsx","https","ok","","200","203","1","https://lappeenranta.fi/fi/palvelut/jouko-joukkoliikenne","ei",""
"https://lapinjarvi.fi/kutsutaksi-vie-suoraan-pysakille/","Lapinjärvi palveluliikenne","Liikenne","localServiceTransportLinks.ts","https","ok","","200","543","1","https://lapinjarvi.fi/kutsutaksi-vie-suoraan-pysakille/","ei",""
"https://lapua.fi/","lapua.fi","Kuntien verkkosivut","municipalityWebsites.ts","https","ok","","200","212","1","https://lapua.fi/","ei",""
"https://lapua.fi/sv/","lapua.fi","Kuntien kieliversiot","municipalityWebsiteLocales.ts","https","ok","","200","50","1","https://lapua.fi/sv/","ei",""
"https://lappeenranta.fi/fi/kulttuuri-ja-liikunta/kirjasto/digipalvelut/digituki","lappeenranta.fi","Digiopastus","seniorSurfGuidancePlaces.ts","https","ok","","200","171","1","https://lappeenranta.fi/fi/kulttuuri-ja-liikunta/kirjasto/digipalvelut/digituki","ei",""
"https://lapua.fi/kulttuuri-vapaa-aika-ja-matkailu/liikuntapalvelut/ohjattu-liikunta/erityisryhmien-toiminta/","lapua.fi","Liikunta","localExerciseLinks.ts","https","ok","","200","54","1","https://lapua.fi/kulttuuri-vapaa-aika-ja-matkailu/liikuntapalvelut/ohjattu-liikunta/erityisryhmien-toiminta/","ei",""
"https://lappeenranta.fi/fi/kulttuuri-ja-liikunta/liikunta/ohjattu-liikunta/terveysliikunta-syksy-2025/ohjattujen-liikuntaryhmien-tuntikuvaukset","lappeenranta.fi","Liikunta","localExerciseLinks.ts","https","failed","http_status_error","404","55","1","https://lappeenranta.fi/fi/kulttuuri-ja-liikunta/liikunta/ohjattu-liikunta/terveysliikunta-syksy-2025/ohjattujen-liikuntaryhmien-tuntikuvaukset","ei",""
"https://lapua.fi/en/","lapua.fi","Kuntien kieliversiot","municipalityWebsiteLocales.ts","https","ok","","200","52","1","https://lapua.fi/en/","ei",""
"https://lapinjarvi.fi/sv/","lapinjarvi.fi","Kuntien kieliversiot","municipalityWebsiteLocales.ts","https","ok","","200","719","1","https://lapinjarvi.fi/sv/","ei",""
"https://lapua.fi/etusivu/vahvuutena-v%C3%A4litt%C3%A4minen/v%C3%A4litt%C3%A4misen-ty%C3%B6kalupakki/ik%C3%A4ihmiset/","lapua.fi","Senioripalvelut","localSeniorLinks.ts","https","ok","","200","49","1","https://lapua.fi/etusivu/vahvuutena-v%C3%A4litt%C3%A4minen/v%C3%A4litt%C3%A4misen-ty%C3%B6kalupakki/ik%C3%A4ihmiset/","ei",""
"https://lappeenranta.fi/fi/liikenne-ja-kaupunkiymparisto/joukkoliikenne-ja-muut-liikkumispalvelut/lappeenrannan-seudun-joukkoliikenne/reitit-ja-aikataulut","Jouko reittiopas","Valtakunnalliset palvelut","constants.tsx","https","ok","","200","83","1","https://lappeenranta.fi/fi/liikenne-ja-kaupunkiymparisto/joukkoliikenne-ja-muut-liikkumispalvelut/lappeenrannan-seudun-joukkoliikenne/reitit-ja-aikataulut","ei",""
"https://lastu.finna.fi/","Lastu-kirjastot","Paikalliset palvelut","localServices.ts","https","ok","","206","164","1","https://lastu.finna.fi/","ei",""
"https://larsmo.fi/","larsmo.fi","Kuntien kieliversiot","municipalityWebsiteLocales.ts","https","ok","","200","861","1","https://larsmo.fi/","ei",""
"https://lastufinna.lahti.fi/digiopastus-lahden-kirjastoissa/","lastufinna.lahti.fi","Digiopastus","seniorSurfGuidancePlaces.ts","https","ok","","200","247","1","https://lastufinna.lahti.fi/digiopastus-lahden-kirjastoissa/","ei",""
"https://lauttakyla.fi/","lauttakyla.fi","Paikallislehdet","localNewspaperLinks.ts","https","ok","","200","254","1","https://lauttakyla.fi/","ei",""
"https://lapinjarvi.fi/feed/","lapinjarvi.fi","Kuntauutiset","municipalityNewsFeeds.ts","https","ok","","200","432","1","https://lapinjarvi.fi/feed/","ei",""
"https://lemi.fi/","lemi.fi","Kuntien verkkosivut","municipalityWebsites.ts","https","ok","","200","93","1","https://lemi.fi/","ei",""
"https://larsmo.fi/en/frontpage/","larsmo.fi","Kuntien kieliversiot","municipalityWebsiteLocales.ts","https","ok","","200","221","1","https://larsmo.fi/en/frontpage/","ei",""
"https://leppavirta.fi/","leppavirta.fi","Kuntien verkkosivut","municipalityWebsites.ts","https","ok","","200","168","1","https://leppavirta.fi/","ei",""
"https://lemi.fi/palvelut/sosiaali-ja-terveyspalvelut/vanhuspalvelus/","lemi.fi","Senioripalvelut","localSeniorLinks.ts","https","ok","","200","457","1","https://lemi.fi/palvelut/sosiaali-ja-terveyspalvelut/vanhuspalvelus/","ei",""
"https://larsmo.fi/fi/perusturva/senioripalvelut/aktiiviset-seniorit/","larsmo.fi","Senioripalvelut","localSeniorLinks.ts","https","ok","","200","338","1","https://larsmo.fi/fi/perusturva/senioripalvelut/aktiiviset-seniorit/","ei",""
"https://leppavirta.fi/asuminen-ja-ymparisto/liikenne/joukkoliikenne/","Leppävirta palveluliikenne","Liikenne","localServiceTransportLinks.ts","https","ok","","200","178","1","https://leppavirta.fi/asuminen-ja-ymparisto/liikenne/joukkoliikenne/","ei",""
"https://leppavirta.fi/sosiaali-ja-terveyspalvelut/ikaihmiset/","leppavirta.fi","Senioripalvelut","localSeniorLinks.ts","https","ok","","200","181","1","https://leppavirta.fi/sosiaali-ja-terveyspalvelut/ikaihmiset/","ei",""
"https://lemi.fi/in-english/","lemi.fi","Kuntien kieliversiot","municipalityWebsiteLocales.ts","https","ok","","200","356","1","https://lemi.fi/in-english/","ei",""
"https://lemi.fi/palvelut/julkinen-liikenne/","Lemin julkinen liikenne","Paikalliset palvelut","localServices.ts","https","ok","","200","7","1","https://lemi.fi/palvelut/julkinen-liikenne/","ei",""
"https://lapua.fi/asiointiliikenne/","Lapua palveluliikenne","Liikenne","localServiceTransportLinks.ts","https","ok","","200","1279","1","https://lapua.fi/asiointiliikenne/","ei",""
"https://leppavirta.finna.fi/","Leppävirran kirjasto","Paikalliset palvelut","localServices.ts","https","ok","","206","143","1","https://leppavirta.finna.fi/","ei",""
"https://leppavirta.fi/in-english/","leppavirta.fi","Kuntien kieliversiot","municipalityWebsiteLocales.ts","https","ok","","200","172","1","https://leppavirta.fi/in-english/","ei",""
"https://lemi.fi/feed/","lemi.fi","Kuntauutiset","municipalityNewsFeeds.ts","https","ok","","200","240","1","https://lemi.fi/feed/","ei",""
"https://larsmo.fi/vard-och-omsorg/seniortjanster/servicelinjen-vip/","Luoto VIP-palvelulinja","Liikenne","localServiceTransportLinks.ts","https","ok","","200","549","1","https://larsmo.fi/vard-och-omsorg/seniortjanster/servicelinjen-vip/","ei",""
"https://leppavirta.fi/feed/","leppavirta.fi","Kuntauutiset","municipalityNewsFeeds.ts","https","ok","","200","122","1","https://leppavirta.fi/feed/","ei",""
"https://lestijarvi.fi/","lestijarvi.fi","Kuntien verkkosivut","municipalityWebsites.ts","https","ok","","200","382","1","https://lestijarvi.fi/","ei",""
"https://lieto.fi/","lieto.fi","Kuntien verkkosivut","municipalityWebsites.ts","https","ok","","200","381","1","https://www.lieto.fi/","ei",""
"https://lestijarvi.fi/feed/","lestijarvi.fi","Kuntauutiset","municipalityNewsFeeds.ts","https","ok","","200","101","1","https://lestijarvi.fi/feed/","ei",""
"https://linkki.jyvaskyla.fi/","Linkki","Valtakunnalliset palvelut","constants.tsx","https","ok","","206","138","1","https://linkki.jyvaskyla.fi/","ei",""
"https://louna.finna.fi/","Louna-kirjastot","Paikalliset palvelut","localServices.ts","https","ok","","206","135","1","https://louna.finna.fi/","ei",""
"https://lestijarvi.fi/en/home-2/","lestijarvi.fi","Kuntien kieliversiot","municipalityWebsiteLocales.ts","https","ok","","200","241","1","https://lestijarvi.fi/en/home-2/","ei",""
"https://larsmo.fi/feed/","larsmo.fi","Kuntauutiset","municipalityNewsFeeds.ts","https","ok","","200","530","1","https://larsmo.fi/feed/","ei",""
"https://lieto.fi/palvelut-ja-asiointi/kirjasto-ja-kulttuuri/kirjasto/muut-palvelut/","lieto.fi","Digiopastus","seniorSurfGuidancePlaces.ts","https","ok","","200","394","1","https://www.lieto.fi/palvelut-ja-asiointi/kirjasto-ja-kulttuuri/kirjasto/muut-palvelut/","ei",""
"https://lukki.finna.fi/","Lukki-kirjastot","Paikalliset palvelut","localServices.ts","https","ok","","206","138","1","https://lukki.finna.fi/","ei",""
"https://lumme.finna.fi/","Lumme-kirjastot","Paikalliset palvelut","localServices.ts","https","ok","","206","147","1","https://lumme.finna.fi/","ei",""
"https://linkkari.fi/","Linkkari","Paikalliset palvelut","localServices.ts","https","ok","","200","708","1","https://linkkari.fi/","ei",""
"https://lprteatteri.fi/fi","Lappeenrannan kaupunginteatteri","Valtakunnalliset palvelut","constants.tsx","https","ok","","200","411","1","https://lprteatteri.fi/fi","ei",""
"https://luontosivusto.fi/","Luontosivusto.fi","Valtakunnalliset palvelut","constants.tsx","https","ok","","200","136","1","https://www.luontosivusto.fi/","ei",""
"https://lvs.fi/","lvs.fi","Paikallislehdet","localNewspaperLinks.ts","https","ok","","200","82","1","https://lvs.fi/","ei",""
"https://loisto.verkkokirjasto.fi/web/arena","Loisto-kirjastot","Paikalliset palvelut","localServices.ts","https","ok","","200","683","1","https://loisto.verkkokirjasto.fi/web/arena","ei",""
"https://manttavilppula.fi/asuminen-ja-ymparisto/liikenneyhteydet/joukkoliikenne/","Mänttä-vilppula palveluliikenne","Liikenne","localServiceTransportLinks.ts","https","ok","","200","41","1","https://manttavilppula.fi/asuminen-ja-ymparisto/liikenneyhteydet/joukkoliikenne/","ei",""
"https://lieto.fi/sv/framsida","lieto.fi","Kuntien kieliversiot","municipalityWebsiteLocales.ts","https","ok","","200","381","1","https://www.lieto.fi/sv/","ei",""
"https://lvs.fi/feed/","lvs.fi","Paikallisuutiset","localNewspaperFeeds.ts","https","ok","","200","5","1","https://lvs.fi/feed/","ei",""
"https://manttavilppula.fi/in-english","manttavilppula.fi","Kuntien kieliversiot","municipalityWebsiteLocales.ts","https","ok","","200","19","1","https://manttavilppula.fi/in-english/","ei",""
"https://marttila.fi/","marttila.fi","Kuntien verkkosivut","municipalityWebsites.ts","https","failed","unable_to_verify_leaf_signature","","145","1","","ei",""
"https://masku.fi/feed","masku.fi","Kuntauutiset","municipalityNewsFeeds.ts","https","ok","","200","214","1","https://masku.fi/feed","ei",""
"https://larsmo.fi/boende-och-miljo/vagar-bathamnar-och-almanna-omraden/vagar-och-trafikleder/kollektivtrafik/","Luodon joukkoliikenne","Paikalliset palvelut","localServices.ts","https","ok","","200","427","1","https://larsmo.fi/boende-och-miljo/vagar-bathamnar-och-almanna-omraden/vagar-och-trafikleder/kollektivtrafik/","ei",""
"https://mail.google.com/","Gmail","Valtakunnalliset palvelut","constants.tsx","https","ok","","200","252","1","https://accounts.google.com/v3/signin/identifier?continue=https://mail.google.com/mail/u/0/&emr=1&followup=https://mail.google.com/mail/u/0/&osid=1&passive=1209600&service=mail&flowName=WebLiteSignIn&flowEntry=ServiceLogin&dsh=S-1439283956:1788071502004631","ei",""
"https://meanopisto.fi/","meanopisto.fi","Digiopastus","seniorSurfGuidancePlaces.ts","https","ok","","200","78","1","https://meanopisto.fi/","ei",""
"https://linnateatteri.fi/","Linnateatteri","Valtakunnalliset palvelut","constants.tsx","https","ok","","200","1230","1","https://www.linnateatteri.fi/","ei",""
"https://luumaki.fi/fi/palvelut/tiet-ja-liikenne","Luumäen liikenne","Paikalliset palvelut","localServices.ts","https","ok","","200","331","1","https://luumaki.fi/fi/palvelut/tiet-ja-liikenne","ei",""
"https://lieto.fi/lieto/tapahtumat/tuolijumppa-senioreille-ruskassa-13/","lieto.fi","Liikunta","localExerciseLinks.ts","https","ok","","200","306","1","https://www.lieto.fi/lieto/tapahtumat/tuolijumppa-senioreille-ruskassa-13/","ei",""
"https://merikarvia.fi/","merikarvia.fi","Kuntien verkkosivut","municipalityWebsites.ts","https","ok","","200","82","1","https://merikarvia.fi/","ei",""
"https://merikarvia.fi/feed/","merikarvia.fi","Kuntauutiset","municipalityNewsFeeds.ts","https","ok","","200","4","1","https://merikarvia.fi/feed/","ei",""
"https://mantyharju.fi/sisalto/palvelut/kirjastopalvelut","mantyharju.fi","Digiopastus","seniorSurfGuidancePlaces.ts","https","failed","http_status_error","404","530","1","https://www.mantyharju.fi/sisalto/palvelut/kirjastopalvelut","ei",""
"https://merikarvia.fi/vapaa-aika-ja-hyvinvointi/hyvinvointipalvelut/liikuntapalvelut/","merikarvia.fi","Liikunta","localExerciseLinks.ts","https","ok","","200","13","1","https://merikarvia.fi/vapaa-aika-ja-hyvinvointi/hyvinvointipalvelut/liikuntapalvelut/","ei",""
"https://meneva.fi/","Menevä Taksi","Valtakunnalliset palvelut","constants.tsx","https","ok","","200","287","1","https://meneva.fi/fi","ei",""
"https://masku.fi/joukko-ja-palveluliikenne","Masku palveluliikenne","Liikenne","localServiceTransportLinks.ts","https","ok","","200","237","1","https://masku.fi/joukko-ja-palveluliikenne","ei",""
"https://merikarvia.fi/sosiaali-ja-terveys/ikaihmisten-palvelut/","merikarvia.fi","Senioripalvelut","localSeniorLinks.ts","https","ok","","200","4","1","https://merikarvia.fi/sosiaali-ja-terveys/ikaihmisten-palvelut/","ei",""
"https://mikkeli.fi/","mikkeli.fi","Kuntien verkkosivut","municipalityWebsites.ts","https","ok","","200","144","1","https://mikkeli.fi/","ei",""
"https://meri-lapinjoukkoliikenne.fi/aikataulut-ja-reitit/","Meri-Lapin joukkoliikenne","Paikalliset palvelut","localServices.ts","https","ok","","200","274","1","https://meri-lapinjoukkoliikenne.fi/aikataulut-ja-reitit/","ei",""
"https://mikkeli.fi/en/","mikkeli.fi","Kuntien kieliversiot","municipalityWebsiteLocales.ts","https","ok","","200","98","1","https://mikkeli.fi/en/","ei",""
"https://masku.fi/vapaa-aika-ja-hyvinvointi/liikunta/soveltava-liikunta","masku.fi","Liikunta","localExerciseLinks.ts","https","ok","","200","185","1","https://masku.fi/vapaa-aika-ja-hyvinvointi/liikunta/soveltava-liikunta","ei",""
"https://mikkeli.fi/feed/","mikkeli.fi","Kuntauutiset","municipalityNewsFeeds.ts","https","ok","","200","60","1","https://mikkeli.fi/feed/","ei",""
"https://mobiilivarmenne.fi/","Mobiilivarmenne","Valtakunnalliset palvelut","constants.tsx","https","ok","","200","224","1","https://mobiilivarmenne.fi/","ei",""
"https://mikkeli.fi/category/joukkoliikenne/","Mikkeli palveluliikenne","Liikenne","localServiceTransportLinks.ts","https","ok","","200","129","1","https://mikkeli.fi/category/joukkoliikenne/","ei",""
"https://mieliyhdistykset.fi/rovaniemi/tukea-arkeen","mieliyhdistykset.fi","Digiopastus","seniorSurfGuidancePlaces.ts","https","ok","","200","666","1","https://mieliyhdistykset.fi/rovaniemi/tukea-arkeen/","ei",""
"https://muhos.fi/","muhos.fi","Kuntien verkkosivut","municipalityWebsites.ts","https","ok","","200","384","1","https://muhos.fi/","ei",""
"https://mikkelinpalloilijat.fi/","Mikkelin Palloilijat","Urheiluseurat","localSportsClubs.ts","https","ok","","200","556","1","https://mikkelinpalloilijat.fi/","ei",""
"https://mikkeli.fi/sv/","mikkeli.fi","Kuntien kieliversiot","municipalityWebsiteLocales.ts","https","ok","","200","135","1","https://mikkeli.fi/sv/","ei",""
"https://muhos.fi/feed/","muhos.fi","Kuntauutiset","municipalityNewsFeeds.ts","https","ok","","200","220","1","https://muhos.fi/feed/","ei",""
"https://muistiaina.fi/","Kanta-Hämeen Muistiyhdistys ry","Yhdistykset ja yhteisöt","communityLinks.ts","https","ok","","200","418","1","https://muistiaina.fi/","ei",""
"https://muistihelsinki.fi/","Helsingin Muistiyhdistys ry","Yhdistykset ja yhteisöt","communityLinks.ts","https","ok","","200","507","1","https://www.muistihelsinki.fi/","ei",""
"https://muistiliitto.fi/muistiyhdistykset/espoon-ja-kauniaisten-muistiyhdistys-ry-esbo-och-grankulla-minnesforening-rf/etusivu-espoo/","Espoon ja Kauniaisten Muistiyhdistys ry / Esbo och Grankulla Minnesförening rf","Yhdistykset ja yhteisöt","communityLinks.ts","https","ok","","200","190","1","https://muistiliitto.fi/muistiyhdistykset/espoon-ja-kauniaisten-muistiyhdistys-ry-esbo-och-grankulla-minnesforening-rf/etusivu-espoo/","ei",""
"https://moniheli.fi/verkosto/","Moniheli - monikulttuurijärjestöjen verkosto","Valtakunnalliset palvelut","constants.tsx","https","ok","","200","1128","1","https://moniheli.fi/verkosto/","ei",""
"https://muhos.fi/kulttuuri-ja-vapaa-aika/liikunta/ohjattu-liikunta/","muhos.fi","Liikunta","localExerciseLinks.ts","https","ok","","200","282","1","https://muhos.fi/kulttuuri-ja-vapaa-aika/liikunta/ohjattu-liikunta/","ei",""
"https://muhos.fi/sosiaali-ja-terveys/ikaihmisten-palvelut/","muhos.fi","Senioripalvelut","localSeniorLinks.ts","https","ok","","200","232","1","https://muhos.fi/sosiaali-ja-terveys/ikaihmisten-palvelut/","ei",""
"https://muistiliitto.fi/muistiyhdistykset/keski-uudenmaan-muistiyhdistys-ry/etusivu-keski-uusimaa/","Keski-Uudenmaan Muistiyhdistys ry","Yhdistykset ja yhteisöt","communityLinks.ts","https","ok","","200","46","1","https://muistiliitto.fi/muistiyhdistykset/keski-uudenmaan-muistiyhdistys-ry/etusivu-keski-uusimaa/","ei",""
"https://muistiliitto.fi/muistiyhdistykset/mikkelin-seudun-muisti/etusivu-2/","Mikkelin seudun Muisti ry","Yhdistykset ja yhteisöt","communityLinks.ts","https","ok","","200","184","1","https://muistiliitto.fi/muistiyhdistykset/mikkelin-seudun-muisti/etusivu-mikkeli/","ei",""
"https://muistiliitto.fi/muistiyhdistykset/pieksamaen-muistiyhdistys/pieksamaen-muistiyhdistys-ry/","Pieksämäen Muistiyhdistys","Yhdistykset ja yhteisöt","communityLinks.ts","https","ok","","200","38","1","https://muistiliitto.fi/muistiyhdistykset/pieksamaen-muistiyhdistys/pieksamaen-muistiyhdistys-ry/","ei",""
"https://muistiliitto.fi/muistiyhdistykset/porin-seudun-muistiyhdistys/etusivu-pori/","Porin Seudun Muistiyhdistys","Yhdistykset ja yhteisöt","communityLinks.ts","https","ok","","200","38","1","https://muistiliitto.fi/muistiyhdistykset/porin-seudun-muistiyhdistys/etusivu-pori/","ei",""
"https://muistiliitto.fi/muistiyhdistykset/raahen-seudun-muistiyhdistys/etusivu-raahe/","Raahen seudun muistiyhdistys","Yhdistykset ja yhteisöt","communityLinks.ts","https","ok","","200","38","1","https://muistiliitto.fi/muistiyhdistykset/raahen-seudun-muistiyhdistys/etusivu-raahe/","ei",""
"https://lpviesti.fi/","LP Viesti","Urheiluseurat","localSportsClubs.ts","https","ok","","200","3897","1","https://lpviesti.fi/","ei",""
"https://muistiliitto.fi/muistiyhdistykset/rauman-seudun-muistiyhdistys/etusivu-rauma/","Rauman Seudun Muistiyhdistys ry","Yhdistykset ja yhteisöt","communityLinks.ts","https","ok","","200","546","1","https://muistiliitto.fi/muistiyhdistykset/rauman-seudun-muistiyhdistys/etusivu-rauma/","ei",""
"https://muistiliitto.fi/muistiyhdistykset/savonlinnan-seudun-muistiyhdistys/etusivu-savonlinna/","Savonlinnan Seudun Muistiyhdistys ry","Yhdistykset ja yhteisöt","communityLinks.ts","https","ok","","200","38","1","https://muistiliitto.fi/muistiyhdistykset/savonlinnan-seudun-muistiyhdistys/etusivu-savonlinna/","ei",""
"https://muistiliitto.fi/muistiyhdistykset/vaasan-seudun-muistiyhdistys-ry/etusivu-8/","Vaasan Seudun Muistiyhdistys ry","Yhdistykset ja yhteisöt","communityLinks.ts","https","ok","","200","39","1","https://muistiliitto.fi/muistiyhdistykset/vaasan-seudun-muistiyhdistys-ry/etusivu-8/","ei",""
"https://multia.fi/","Multia asiointiliikenne","Liikenne","localServiceTransportLinks.ts","https","ok","","200","190","1","https://multia.fi/","ei",""
"https://multia.fi/asukkaille/kirjasto.html","multia.fi","Digiopastus","seniorSurfGuidancePlaces.ts","https","failed","http_status_error","404","49","1","https://multia.fi/asukkaille/kirjasto.html","ei",""
"https://music.youtube.com/","YouTube Musiikki","Valtakunnalliset palvelut","constants.tsx","https","ok","","200","228","1","https://music.youtube.com/?cbrd=1&ucbcb=1","ei",""
"https://muistiliitto.fi/muistiyhdistykset/etela-karjalan-muisti-ry/etusivu-etela-karjala/","Etelä-Karjalan Muisti ry","Yhdistykset ja yhteisöt","communityLinks.ts","https","ok","","200","734","1","https://muistiliitto.fi/muistiyhdistykset/etela-karjalan-muisti-ry/etusivu-etela-karjala/","ei",""
"https://muistiliitto.fi/muistiyhdistykset/etela-pohjanmaan-muistiyhdistys-ry/etusivu-2/","Etelä-Pohjanmaan Muistiyhdistys ry","Yhdistykset ja yhteisöt","communityLinks.ts","https","ok","","200","38","1","https://muistiliitto.fi/muistiyhdistykset/etela-pohjanmaan-muistiyhdistys-ry/etusivu-2/","ei",""
"https://muistiliitto.fi/muistiyhdistykset/karjaan-ja-pohjan-ikaihmisten-tuki-ry-stod-for-de-aldre-i-karis-och-pojo-rf/etusivu-karjaa/","Karjaan ja Pohjan ikäihmisten tuki ry / Stöd för de äldre i Karis och Pojo rf","Yhdistykset ja yhteisöt","communityLinks.ts","https","ok","","200","38","1","https://muistiliitto.fi/muistiyhdistykset/karjaan-ja-pohjan-ikaihmisten-tuki-ry-stod-for-de-aldre-i-karis-och-pojo-rf/etusivu-karjaa/","ei",""
"https://muistiliitto.fi/muistiyhdistykset/lansi-pohjan-muistiyhdistys/etusivu-lansi-pohja/","Länsi-Pohjan Muistiyhdistys ry","Yhdistykset ja yhteisöt","communityLinks.ts","https","ok","","200","38","1","https://muistiliitto.fi/muistiyhdistykset/lansi-pohjan-muistiyhdistys/etusivu-lansi-pohja/","ei",""
"https://muistiliitto.fi/muistiyhdistykset/kotkan-seudun-muistiyhdistys-ry/etusivu-kotka/","Kotkan Seudun muistiyhdistys ry","Yhdistykset ja yhteisöt","communityLinks.ts","https","ok","","200","413","1","https://muistiliitto.fi/muistiyhdistykset/kotkan-seudun-muistiyhdistys-ry/etusivu-kotka/","ei",""
"https://muistiliitto.fi/muistiyhdistykset/hyvinkaan-muisti-ry/etusivu-hyvinkaa/","Hyvinkään Muisti ry","Yhdistykset ja yhteisöt","communityLinks.ts","https","ok","","200","38","1","https://muistiliitto.fi/muistiyhdistykset/hyvinkaan-muisti-ry/etusivu-hyvinkaa/","ei",""
"https://nakkila.fi/","nakkila.fi","Kuntien verkkosivut","municipalityWebsites.ts","https","ok","","200","108","1","https://nakkila.fi/","ei",""
"https://nakkila.fi/palvelut/hyvinvointipalvelut/liikuntapalvelut/soveltava-liikunta-nakkilassa/","nakkila.fi","Liikunta","localExerciseLinks.ts","https","ok","","200","6","1","https://nakkila.fi/palvelut/hyvinvointipalvelut/liikuntapalvelut/soveltava-liikunta-nakkilassa/","ei",""
"https://norrakyrkslatt.spfpension.fi/textmodul/","norrakyrkslatt.spfpension.fi","Digiopastus","seniorSurfGuidancePlaces.ts","https","failed","http_status_error","404","118","1","https://norrakyrkslatt.spfpension.fi/textmodul/","ei",""
"https://nousiainen.fi/","nousiainen.fi","Kuntien verkkosivut","municipalityWebsites.ts","https","ok","","200","208","1","https://nousiainen.fi/","ei",""
"https://nousiainen.fi/feed/","nousiainen.fi","Kuntauutiset","municipalityNewsFeeds.ts","https","ok","","200","82","1","https://nousiainen.fi/feed/","ei",""
"https://muistiliitto.fi/muistiyhdistykset/kainuun-muistiyhdistys/etusivu-kainuu/","Kainuun Muistiyhdistys","Yhdistykset ja yhteisöt","communityLinks.ts","https","ok","","200","697","1","https://muistiliitto.fi/muistiyhdistykset/kainuun-muistiyhdistys/etusivu-kainuu/","ei",""
"https://nousiainen.fi/kirjasto-ja-kulttuuri/kirjasto/","nousiainen.fi","Digiopastus","seniorSurfGuidancePlaces.ts","https","ok","","200","217","1","https://nousiainen.fi/henkilot/kirjasto/","ei",""
"https://muistiliitto.fi/muistiyhdistykset/kouvolan-seudun-muisti/etusivu-kouvola/","Kouvolan seudun Muisti ry","Yhdistykset ja yhteisöt","communityLinks.ts","https","ok","","200","38","1","https://muistiliitto.fi/muistiyhdistykset/kouvolan-seudun-muisti/etusivu-kouvola/","ei",""
"https://muistiliitto.fi/muistiyhdistykset/salon-muistiyhdistys/tietoa-yhdistyksesta-4/","Salon Muistiyhdistys","Yhdistykset ja yhteisöt","communityLinks.ts","https","ok","","200","37","1","https://muistiliitto.fi/muistiyhdistykset/salon-muistiyhdistys/tietoa-yhdistyksesta-4/","ei",""
"https://omahame.fi/","omahame.fi","Paikalliset palvelut","localServices.ts","https","ok","","200","169","1","https://omahame.fi/","ei",""
"https://online.alandsbanken.fi/service/identify","Ålandsbanken Internetkonttorin sulku","Valtakunnalliset palvelut","constants.tsx","https","ok","","200","115","1","https://online.alandsbanken.fi/service/identify","ei",""
"https://oivaseutu.fi/","oivaseutu.fi","Paikalliset palvelut","localServices.ts","https","ok","","200","575","1","https://oivaseutu.fi/","ei",""
"https://myrskyla.fi/","myrskyla.fi","Kuntien verkkosivut","municipalityWebsites.ts","https","ok","","200","3220","1","https://myrskyla.fi/","ei",""
"https://open.spotify.com/","Spotify","Valtakunnalliset palvelut","constants.tsx","https","ok","","200","117","1","https://open.spotify.com/","ei",""
"https://orimattila.fi/","orimattila.fi","Kuntien verkkosivut","municipalityWebsites.ts","https","ok","","200","395","1","https://orimattila.fi/","ei",""
"https://orimattila.fi/feed/","orimattila.fi","Kuntauutiset","municipalityNewsFeeds.ts","https","ok","","200","187","1","https://orimattila.fi/feed/","ei",""
"https://orimattila.fi/vapaa-aika-ja-hyvinvointi/kirjasto/palvelut/digiopastus/","orimattila.fi","Digiopastus","seniorSurfGuidancePlaces.ts","https","ok","","200","451","1","https://orimattila.fi/vapaa-aika-ja-hyvinvointi/kirjasto/palvelut/digiopastus/","ei",""
"https://oopperabaletti.fi/","Kansallisooppera","Valtakunnalliset palvelut","constants.tsx","https","ok","","200","1193","1","https://oopperabaletti.fi/","ei",""
"https://nukketeatterisampo.fi/","Nukketeatteri Sampo","Valtakunnalliset palvelut","constants.tsx","https","ok","","206","2036","1","https://nukketeatterisampo.fi/","ei",""
"https://orimattila.fi/vapaa-aika-ja-hyvinvointi/liikuntapalvelut/","orimattila.fi","Liikunta","localExerciseLinks.ts","https","ok","","200","405","1","https://orimattila.fi/vapaa-aika-ja-hyvinvointi/liikuntapalvelut/","ei",""
"https://omahame.fi/uutiset","omahame.fi","Paikalliset palvelut","localServices.ts","https","ok","","200","1110","1","https://omahame.fi/uutiset","ei",""
"https://orimattila.fi/asuminen-ja-ymparisto/kadut-ja-liikenne/joukkoliikenne-ja-palveluliikenne/","Orimattila palveluliikenne","Liikenne","localServiceTransportLinks.ts","https","ok","","200","379","1","https://orimattila.fi/asuminen-ja-ymparisto/kadut-ja-liikenne/joukkoliikenne-ja-palveluliikenne/","ei",""
"https://oripaa.fi/","oripaa.fi","Kuntien verkkosivut","municipalityWebsites.ts","https","ok","","206","1013","1","https://oripaa.fi/","ei",""
"https://orimattila.fi/vapaa-aika-ja-hyvinvointi/senioripalvelut/","orimattila.fi","Senioripalvelut","localSeniorLinks.ts","https","ok","","200","396","1","https://orimattila.fi/vapaa-aika-ja-hyvinvointi/senioripalvelut/","ei",""
"https://myrskyla.fi/palvelut/hyvinvointipalvelut/ikaantyneiden-palvelut/","myrskyla.fi","Senioripalvelut","localSeniorLinks.ts","https","ok","","200","3228","1","https://myrskyla.fi/palvelut/hyvinvointipalvelut/ikaantyneiden-palvelut/","ei",""
"https://orivedensanomat.fi/","orivedensanomat.fi","Paikallislehdet","localNewspaperLinks.ts","https","ok","","200","33","1","https://orivedensanomat.fi/","ei",""
"https://orivedensanomat.fi/feed/","orivedensanomat.fi","Paikallisuutiset","localNewspaperFeeds.ts","https","ok","","200","5","1","https://orivedensanomat.fi/feed/","ei",""
"https://orivesi.fi/","orivesi.fi","Kuntien verkkosivut","municipalityWebsites.ts","https","ok","","200","200","1","https://orivesi.fi/","ei",""
"https://orivesi.fi/2025/08/06/joukkoliikenneuutisia-nyssen-96-linjalla-reilusti-kayttajia-talviaikataulut-astuivat-voimaan-ja-junien-matkustajamaarat-kasvussa/","Orivesi palveluliikenne","Liikenne","localServiceTransportLinks.ts","https","ok","","200","173","1","https://orivesi.fi/2025/08/06/joukkoliikenneuutisia-nyssen-96-linjalla-reilusti-kayttajia-talviaikataulut-astuivat-voimaan-ja-junien-matkustajamaarat-kasvussa/","ei",""
"https://orivesi.fi/asukkaalle/liikunta/ohjattu-liikunta/aikuisten-ja-senioreiden-liikunta/","orivesi.fi","Liikunta","localExerciseLinks.ts","https","ok","","200","166","1","https://orivesi.fi/asukkaalle/liikunta/ohjattu-liikunta/aikuisten-ja-senioreiden-liikunta/","ei",""
"https://orivesi.fi/en/front-page/","orivesi.fi","Kuntien kieliversiot","municipalityWebsiteLocales.ts","https","ok","","200","187","1","https://orivesi.fi/","ei",""
"https://oulunpyrinto.fi/","Oulun Pyrintö","Urheiluseurat","localSportsClubs.ts","https","ok","","200","679","1","https://oulunpyrinto.fi/","ei",""
"https://oripaa.fi/feed/","oripaa.fi","Kuntauutiset","municipalityNewsFeeds.ts","https","ok","","200","2929","1","https://oripaa.fi/feed/","ei",""
"https://oripaa.fi/in-english/","oripaa.fi","Kuntien kieliversiot","municipalityWebsiteLocales.ts","https","ok","","200","61","1","https://oripaa.fi/in-english/","ei",""
"https://outi.finna.fi/","OUTI-kirjastot","Paikalliset palvelut","localServices.ts","https","ok","","206","112","1","https://outi.finna.fi/","ei",""
"https://oripaa.fi/asukkaalle/hyvinvointi/liikuntapalvelut/","oripaa.fi","Liikunta","localExerciseLinks.ts","https","ok","","200","37","1","https://oripaa.fi/asukkaalle/hyvinvointi/liikuntapalvelut/","ei",""
"https://oulunteatteri.fi/","Oulun teatteri","Valtakunnalliset palvelut","constants.tsx","https","ok","","200","623","1","https://oulunteatteri.fi/","ei",""
"https://paijatha.fi/","paijatha.fi","Paikalliset palvelut","localServices.ts","https","ok","","200","51","1","https://paijatha.fi/","ei",""
"https://paijatha.fi/ajankohtaista/","paijatha.fi","Paikalliset palvelut","localServices.ts","https","ok","","200","8","1","https://paijatha.fi/ajankohtaista/","ei",""
"https://myrskyla.fi/feed/","myrskyla.fi","Kuntauutiset","municipalityNewsFeeds.ts","https","ok","","200","2406","1","https://myrskyla.fi/feed/","ei",""
"https://outlook.live.com/","Outlook / Hotmail","Valtakunnalliset palvelut","constants.tsx","https","ok","","200","263","2","https://outlook.live.com/mail/","ei",""
"https://pargas.spfpension.fi/smagruppsverksamhet/it/","pargas.spfpension.fi","Digiopastus","seniorSurfGuidancePlaces.ts","https","ok","","200","114","1","https://pargas.spfpension.fi/smagruppsverksamhet/it/","ei",""
"https://parikkala.fi/","parikkala.fi","Kuntien verkkosivut","municipalityWebsites.ts","https","ok","","200","19","1","https://parikkala.fi/","ei",""
"https://outlook.office365.com/owa/calendar/Vantaaaikuisopisto@eduvantaa.onmicrosoft.com/bookings/","outlook.office365.com","Digiopastus","seniorSurfGuidancePlaces.ts","https","ok","","200","319","2","https://bookings.cloud.microsoft/book/Vantaaaikuisopisto@eduvantaa.onmicrosoft.com/","kyllä",""
"https://parikkala.fi/vapaa-aika/liikunta-ja-hyvinvointipalvelut/liikuntaryhmat/","parikkala.fi","Liikunta","localExerciseLinks.ts","https","ok","","200","115","1","https://parikkala.fi/vapaa-aika/liikunta-ja-hyvinvointipalvelut/liikuntaryhmat/","ei",""
"https://parikkala.fi/ikaantyneet/","parikkala.fi","Senioripalvelut","localSeniorLinks.ts","https","ok","","200","113","1","https://parikkala.fi/ikaantyneet/","ei",""
"https://parikkala.fi/asuminen-ja-ymparisto/joukkoliikenne/","Parikkala palveluliikenne","Liikenne","localServiceTransportLinks.ts","https","failed","http_status_error","404","93","1","https://parikkala.fi/asuminen-ja-ymparisto/joukkoliikenne/","ei",""
"https://parkano.fi/en/","parkano.fi","Kuntien kieliversiot","municipalityWebsiteLocales.ts","https","ok","","200","488","1","https://parkano.fi/en/","ei",""
"https://pelastustoimi.fi/","Pelastustoimi","Valtakunnalliset palvelut","constants.tsx","https","ok","","200","161","1","https://pelastustoimi.fi/etusivu","ei",""
"https://pelkosenniemi.fi/","pelkosenniemi.fi","Kuntien verkkosivut","municipalityWebsites.ts","https","ok","","200","170","1","https://pelkosenniemi.fi/","ei",""
"https://parkano.fi/palveluliikenne/","Parkano palveluliikenne","Liikenne","localServiceTransportLinks.ts","https","ok","","200","339","1","https://parkano.fi/palveluliikenne/","ei",""
"https://parkano.fi/feed/","parkano.fi","Kuntauutiset","municipalityNewsFeeds.ts","https","ok","","200","4","1","https://parkano.fi/feed/","ei",""
"https://pelkosenniemi.fi/en/","pelkosenniemi.fi","Kuntien kieliversiot","municipalityWebsiteLocales.ts","https","ok","","200","493","1","https://pelkosenniemi.fi/en/","ei",""
"https://pakolaisapu.fi/suomiluotsit/","Suomen Pakolaisapu - Suomiluotsit","Valtakunnalliset palvelut","constants.tsx","https","ok","","200","1852","1","https://pakolaisapu.fi/suomiluotsit/","ei",""
"https://pelkosenniemi.fi/asuminen-ja-ymparisto/liikenneyhteydet-ja-liikenneturva/","Pelkosenniemi palveluliikenne","Liikenne","localServiceTransportLinks.ts","https","ok","","200","36","1","https://pelkosenniemi.fi/asuminen-ja-ymparisto/liikenneyhteydet-ja-liikenneturva/","ei",""
"https://pesakarhut.fi/","Pesäkarhut","Urheiluseurat","localSportsClubs.ts","https","ok","","200","28","1","https://pesakarhut.fi/","ei",""
"https://pelkosenniemi.fi/feed/","pelkosenniemi.fi","Kuntauutiset","municipalityNewsFeeds.ts","https","ok","","200","278","1","https://pelkosenniemi.fi/feed/","ei",""
"https://pielavesi.fi/","pielavesi.fi","Kuntien verkkosivut","municipalityWebsites.ts","https","ok","","200","334","1","https://pielavesi.fi/","ei",""
"https://pelkosenniemi.fi/vapaa-aika-ja-kulttuuri/harrastukset-ja-liikunta/liikuntapalvelut/","pelkosenniemi.fi","Liikunta","localExerciseLinks.ts","https","ok","","200","152","1","https://pelkosenniemi.fi/vapaa-aika-ja-kulttuuri/harrastukset-ja-liikunta/liikuntapalvelut/","ei",""
"https://pielavesi.fi/sujuva-arki/terveys-ja-hyvinvointi/liikuntaneuvonta/","pielavesi.fi","Liikunta","localExerciseLinks.ts","https","ok","","200","215","1","https://pielavesi.fi/sujuva-arki/terveys-ja-hyvinvointi/liikuntaneuvonta/","ei",""
"https://perho.com/","perho.com","Kuntien verkkosivut","municipalityWebsites.ts","https","ok","","200","832","1","https://perho.com/","ei",""
"https://oripaa.fi/asukkaalle/sivistystoimi/kirjasto-ja-kulttuuri/","oripaa.fi","Digiopastus","seniorSurfGuidancePlaces.ts","https","ok","","200","2755","1","https://oripaa.fi/ajankohtaista/kirjasto-ja-kulttuurisihteeri/","ei",""
"https://pihtipudas.fi/","pihtipudas.fi","Kuntien verkkosivut","municipalityWebsites.ts","https","ok","","206","59","1","https://pihtipudas.fi/","ei",""
"https://pihtipudas.fi/vapaa-aika-ja-hyvinvointi/kirjasto/kirjaston-palvelut/","pihtipudas.fi","Digiopastus","seniorSurfGuidancePlaces.ts","https","ok","","206","13","1","https://pihtipudas.fi/vapaa-aika-ja-hyvinvointi/kirjasto/kirjaston-palvelut/","ei",""
"https://pihtipudas.fi/vapaa-aika-ja-hyvinvointi/liikunta-ja-ulkoilu/soveltava-liikunta/","pihtipudas.fi","Liikunta","localExerciseLinks.ts","https","ok","","206","13","1","https://pihtipudas.fi/vapaa-aika-ja-hyvinvointi/liikunta-ja-ulkoilu/soveltava-liikunta/","ei",""
"https://oripaa.fi/asukkaalle/hyvinvointi/varsinais-suomen-hyvinvointialue/vanhuspalvelut/","oripaa.fi","Senioripalvelut","localSeniorLinks.ts","https","ok","","200","38","1","https://oripaa.fi/asukkaalle/hyvinvointi/varsinais-suomen-hyvinvointialue/vanhuspalvelut/","ei",""
"https://piki.fi/","PIKI-kirjastot","Paikalliset palvelut","localServices.ts","https","failed","unable_to_verify_leaf_signature","","49","1","","ei",""
"https://pirkkalainen.fi/feed/","pirkkalainen.fi","Paikallisuutiset","localNewspaperFeeds.ts","https","ok","","200","29","1","https://pirkkalainen.fi/feed/","ei",""
"https://pihtipudas.fi/feed/","pihtipudas.fi","Kuntauutiset","municipalityNewsFeeds.ts","https","ok","","200","95","1","https://pihtipudas.fi/feed/","ei",""
"https://pielavesi.fi/en/","pielavesi.fi","Kuntien kieliversiot","municipalityWebsiteLocales.ts","https","ok","","200","227","1","https://pielavesi.fi/en/","ei",""
"https://pihtipudas.fi/pihtiputaan-asiointiliikennekokeilu-kaynnistyy-5-5-2026/","Pihtipudas asiointiliikenne","Liikenne","localServiceTransportLinks.ts","https","ok","","206","43","1","https://pihtipudas.fi/pihtiputaan-asiointiliikennekokeilu-kaynnistyy-5-5-2026/","ei",""
"https://play.radioplayer.org/fi","Radio Player","Valtakunnalliset palvelut","constants.tsx","https","ok","","200","134","1","https://play.radioplayer.org/fi","ei",""
"https://play.google.com/store/apps","Google Play","Valtakunnalliset palvelut","constants.tsx","https","ok","","200","66","1","https://play.google.com/store/apps","ei",""
"https://pkku.fi/","PK Keski-Uusimaa","Urheiluseurat","localSportsClubs.ts","https","ok","","200","490","1","https://pkku.fi/","ei","empty_page"
"https://pietarsaari.fi/kulttuuri-ja-vapaa-aika/liikunta-ja-urheilu/uimahalli/erityisliikuntakortti","pietarsaari.fi","Liikunta","localExerciseLinks.ts","https","ok","","200","597","1","https://pietarsaari.fi/kulttuuri-ja-vapaa-aika/liikunta-ja-urheilu/uimahalli/erityisliikuntakortti","ei",""
"https://perho.com/feed/","perho.com","Kuntauutiset","municipalityNewsFeeds.ts","https","ok","","200","626","1","https://perho.com/feed/","ei",""
"https://poliisi.fi/","Poliisi","Valtakunnalliset palvelut","constants.tsx","https","ok","","200","91","1","https://poliisi.fi/etusivu","ei",""
"https://pjl.pori.fi/","Porin joukkoliikenne","Valtakunnalliset palvelut","constants.tsx","https","ok","","200","625","1","https://pjl.pori.fi/","ei",""
"https://myrskyla.fi/sv/","myrskyla.fi","Kuntien kieliversiot","municipalityWebsiteLocales.ts","https","ok","","200","2999","1","https://myrskyla.fi/sv/","ei",""
"https://pohjanmaanhyvinvointi.fi/","pohjanmaanhyvinvointi.fi","Paikalliset palvelut","localServices.ts","https","ok","","200","203","1","https://pohjanmaanhyvinvointi.fi/","ei",""
"https://pornainen.fi/","pornainen.fi","Kuntien verkkosivut","municipalityWebsites.ts","https","ok","","200","45","1","https://pornainen.fi/","ei",""
"https://pohjanmaanhyvinvointi.fi/tietoa-meista/ajankohtaista/uutiset/","pohjanmaanhyvinvointi.fi","Paikalliset palvelut","localServices.ts","https","ok","","200","189","1","https://pohjanmaanhyvinvointi.fi/tietoa-meista/ajankohtaista/uutiset/","ei",""
"https://pori.digitransit.fi/","Porin reittiopas","Valtakunnalliset palvelut","constants.tsx","https","ok","","200","253","1","https://pori.digitransit.fi/","ei",""
"https://pohde.fi/","pohde.fi","Paikalliset palvelut","localServices.ts","https","ok","","200","1061","1","https://pohde.fi/","ei",""
"https://poliisi.fi/neuvontapalvelu","Poliisin valtakunnallinen neuvonta","Valtakunnalliset palvelut","constants.tsx","https","ok","","200","807","1","https://poliisi.fi/neuvontapalvelu","ei",""
"https://pshyvinvointialue.fi/","pshyvinvointialue.fi","Paikalliset palvelut","localServices.ts","https","ok","","200","115","1","https://pshyvinvointialue.fi/","ei",""
"https://pshyvinvointialue.fi/fi/ajankohtaiset","pshyvinvointialue.fi","Paikalliset palvelut","localServices.ts","https","ok","","200","90","1","https://pshyvinvointialue.fi/fi/ajankohtaiset","ei",""
"https://pornainen.fi/kuntalaiset/kulttuuri-ja-vapaa-aika/liikunta-ja-ulkoilu/ohjattu-liikunta/","pornainen.fi","Liikunta","localExerciseLinks.ts","https","ok","","200","982","1","https://pornainen.fi/kuntalaiset/kulttuuri-ja-vapaa-aika/liikunta-ja-ulkoilu/ohjattu-liikunta/","ei",""
"https://puolanka.fi/","puolanka.fi","Kuntien verkkosivut","municipalityWebsites.ts","https","ok","","200","371","1","https://puolanka.fi/","ei",""
"https://puolanka.fi/feed/","puolanka.fi","Kuntauutiset","municipalityNewsFeeds.ts","https","ok","","200","114","1","https://puolanka.fi/feed/","ei",""
"https://pornainen.fi/kuntalaiset/terveys-ja-hyvinvointi/ikaihmisten-palvelut/","pornainen.fi","Senioripalvelut","localSeniorLinks.ts","https","ok","","200","349","1","https://pornainen.fi/kuntalaiset/terveys-ja-hyvinvointi/ikaihmisten-palvelut/","ei",""
"https://pohde.fi/ajankohtaista/","pohde.fi","Paikalliset palvelut","localServices.ts","https","ok","","200","761","1","https://pohde.fi/ajankohtaista/","ei",""
"https://puolanka.fi/vesijumppa-senioreille-alkaa-3-9-mantykodissa/","puolanka.fi","Liikunta","localExerciseLinks.ts","https","ok","","200","252","1","https://puolanka.fi/vesijumppa-senioreille-alkaa-3-9-mantykodissa/","ei",""
"https://puumalalehti.fi/","puumalalehti.fi","Paikallislehdet","localNewspaperLinks.ts","https","ok","","206","217","1","https://www.puumalalehti.fi/","ei",""
"https://pornainen.fi/kuntalaiset/joukkoliikenne-ja-aikataulut/","Pornainen palveluliikenne","Liikenne","localServiceTransportLinks.ts","https","ok","","200","319","1","https://pornainen.fi/kuntalaiset/joukkoliikenne-ja-aikataulut/","ei",""
"https://pyhajarvensanomat.fi/","pyhajarvensanomat.fi","Paikallislehdet","localNewspaperLinks.ts","https","ok","","200","41","1","https://pyhajarvensanomat.fi/","ei",""
"https://pyhajarvensanomat.fi/feed/","pyhajarvensanomat.fi","Paikallisuutiset","localNewspaperFeeds.ts","https","ok","","200","5","1","https://pyhajarvensanomat.fi/feed/","ei",""
"https://pyhanta.fi/joukkoliikenneyhteydet","Pyhäntä palveluliikenne","Liikenne","localServiceTransportLinks.ts","https","ok","","200","141","1","https://pyhanta.fi/joukkoliikenneyhteydet","ei",""
"https://puumala.fi/","puumala.fi","Kuntien verkkosivut","municipalityWebsites.ts","https","ok","","200","966","1","https://puumala.fi/","ei",""
"https://pyhtaa.fi/","pyhtaa.fi","Kuntien verkkosivut","municipalityWebsites.ts","https","ok","","200","68","1","https://pyhtaa.fi/fi","ei",""
"https://pyhtaa.fi/fi/rss.xml","pyhtaa.fi","Kuntauutiset","municipalityNewsFeeds.ts","https","ok","","200","10","1","https://pyhtaa.fi/fi/rss.xml","ei",""
"https://pyhtaa.fi/sv","pyhtaa.fi","Kuntien kieliversiot","municipalityWebsiteLocales.ts","https","ok","","200","36","1","https://pyhtaa.fi/sv","ei",""
"https://pornainen.fi/feed/","pornainen.fi","Kuntauutiset","municipalityNewsFeeds.ts","https","ok","","200","217","1","https://pornainen.fi/feed/","ei",""
"https://pyhtaa.fi/fi/neuvontapalvelut/ikaantyneet","pyhtaa.fi","Senioripalvelut","localSeniorLinks.ts","https","ok","","200","19","1","https://pyhtaa.fi/fi/neuvontapalvelut/ikaantyneet","ei",""
"https://pyhtaa.fi/en","pyhtaa.fi","Kuntien kieliversiot","municipalityWebsiteLocales.ts","https","ok","","200","17","1","https://pyhtaa.fi/en","ei",""
"https://raisio.fi/","raisio.fi","Kuntien verkkosivut","municipalityWebsites.ts","https","ok","","206","46","1","https://raisio.fi/fi","ei",""
"https://raisio.fi/en","raisio.fi","Kuntien kieliversiot","municipalityWebsiteLocales.ts","https","ok","","206","3","1","https://raisio.fi/en","ei",""
"https://raisio.fi/fi/rss.xml?q=/fi/rss.xml","raisio.fi","Kuntauutiset","municipalityNewsFeeds.ts","https","ok","","206","4","1","https://raisio.fi/fi/rss.xml?q=/fi/rss.xml","ei",""
"https://rakastajat.fi/","Rakastajat-teatteri","Valtakunnalliset palvelut","constants.tsx","https","ok","","200","424","1","https://rakastajat.fi/","ei",""
"https://puumala.fi/ru/%d0%b3%d0%bb%d0%b0%d0%b2%d0%bd%d0%b0%d1%8f/","puumala.fi","Kuntien kieliversiot","municipalityWebsiteLocales.ts","https","ok","","200","783","1","https://puumala.fi/ru/%d0%b3%d0%bb%d0%b0%d0%b2%d0%bd%d0%b0%d1%8f/","ei",""
"https://rantasalmi.fi/asuminen-ja-ymparisto/asuminen/ikaihmiset/","rantasalmi.fi","Senioripalvelut","localSeniorLinks.ts","https","ok","","200","68","1","https://rantasalmi.fi/asuminen-ja-ymparisto/asuminen/ikaihmiset/","ei",""
"https://rantasalmi.fi/feed/","rantasalmi.fi","Kuntauutiset","municipalityNewsFeeds.ts","https","ok","","200","4","1","https://rantasalmi.fi/feed/","ei",""
"https://ranua.fi/asuminen-ja-rakentaminen/asuminen/asiointiliikenne/","Ranua palveluliikenne","Liikenne","localServiceTransportLinks.ts","https","ok","","200","15","1","https://ranua.fi/asuminen-ja-rakentaminen/asuminen/asiointiliikenne/","ei",""
"https://ranua.fi/en/","ranua.fi","Kuntien kieliversiot","municipalityWebsiteLocales.ts","https","ok","","200","16","1","https://ranua.fi/en/","ei",""
"https://rantasalmi.fi/asuminen-ja-ymparisto/kadut-ja-liikenne/asiointiliikenne/","Rantasalmi palveluliikenne","Liikenne","localServiceTransportLinks.ts","https","ok","","200","4","1","https://rantasalmi.fi/asuminen-ja-ymparisto/kadut-ja-liikenne/asiointiliikenne/","ei",""
"https://ranua.fi/feed/","ranua.fi","Kuntauutiset","municipalityNewsFeeds.ts","https","ok","","200","4","1","https://ranua.fi/feed/","ei",""
"https://myrskyla.fi/palvelut/joukkoliikenne/","Myrskylä palveluliikenne","Liikenne","localServiceTransportLinks.ts","https","ok","","200","3267","1","https://myrskyla.fi/palvelut/joukkoliikenne/","ei",""
"https://reisjarvilehti.fi/","reisjarvilehti.fi","Paikallislehdet","localNewspaperLinks.ts","https","ok","","200","34","1","https://reisjarvilehti.fi/","ei",""
"https://ratamo.finna.fi/","RATAMO-kirjastot","Paikalliset palvelut","localServices.ts","https","ok","","206","124","1","https://ratamo.finna.fi/","ei",""
"https://ranua.fi/senioreille/","ranua.fi","Senioripalvelut","localSeniorLinks.ts","https","ok","","200","15","1","https://ranua.fi/senioreille/","ei",""
"https://raisio.elakeliitto.fi/","raisio.elakeliitto.fi","Digiopastus","seniorSurfGuidancePlaces.ts","https","ok","","200","1066","1","https://raisio.elakeliitto.fi/","ei",""
"https://reittiopas.hsl.fi/","HSL Reittiopas","Paikalliset palvelut","localServices.ts","https","warning","access_limited","403","213","1","https://www.hsl.fi/?fromJourneyPlanner=true","ei",""
"https://retkipaikka.fi/","Retkipaikka","Valtakunnalliset palvelut","constants.tsx","https","ok","","200","75","1","https://retkipaikka.fi/","ei","empty_page"
"https://rops.fi/","RoPS","Urheiluseurat","localSportsClubs.ts","https","ok","","200","76","1","https://rops.fi/","ei",""
"https://raamattu.fi/","Raamattu.fi","Valtakunnalliset palvelut","constants.tsx","https","ok","","206","1309","1","https://www.raamattu.fi/","ei",""
"https://pyrinto.fi/","Tampereen Pyrintö","Urheiluseurat","localSportsClubs.ts","https","ok","","200","1415","1","https://pyrinto.fi/","ei",""
"https://puumala.fi/feed/","puumala.fi","Kuntauutiset","municipalityNewsFeeds.ts","https","ok","","200","693","1","https://puumala.fi/feed/","ei",""
"https://reittiopas.tampere.fi/","Nysse reittiopas","Valtakunnalliset palvelut","constants.tsx","https","ok","","200","205","1","https://reittiopas.tampere.fi/","ei",""
"https://rusko.fi/","rusko.fi","Kuntien verkkosivut","municipalityWebsites.ts","https","ok","","200","72","1","https://rusko.fi/","ei",""
"https://reittiopas.matkahuolto.fi/","Matkahuollon reittiopas","Valtakunnalliset palvelut","constants.tsx","https","ok","","200","306","1","https://reittiopas.matkahuolto.fi/","ei",""
"https://ryhmateatteri.fi/","Ryhmäteatteri","Valtakunnalliset palvelut","constants.tsx","https","failed","server_error","502","77","1","https://ryhmateatteri.fi/","ei",""
"https://ruokolahti.fi/","ruokolahti.fi","Kuntien verkkosivut","municipalityWebsites.ts","https","ok","","200","550","1","https://ruokolahti.fi/fi","ei",""
"https://saarijarvi.fi/","saarijarvi.fi","Kuntien verkkosivut","municipalityWebsites.ts","https","ok","","200","372","1","https://saarijarvi.fi/","ei",""
"https://ruokolahti.fi/fi/kasvatus-ja-koulutus/elvinkulman-olohuone","ruokolahti.fi","Digiopastus","seniorSurfGuidancePlaces.ts","https","ok","","200","282","1","https://ruokolahti.fi/fi/harrasta-ja-viihdy/elvinkulman-olohuone","ei",""
"https://salo.fi/","salo.fi","Kuntien verkkosivut","municipalityWebsites.ts","https","ok","","200","36","1","https://salo.fi/","ei",""
"https://salo.fi/en/","salo.fi","Kuntien kieliversiot","municipalityWebsiteLocales.ts","https","ok","","200","3","1","https://salo.fi/en/","ei",""
"https://puumala.fi/asuminen-ja-ymparisto/joukkoliikenne/","Puumala palveluliikenne","Liikenne","localServiceTransportLinks.ts","https","ok","","200","718","1","https://puumala.fi/asuminen-ja-ymparisto/joukkoliikenne/","ei",""
"https://salo.elakkeensaajat.fi/verkosta-virtaa/","salo.elakkeensaajat.fi","Digiopastus","seniorSurfGuidancePlaces.ts","https","ok","","200","172","1","https://salo.elakkeensaajat.fi/verkosta-virtaa/","ei",""
"https://saarijarvi.fi/sosiaali-ja-terveyspalvelut/ikaihmiset/","saarijarvi.fi","Senioripalvelut","localSeniorLinks.ts","https","ok","","200","122","1","https://saarijarvi.fi/sosiaali-ja-terveyspalvelut/ikaihmiset/","ei",""
"https://rutakko.verkkokirjasto.fi/","Rutakko-kirjastot","Paikalliset palvelut","localServices.ts","https","ok","","200","785","1","https://rutakko.verkkokirjasto.fi/","ei",""
"https://salonpaikku.fi/","Salo palveluliikenne","Liikenne","localServiceTransportLinks.ts","https","ok","","200","42","1","https://salonpaikku.fi/","ei",""
"https://ruokolahti.fi/fi/asuminen-ja-ymparisto/joukkoliikenne","Ruokolahden joukkoliikenne","Paikalliset palvelut","localServices.ts","https","ok","","200","305","1","https://ruokolahti.fi/fi/asuminen-ja-ymparisto/joukkoliikenne","ei",""
"https://saipa.fi/","SaiPa","Urheiluseurat","localSportsClubs.ts","https","ok","","200","968","1","https://saipa.fi/","ei",""
"https://salonsyty.fi/tuleva-toiminta","salonsyty.fi","Digiopastus","seniorSurfGuidancePlaces.ts","https","ok","","200","659","1","https://salonsyty.fi/tuleva-toiminta","ei",""
"https://puumala.fi/en/home/","puumala.fi","Kuntien kieliversiot","municipalityWebsiteLocales.ts","https","ok","","200","678","1","https://puumala.fi/en/home/","ei",""
"https://salo.fi/hyvinvointi-ja-osallisuus/ikaantyneiden-palvelut/","salo.fi","Senioripalvelut","localSeniorLinks.ts","https","ok","","200","827","1","https://salo.fi/hyvinvointi-ja-osallisuus/ikaantyneiden-palvelut/","ei",""
"https://sastamala.fi/","sastamala.fi","Kuntien verkkosivut","municipalityWebsites.ts","https","ok","","200","82","1","https://sastamala.fi/","ei",""
"https://sastamala.fi/arki-ja-vapaa-aika/liikunta/liikuntaryhmat/","sastamala.fi","Liikunta","localExerciseLinks.ts","https","ok","","200","3","1","https://sastamala.fi/arki-ja-vapaa-aika/liikunta/liikuntaryhmat/","ei",""
"https://samediggi.fi/","Saamelaiskäräjät","Valtakunnalliset palvelut","constants.tsx","https","ok","","200","815","1","https://samediggi.fi/","ei",""
"https://sastamala.fi/asuminen-ja-ymparisto/kadut-liikenne-ja-rakennettu-ymparisto/joukkoliikenne/","Sastamala palveluliikenne","Liikenne","localServiceTransportLinks.ts","https","ok","","200","94","1","https://sastamala.fi/asuminen-ja-ymparisto/kadut-liikenne-ja-rakennettu-ymparisto/joukkoliikenne/","ei",""
"https://samsnet.fi/fi/","SAMS - ruotsinkieliset vammaisjärjestöt","Valtakunnalliset palvelut","constants.tsx","https","ok","","206","245","1","https://samsnet.fi/fi/","ei",""
"https://salo.fi/sv/","salo.fi","Kuntien kieliversiot","municipalityWebsiteLocales.ts","https","ok","","200","180","1","https://salo.fi/sv/","ei",""
"https://samediggi.fi/vastuualueet/sosiaali-ja-terveys/saamenkieliset-sote-palvelut/","Saamenkieliset sote-palvelut","Valtakunnalliset palvelut","constants.tsx","https","ok","","200","50","1","https://samediggi.fi/vastuualueet/sosiaali-ja-terveys/saamenkieliset-sote-palvelut/","ei",""
"https://sastamala.fi/feed/","sastamala.fi","Kuntauutiset","municipalityNewsFeeds.ts","https","ok","","200","57","1","https://sastamala.fi/feed/","ei",""
"https://sastamala.fi/arki-ja-vapaa-aika/hyvinvointi-ja-terveys/ikaantyneiden-hyvinvoinnin-ja-terveyden-edistaminen/toimintakykya-ja-osallisuutta-ikaantyneille/","sastamala.fi","Senioripalvelut","localSeniorLinks.ts","https","ok","","200","23","1","https://sastamala.fi/arki-ja-vapaa-aika/hyvinvointi-ja-terveys/ikaantyneiden-hyvinvoinnin-ja-terveyden-edistaminen/toimintakykya-ja-osallisuutta-ikaantyneille/","ei",""
"https://samediggi.fi/kaantajat-ja-tulkit/","Saamelaiskäräjät - kääntäjät ja tulkit","Valtakunnalliset palvelut","constants.tsx","https","ok","","200","47","1","https://samediggi.fi/kaantajat-ja-tulkit/","ei",""
"https://savitaipale.fi/fi/asuminen-ja-ymparisto/asuminen/bussiaikataulut","Savitaipaleen bussiaikataulut","Paikalliset palvelut","localServices.ts","https","ok","","200","177","1","https://savitaipale.fi/fi/asuminen-ja-ymparisto/asuminen/bussiaikataulut","ei",""
"https://satakirjastot.finna.fi/","Satakirjastot","Paikalliset palvelut","localServices.ts","https","ok","","206","252","1","https://satakirjastot.finna.fi/","ei",""
"https://sata.fi/","sata.fi","Paikalliset palvelut","localServices.ts","https","ok","","200","361","1","https://satakunnanhyvinvointialue.fi/","kyllä",""
"https://satakirjastot.finna.fi/OrganisationInfo/Home","satakirjastot.finna.fi","Digiopastus","seniorSurfGuidancePlaces.ts","https","ok","","206","56","1","https://satakirjastot.finna.fi/OrganisationInfo/Home","ei",""
"https://seinajoenkaupunginteatteri.fi/","Seinäjoen kaupunginteatteri","Valtakunnalliset palvelut","constants.tsx","https","ok","","200","68","1","https://seinajoenkaupunginteatteri.fi/","ei",""
"https://seniorsurf.fi/","seniorsurf.fi","Sivuston kiinteät linkit","App.tsx","https","ok","","200","71","1","https://seniorsurf.fi/","ei",""
"https://salo.fi/vapaa-aika-ja-matkailu/liikunta/ohjattuliikunta/soveltava-liikunta/","salo.fi","Liikunta","localExerciseLinks.ts","https","ok","","200","238","1","https://salo.fi/vapaa-aika-ja-matkailu/liikunta/ohjattuliikunta/soveltava-liikunta/","ei",""
"https://savonsanomat.fi/","savonsanomat.fi","Paikalliset palvelut","localServices.ts","https","ok","","206","284","1","https://www.savonsanomat.fi/","ei",""
"https://seutuplus.fi/","Seutu+","Paikalliset palvelut","localServices.ts","https","ok","","200","118","1","https://seutuplus.fi/","ei",""
"https://seutuplus.fi/aikataulut/","Seutu+","Paikalliset palvelut","localServices.ts","https","ok","","200","34","1","https://seutuplus.fi/aikataulut/","ei",""
"https://seniorsurf.fi/opastuspaikat/","SeniorSurf - Opastuspaikat","Valtakunnalliset palvelut","constants.tsx","https","ok","","200","194","1","https://seniorsurf.fi/seniorit/opastuspaikat/","ei",""
"https://sata.fi/ajankohtaista/","sata.fi","Paikalliset palvelut","localServices.ts","https","ok","","200","114","1","https://satakunnanhyvinvointialue.fi/ajankohtaista/","kyllä",""
"https://myrskyla.fi/palvelut/hyvinvointipalvelut/liikuntapalvelut/ohjatut-liikuntaryhmat/","myrskyla.fi","Liikunta","localExerciseLinks.ts","https","ok","","200","3069","1","https://myrskyla.fi/palvelut/hyvinvointipalvelut/liikuntapalvelut/ohjatut-liikuntaryhmat/","ei",""
"https://seniorit.seta.fi/tietoa-sateenkaarisenioreille/","Seta - tietoa sateenkaarisenioreille","Valtakunnalliset palvelut","constants.tsx","https","ok","","200","518","1","https://seniorit.seta.fi/tietoa-sateenkaarisenioreille/","ei",""
"https://siikalatva.fi/","siikalatva.fi","Kuntien verkkosivut","municipalityWebsites.ts","https","ok","","200","89","1","https://siikalatva.fi/","ei",""
"https://seniorsurf.fi/seniorit/opastuspaikat/","seniorsurf.fi","Digiopastus","components/NearbyGuidancePlaces.tsx","https","ok","","200","114","1","https://seniorsurf.fi/seniorit/opastuspaikat/","ei",""
"https://siikainen.fi/","siikainen.fi","Kuntien verkkosivut","municipalityWebsites.ts","https","ok","","200","455","1","https://siikainen.fi/","ei",""
"https://rusko.fi/feed/","rusko.fi","Kuntauutiset","municipalityNewsFeeds.ts","https","ok","","200","2753","1","https://rusko.fi/feed/","ei",""
"https://siilinjarvenkirjasto.finna.fi/","Siilinjärven kirjasto","Paikalliset palvelut","localServices.ts","https","ok","","206","109","1","https://siilinjarvenkirjasto.finna.fi/","ei",""
"https://siikainen.fi/feed/","siikainen.fi","Kuntauutiset","municipalityNewsFeeds.ts","https","ok","","200","104","1","https://siikainen.fi/feed/","ei",""
"https://siikalatva.fi/joukkoliikenne/","Siikalatva palveluliikenne","Liikenne","localServiceTransportLinks.ts","https","ok","","200","280","1","https://siikalatva.fi/joukkoliikenne/","ei",""
"https://siikalatva.fi/vapaa-aika/liikuntapalvelut/ohjattua-liikuntaa/","siikalatva.fi","Liikunta","localExerciseLinks.ts","https","ok","","200","49","1","https://siikalatva.fi/vapaa-aika/liikuntapalvelut/ohjattua-liikuntaa/","ei",""
"https://siikalatva.fi/en/frontpage/","siikalatva.fi","Kuntien kieliversiot","municipalityWebsiteLocales.ts","https","ok","","200","339","1","https://siikalatva.fi/en/frontpage/","ei",""
"https://siikainen.fi/in-english","siikainen.fi","Kuntien kieliversiot","municipalityWebsiteLocales.ts","https","ok","","200","490","1","https://siikainen.fi/in-english/","ei",""
"https://sites.google.com/site/joenseveriyhdistys/","Joen Severi","Valtakunnalliset palvelut","constants.tsx","https","ok","","200","236","1","https://sites.google.com/site/joenseveriyhdistys/","ei",""
"https://siikalatva.fi/feed/","siikalatva.fi","Kuntauutiset","municipalityNewsFeeds.ts","https","ok","","200","612","1","https://siikalatva.fi/feed/","ei",""
"https://sites.google.com/view/kaakondigituki","sites.google.com","Digiopastus","seniorSurfGuidancePlaces.ts","https","ok","","200","216","1","https://sites.google.com/view/kaakondigituki","ei",""
"https://soini.fi/","soini.fi","Kuntien verkkosivut","municipalityWebsites.ts","https","ok","","200","359","1","https://soini.fi/","ei",""
"https://sites.google.com/site/joenseveriyhdistys/ajankohtaista-2","sites.google.com","Digiopastus","seniorSurfGuidancePlaces.ts","https","ok","","200","201","1","https://sites.google.com/site/joenseveriyhdistys/ajankohtaista-2","ei",""
"https://soite.fi/","soite.fi","Paikalliset palvelut","localServices.ts","https","ok","","200","241","1","https://soite.fi/","ei",""
"https://shl.fi/","shl.fi","Paikallislehdet","localNewspaperLinks.ts","https","ok","","200","3367","1","https://shl.fi/","ei",""
"https://soite.fi/soite/ajankohtaista/","soite.fi","Paikalliset palvelut","localServices.ts","https","ok","","200","325","1","https://soite.fi/soite/ajankohtaista/","ei",""
"https://sjk.fi/","SJK","Urheiluseurat","localSportsClubs.ts","https","ok","","200","1238","1","https://sjk.fi/","ei",""
"https://somero.finna.fi/","Someron kirjasto","Paikalliset palvelut","localServices.ts","https","ok","","206","153","1","https://somero.finna.fi/","ei",""
"https://sotek.fi/digimotivaattori","sotek.fi","Digiopastus","seniorSurfGuidancePlaces.ts","https","ok","","200","234","1","https://sotek.fi/digimotivaattori","ei",""
"https://shl.fi/feed/","shl.fi","Paikallisuutiset","localNewspaperFeeds.ts","https","ok","","200","254","1","https://shl.fi/feed/","ei",""
"https://soite.fi/palvelut-ja-yhteys/ikaihmisten-palvelut/tukea-arkeen/eseniorit/","soite.fi","Digiopastus","seniorSurfGuidancePlaces.ts","https","ok","","200","9","1","https://soite.fi/palvelut-ja-yhteys/ikaihmisten-palvelut/tukea-arkeen/eseniorit/","ei",""
"https://sulkava.fi/","sulkava.fi","Kuntien verkkosivut","municipalityWebsites.ts","https","ok","","206","59","1","https://sulkava.fi/","ei",""
"https://sulkava.fi/ru/","sulkava.fi","Kuntien kieliversiot","municipalityWebsiteLocales.ts","https","ok","","206","8","1","https://sulkava.fi/ru/","ei",""
"https://sonkajarvi.fi/","sonkajarvi.fi","Kuntien verkkosivut","municipalityWebsites.ts","https","ok","","200","343","1","https://sonkajarvi.fi/fi","ei",""
"https://sulkava.fi/asuminen-ja-ymparisto/joukkoliikenne/","Sulkava asiointiliikenne","Liikenne","localServiceTransportLinks.ts","https","ok","","206","9","1","https://sulkava.fi/asuminen-ja-ymparisto/joukkoliikenne/","ei",""
"https://sulkava.fi/en/","sulkava.fi","Kuntien kieliversiot","municipalityWebsiteLocales.ts","https","ok","","206","9","1","https://sulkava.fi/en/","ei",""
"https://siilinjarvi.fi/asuminen-ja-ymparisto/joukkoliikenne/","Siilinjärvi palveluliikenne","Liikenne","localServiceTransportLinks.ts","https","ok","","200","3236","1","https://siilinjarvi.fi/asuminen-ja-ymparisto/joukkoliikenne/","ei",""
"https://stella-polaris.fi/","Improvisaatioteatteri Stella Polaris","Valtakunnalliset palvelut","constants.tsx","https","ok","","200","383","1","https://stella-polaris.fi/","ei",""
"https://suomussalmi.fi/","suomussalmi.fi","Kuntien verkkosivut","municipalityWebsites.ts","https","ok","","200","268","1","https://suomussalmi.fi/fi","ei",""
"https://sulkavalehti.fi/","sulkavalehti.fi","Paikallislehdet","localNewspaperLinks.ts","https","ok","","200","434","1","https://sulkavalehti.fi/","ei",""
"https://sulkavalehti.fi/feed/","sulkavalehti.fi","Paikallisuutiset","localNewspaperFeeds.ts","https","ok","","200","26","1","https://sulkavalehti.fi/feed/","ei",""
"https://suomussalmi.fi/en","suomussalmi.fi","Kuntien kieliversiot","municipalityWebsiteLocales.ts","https","ok","","200","29","1","https://suomussalmi.fi/en","ei",""
"https://suonenjoki.fi/","suonenjoki.fi","Kuntien verkkosivut","municipalityWebsites.ts","https","ok","","200","27","1","https://suonenjoki.fi/","ei",""
"https://siilinjarvi.fi/hyvinvointi-ja-vapaa-aika/liikuntapalvelut/terveys-ja-erityisliikunta/kotijumppavideoita-senioreille/","Siilinjärvi - kotijumppavideoita senioreille","Valtakunnalliset palvelut","constants.tsx","https","ok","","200","889","1","https://siilinjarvi.fi/hyvinvointi-ja-vapaa-aika/liikuntapalvelut/terveys-ja-erityisliikunta/kotijumppavideoita-senioreille/","ei",""
"https://suonenjoki.fi/kauden-2024-2025-liikuntaryhmiin-ilmoittautuminen-alkaa-elokuussa/","suonenjoki.fi","Liikunta","localExerciseLinks.ts","https","ok","","200","145","1","https://suonenjoki.fi/kauden-2024-2025-liikuntaryhmiin-ilmoittautuminen-alkaa-elokuussa/","ei",""
"https://suomenkomediateatteri.fi/","Suomen Komediateatteri","Valtakunnalliset palvelut","constants.tsx","https","ok","","200","1054","1","https://suomenkomediateatteri.fi/","ei",""
"https://svenska.yle.fi/rss/aboland","Yle Nyheter: Åboland","Paikalliset palvelut","localServices.ts","https","ok","","206","177","1","https://svenska.yle.fi/rss/aboland","ei",""
"https://susannaleinonen.com/","Susanna Leinonen Company","Valtakunnalliset palvelut","constants.tsx","https","ok","","200","218","1","https://susannaleinonen.com/","ei",""
"https://suonenjoki.fi/en/","suonenjoki.fi","Kuntien kieliversiot","municipalityWebsiteLocales.ts","https","ok","","200","205","1","https://suonenjoki.fi/en/","ei",""
"https://svenska.yle.fi/rss/huvudstadsregionen","Yle Nyheter: Huvudstadsregionen","Paikalliset palvelut","localServices.ts","https","ok","","206","182","1","https://svenska.yle.fi/rss/huvudstadsregionen","ei",""
"https://sulkava.verkkokirjasto.fi/web/arena","Sulkavan kirjasto","Paikalliset palvelut","localServices.ts","https","ok","","200","1486","1","https://sulkava.verkkokirjasto.fi/web/arena","ei",""
"https://suonenjoki.fi/asuminen-ja-ymparisto/joukkoliikenne/","Suonenjoki palveluliikenne","Liikenne","localServiceTransportLinks.ts","https","ok","","200","14","1","https://suonenjoki.fi/asuminen-ja-ymparisto/joukkoliikenne/","ei",""
"https://svenska.yle.fi/rss/vastnyland","Yle Nyheter: Västnyland","Paikalliset palvelut","localServices.ts","https","ok","","206","208","1","https://svenska.yle.fi/rss/vastnyland","ei",""
"https://siilinjarvi.fi/en/","siilinjarvi.fi","Kuntien kieliversiot","municipalityWebsiteLocales.ts","https","ok","","200","596","1","https://siilinjarvi.fi/en/","ei",""
"https://sysma.fi/","sysma.fi","Kuntien verkkosivut","municipalityWebsites.ts","https","ok","","200","37","1","https://sysma.fi/","ei",""
"https://svenska.yle.fi/rss/ostnyland","Yle Nyheter: Östnyland","Paikalliset palvelut","localServices.ts","https","ok","","206","226","1","https://svenska.yle.fi/rss/ostnyland","ei",""
"https://suonenjoki.fi/seniorit/","suonenjoki.fi","Senioripalvelut","localSeniorLinks.ts","https","ok","","200","70","1","https://suonenjoki.fi/seniorit/","ei",""
"https://svenska.yle.fi/rss/osterbotten","Yle Nyheter: Österbotten","Paikalliset palvelut","localServices.ts","https","ok","","206","113","1","https://svenska.yle.fi/rss/osterbotten","ei",""
"https://taivalkoski.fi/en/welcome/","taivalkoski.fi","Kuntien kieliversiot","municipalityWebsiteLocales.ts","https","ok","","200","40","1","https://taivalkoski.fi/en/welcome/","ei",""
"https://taivalkoski.fi/wp-content/uploads/2025/03/Asiointiliikennetiedote-19.3.2025.wbk_.pdf","Taivalkoski asiointiliikenne","Liikenne","localServiceTransportLinks.ts","https","ok","","206","7","1","https://taivalkoski.fi/wp-content/uploads/2025/03/Asiointiliikennetiedote-19.3.2025.wbk_.pdf","ei",""
"https://suonenjoki.fi/feed/","suonenjoki.fi","Kuntauutiset","municipalityNewsFeeds.ts","https","ok","","200","255","1","https://suonenjoki.fi/feed/","ei",""
"https://taidehalli.fi/","Taidehalli","Valtakunnalliset palvelut","constants.tsx","https","ok","","200","389","1","https://taidehalli.fi/","ei",""
"https://taivalkoski.fi/feed/","taivalkoski.fi","Kuntauutiset","municipalityNewsFeeds.ts","https","ok","","200","169","1","https://taivalkoski.fi/feed/","ei",""
"https://tapiolasinfonietta.fi/","Tapiola Sinfonietta","Valtakunnalliset palvelut","constants.tsx","https","ok","","206","101","1","https://tapiolasinfonietta.fi/","ei",""
"https://taksihelsinki.fi/","Taksi Helsinki","Valtakunnalliset palvelut","constants.tsx","https","ok","","200","285","1","https://taksihelsinki.fi/","ei",""
"https://tapahtumat.lempaala.fi/fi-FI?sort=startDate&q=Digikahvila","tapahtumat.lempaala.fi","Digiopastus","seniorSurfGuidancePlaces.ts","https","ok","","200","168","1","https://tapahtumat.lempaala.fi/fi-FI?sort=startDate&q=Digikahvila","ei",""
"https://siilinjarvi.fi/hyvinvointi-ja-vapaa-aika/liikuntapalvelut/terveys-ja-erityisliikunta/liikuntaneuvonta/","siilinjarvi.fi","Liikunta","localExerciseLinks.ts","https","ok","","200","761","1","https://siilinjarvi.fi/hyvinvointi-ja-vapaa-aika/liikuntapalvelut/terveys-ja-erityisliikunta/liikuntaneuvonta/","ei",""
"https://sysma.fi/senioreille/","sysma.fi","Senioripalvelut","localSeniorLinks.ts","https","ok","","200","660","1","https://sysma.fi/senioreille/","ei",""
"https://tekniikanmaailma.fi/","Tekniikan Maailma","Valtakunnalliset palvelut","constants.tsx","https","ok","","200","97","1","https://tekniikanmaailma.fi/","ei",""
"https://tasa-arvo.fi/","Tasa-arvovaltuutettu","Valtakunnalliset palvelut","constants.tsx","https","ok","","200","299","1","https://tasa-arvo.fi/etusivu","ei",""
"https://teatterivanhajuko.fi/","Teatteri Vanha Juko","Valtakunnalliset palvelut","constants.tsx","https","ok","","200","266","1","https://teatterivanhajuko.fi/","ei",""
"https://taivassalo.fi/sote/vanhustyo","taivassalo.fi","Senioripalvelut","localSeniorLinks.ts","https","ok","","200","661","1","https://taivassalo.fi/sote/vanhustyo","ei",""
"https://siilinjarvi.fi/feed/","siilinjarvi.fi","Kuntauutiset","municipalityNewsFeeds.ts","https","ok","","200","343","1","https://siilinjarvi.fi/feed/","ei",""
"https://teuva.fi/","teuva.fi","Kuntien verkkosivut","municipalityWebsites.ts","https","ok","","200","258","1","https://teuva.fi/","ei",""
"https://tervola.fi/","tervola.fi","Kuntien verkkosivut","municipalityWebsites.ts","https","ok","","200","569","1","https://tervola.fi/","ei",""
"https://teuva.fi/feed/","teuva.fi","Kuntauutiset","municipalityNewsFeeds.ts","https","ok","","200","173","1","https://teuva.fi/feed/","ei",""
"https://thefirma.fi/?page_id=44","thefirma.fi","Digiopastus","seniorSurfGuidancePlaces.ts","https","failed","http_status_error","404","245","1","https://thefirma.fi/?page_id=44","ei",""
"https://thl.fi/","THL","Valtakunnalliset palvelut","constants.tsx","https","ok","","200","144","1","https://thl.fi/etusivu","ei",""
"https://sysma.fi/blanketter-pa-svenska/","sysma.fi","Kuntien kieliversiot","municipalityWebsiteLocales.ts","https","ok","","200","457","1","https://sysma.fi/blanketter-pa-svenska/","ei",""
"https://tieku.fi/","Tieteen Kuvalehti","Valtakunnalliset palvelut","constants.tsx","https","ok","","200","172","1","https://tieku.fi/","ei",""
"https://tkteatteri.fi/","Turun Kaupunginteatteri","Valtakunnalliset palvelut","constants.tsx","https","ok","","200","238","1","https://tkteatteri.fi/","ei",""
"https://tslturku.fi/apupiste-nettitaitoja-kadesta-pitaen","tslturku.fi","Digiopastus","seniorSurfGuidancePlaces.ts","https","failed","http_status_error","404","198","1","https://tslturku.fi/apupiste-nettitaitoja-kadesta-pitaen","ei",""
"https://tietosuoja.fi/","Tietosuojavaltuutettu","Valtakunnalliset palvelut","constants.tsx","https","ok","","200","381","1","https://tietosuoja.fi/etusivu","ei",""
"https://tervola.fi/hyvinvointipalvelut/tervolan-asiointikuljetukset/","Tervola asiointikuljetukset","Liikenne","localServiceTransportLinks.ts","https","ok","","200","496","1","https://tervola.fi/hyvinvointipalvelut/tervolan-asiointikuljetukset/","ei",""
"https://translate.google.fi/","Google Kääntäjä","Valtakunnalliset palvelut","constants.tsx","https","ok","","200","173","1","https://translate.google.fi/?ucbcb=1","ei",""
"https://teuva.fi/kasvatus-ja-opetus/koulukuljetukset-ja-avoin-ostoliikenne/","Teuvan liikenne","Paikalliset palvelut","localServices.ts","https","ok","","200","14","1","https://teuva.fi/kasvatus-ja-opetus/koulukuljetukset-ja-avoin-ostoliikenne/","ei",""
"https://tuusula.fi/en/home/","tuusula.fi","Kuntien kieliversiot","municipalityWebsiteLocales.ts","https","ok","","200","483","1","https://tuusula.fi/en/home/","ei",""
"https://sysma.fi/feed/","sysma.fi","Kuntauutiset","municipalityNewsFeeds.ts","https","ok","","200","811","1","https://sysma.fi/feed/","ei",""
"https://tervola.fi/en/","tervola.fi","Kuntien kieliversiot","municipalityWebsiteLocales.ts","https","ok","","200","482","1","https://tervola.fi/en/","ei",""
"https://teuva.fi/ikaantyneet/","teuva.fi","Senioripalvelut","localSeniorLinks.ts","https","ok","","200","164","1","https://teuva.fi/ikaantyneet/","ei",""
"https://urjalansanomat.fi/","urjalansanomat.fi","Paikallislehdet","localNewspaperLinks.ts","https","ok","","200","32","1","https://urjalansanomat.fi/","ei",""
"https://uurainen.fi/","uurainen.fi","Kuntien verkkosivut","municipalityWebsites.ts","https","ok","","200","53","1","https://uurainen.fi/","ei",""
"https://ukkinstituutti.fi/aineistot/ikaihmisten-liikkumisen-suositukset-tietoiskuvideot/","UKK-instituutti - ikäihmisten liikkumisen suositusvideot","Valtakunnalliset palvelut","constants.tsx","https","ok","","200","51","1","https://ukkinstituutti.fi/aineistot/ikaihmisten-liikkumisen-suositukset-tietoiskuvideot/","ei",""
"https://uurainen.fi/ajankohtaiset/uuraisten-joukkoliikenteen-sarjalippu/","Uuraisten joukkoliikenteen sarjalippu","Paikalliset palvelut","localServices.ts","https","ok","","200","19","1","https://uurainen.fi/ajankohtaiset/uuraisten-joukkoliikenteen-sarjalippu/","ei",""
"https://tuusula.fi/etusivu/kulttuuri-ja-vapaa-aika/liikunta/ohjattu-liikunta/","tuusula.fi","Liikunta","localExerciseLinks.ts","https","ok","","200","225","1","https://tuusula.fi/etusivu/kulttuuri-ja-vapaa-aika/liikunta/ohjattu-liikunta/","ei",""
"https://sysma.fi/joukkoliikenne/","Sysmä palveluliikenne","Liikenne","localServiceTransportLinks.ts","https","ok","","200","12","1","https://sysma.fi/joukkoliikenne/","ei",""
"https://turku.fi/","turku.fi","Kuntien verkkosivut","municipalityWebsites.ts","https","ok","","206","923","1","https://www.turku.fi/","ei",""
"https://uusi.opistopalvelut.fi/ranua/fi/course/2722","uusi.opistopalvelut.fi","Digiopastus","seniorSurfGuidancePlaces.ts","https","ok","","206","54","1","https://uusi.opistopalvelut.fi/ranua/fi/course/2722/","ei",""
"https://uurainen.fi/sosiaali-ja-terveyspalvelut/ikaihmiset/","uurainen.fi","Senioripalvelut","localSeniorLinks.ts","https","ok","","200","34","1","https://uurainen.fi/sosiaali-ja-terveyspalvelut/ikaihmiset/","ei",""
"https://twitter.com/","X (Twitter)","Valtakunnalliset palvelut","constants.tsx","https","ok","","200","476","1","https://x.com/","kyllä",""
"https://uusikaupunki.fi/","uusikaupunki.fi","Kuntien verkkosivut","municipalityWebsites.ts","https","ok","","200","98","1","https://uusikaupunki.fi/fi","ei",""
"https://uurainen.fi/sosiaali-ja-terveyspalvelut/ikaihmiset/ennaltaehkaiseva-tyo-ja-arjen-tukeminen/","Uurainen kutsutaksi","Liikenne","localServiceTransportLinks.ts","https","ok","","200","28","1","https://uurainen.fi/sosiaali-ja-terveyspalvelut/ikaihmiset/ennaltaehkaiseva-tyo-ja-arjen-tukeminen/","ei",""
"https://uurainen.fi/en/","uurainen.fi","Kuntien kieliversiot","municipalityWebsiteLocales.ts","https","ok","","200","27","1","https://uurainen.fi/en/","ei",""
"https://urjalansanomat.fi/feed/","urjalansanomat.fi","Paikallisuutiset","localNewspaperFeeds.ts","https","ok","","200","292","1","https://urjalansanomat.fi/feed/","ei",""
"https://tuusula.fi/feed/","tuusula.fi","Kuntauutiset","municipalityNewsFeeds.ts","https","ok","","200","150","1","https://tuusula.fi/feed/","ei",""
"https://vaara.finna.fi/","Vaara-kirjastot","Paikalliset palvelut","localServices.ts","https","ok","","206","178","1","https://vaara.finna.fi/","ei",""
"https://vaasankirjasto.finna.fi/","Vaasan kirjasto","Paikalliset palvelut","localServices.ts","https","ok","","206","211","1","https://vaasankirjasto.finna.fi/","ei",""
"https://uusikaupunki.fi/fi/kirjaston-palvelut","uusikaupunki.fi","Digiopastus","seniorSurfGuidancePlaces.ts","https","ok","","200","318","1","https://uusikaupunki.fi/fi/kirjaston-palvelut","ei",""
"https://vaasansport.fi/","Vaasan Sport","Urheiluseurat","localSportsClubs.ts","https","ok","","200","42","1","https://vaasansport.fi/","ei",""
"https://vahvike.fi/","Vahvike","Valtakunnalliset palvelut","constants.tsx","https","ok","","200","80","1","https://vahvike.fi/","ei",""
"https://tuusula.fi/ikaihmiset/","tuusula.fi","Senioripalvelut","localSeniorLinks.ts","https","ok","","200","219","1","https://tuusula.fi/ikaihmiset/","ei",""
"https://umohelsinki.fi/","UMO Helsinki Jazz Orchestra","Valtakunnalliset palvelut","constants.tsx","https","ok","","200","910","1","https://umohelsinki.fi/","ei",""
"https://vahvike.fi/liikunta/jumppavideoita/","Vahvike - jumppavideoita","Valtakunnalliset palvelut","constants.tsx","https","ok","","200","5","1","https://vahvike.fi/liikunta/jumppavideoita/","ei",""
"https://vakehyva.fi/","vakehyva.fi","Paikalliset palvelut","localServices.ts","https","ok","","206","196","1","https://www.vakehyva.fi/fi","ei",""
"https://vanamo.finna.fi/","Vanamo-kirjastot","Paikalliset palvelut","localServices.ts","https","ok","","206","154","1","https://vanamo.finna.fi/","ei",""
"https://vapaaehtoistyo.fi/fi","Vapaaehtoistyö","Valtakunnalliset palvelut","constants.tsx","https","ok","","200","94","1","https://vapaaehtoistyo.fi/fi","ei",""
"https://uusikaupunki.fi/fi/erityis-ja-terveysliikunta","uusikaupunki.fi","Liikunta","localExerciseLinks.ts","https","ok","","200","315","1","https://uusikaupunki.fi/fi/erityis-ja-terveysliikunta","ei",""
"https://vakehyva.fi/fi/ajankohtaista","vakehyva.fi","Paikalliset palvelut","localServices.ts","https","ok","","206","8","1","https://www.vakehyva.fi/fi/ajankohtaista","ei",""
"https://varkaus.fi/","varkaus.fi","Kuntien verkkosivut","municipalityWebsites.ts","https","ok","","206","63","1","https://varkaus.fi/fi","ei",""
"https://uvja.fi/","Uvja - saamelainen keskustelu- ja kriisituki","Valtakunnalliset palvelut","constants.tsx","https","ok","","200","667","1","https://uvja.fi/","ei",""
"https://varkaus.fi/en","varkaus.fi","Kuntien kieliversiot","municipalityWebsiteLocales.ts","https","ok","","206","4","1","https://varkaus.fi/en","ei",""
"https://varkaus.fi/ru","varkaus.fi","Kuntien kieliversiot","municipalityWebsiteLocales.ts","https","ok","","206","4","1","https://varkaus.fi/ru","ei",""
"https://vanamo.finna.fi/Content/opastukset","vanamo.finna.fi","Digiopastus","seniorSurfGuidancePlaces.ts","https","ok","","206","84","1","https://vanamo.finna.fi/Content/opastukset","ei",""
"https://vaski.finna.fi/","Vaski-kirjastot","Paikalliset palvelut","localServices.ts","https","ok","","206","129","1","https://vaski.finna.fi/","ei",""
"https://varkaus.fi/fi/sivu/kaupunkiymparisto/liikenne","Varkaus palveluliikenne","Liikenne","localServiceTransportLinks.ts","https","ok","","206","4","1","https://varkaus.fi/fi/sivu/kaupunkiymparisto/liikenne","ei",""
"https://verkostavirtaa.fi/","Verkosta virtaa","Valtakunnalliset palvelut","constants.tsx","https","ok","","200","164","1","https://www.verkostavirtaa.fi/","ei",""
"https://vesanto.fi/","vesanto.fi","Kuntien verkkosivut","municipalityWebsites.ts","https","ok","","200","20","1","https://vesanto.fi/","ei",""
"https://veteli.fi/","veteli.fi","Kuntien verkkosivut","municipalityWebsites.ts","https","ok","","200","94","1","https://veteli.fi/","ei",""
"https://veteli.fi/feed/","veteli.fi","Kuntauutiset","municipalityNewsFeeds.ts","https","ok","","200","14","1","https://veteli.fi/feed/","ei",""
"https://vierema.fi/","vierema.fi","Kuntien verkkosivut","municipalityWebsites.ts","https","ok","","200","17","1","https://vierema.fi/","ei",""
"https://vierema.fi/vapaa-aika-ja-hyvinvointi/liikunta/soveltava-liikunta/","vierema.fi","Liikunta","localExerciseLinks.ts","https","ok","","200","6","1","https://vierema.fi/vapaa-aika-ja-hyvinvointi/liikunta/soveltava-liikunta/","ei",""
"https://vesanto.fi/feed/","vesanto.fi","Kuntauutiset","municipalityNewsFeeds.ts","https","ok","","200","542","1","https://vesanto.fi/feed/","ei",""
"https://vierema.fi/feed/","vierema.fi","Kuntauutiset","municipalityNewsFeeds.ts","https","ok","","200","139","1","https://vierema.fi/feed/","ei",""
"https://vesanto.fi/hyvinvointi/liikunta-ja-ulkoilu/liikuntaryhmat/","vesanto.fi","Liikunta","localExerciseLinks.ts","https","ok","","200","19","1","https://vesanto.fi/hyvinvointi/liikunta-ja-ulkoilu/liikuntaryhmat/","ei",""
"https://uusikaupunki.fi/en","uusikaupunki.fi","Kuntien kieliversiot","municipalityWebsiteLocales.ts","https","ok","","200","1317","1","https://uusikaupunki.fi/en","ei",""
"https://vierema.fi/kutsuohjattu-palveluliikenne/","Vieremä palveluliikenne","Liikenne","localServiceTransportLinks.ts","https","ok","","200","7","1","https://vierema.fi/kutsuohjattu-palveluliikenne/","ei",""
"https://viitasaari.fi/","viitasaari.fi","Kuntien verkkosivut","municipalityWebsites.ts","https","ok","","200","722","1","https://viitasaari.fi/","ei",""
"https://vesanto.fi/kuuslahti-kutsutaksi/","Vesanto palveluliikenne","Liikenne","localServiceTransportLinks.ts","https","ok","","200","100","1","https://vesanto.fi/kuuslahti-kutsutaksi/","ei",""
"https://uusikaupunki.fi/fi/kirjaston-palvelut/kirjaston-digiopastus","uusikaupunki.fi","Digiopastus","seniorSurfGuidancePlaces.ts","https","failed","http_status_error","404","257","1","https://uusikaupunki.fi/fi/kirjaston-palvelut/kirjaston-digiopastus","ei",""
"https://vilkku.kuopio.fi/","Vilkku","Valtakunnalliset palvelut","constants.tsx","https","ok","","200","211","1","https://vilkku.kuopio.fi/","ei",""
"https://uusikaupunki.fi/fi/joukkoliikenne","Uusikaupunki palveluliikenne","Liikenne","localServiceTransportLinks.ts","https","ok","","200","343","1","https://uusikaupunki.fi/fi/joukkoliikenne","ei",""
"https://vimpeli.fi/node/1133","Vimpeli asiointiliikenne","Liikenne","localServiceTransportLinks.ts","https","ok","","200","106","1","https://vimpeli.fi/node/1133","ei",""
"https://viitasaari.fi/kulttuuri-ja-vapaa-aika/liikuntapalvelut/soveltava-liikunta-erityisliikunta/","viitasaari.fi","Liikunta","localExerciseLinks.ts","https","ok","","200","563","1","https://viitasaari.fi/kulttuuri-ja-vapaa-aika/liikuntapalvelut/soveltava-liikunta-erityisliikunta/","ei",""
"https://virolahti.fi/","virolahti.fi","Kuntien verkkosivut","municipalityWebsites.ts","https","ok","","200","436","1","https://virolahti.fi/","ei",""
"https://vilkku.kuopio.fi/90-kuopio-riistavesi-juankoski-kaavi","Vilkku linja 90","Paikalliset palvelut","localServices.ts","https","ok","","200","241","1","https://vilkku.kuopio.fi/90-kuopio-riistavesi-juankoski-kaavi","ei",""
"https://vilkku.kuopio.fi/aikataulut-ja-reitit","Vilkku reittiopas","Valtakunnalliset palvelut","constants.tsx","https","ok","","200","44","1","https://vilkku.kuopio.fi/aikataulut-ja-reitit","ei",""
"https://viitasaari.fi/?nt_wmc_folder=palveluliikenne","Viitasaari palveluliikenne","Liikenne","localServiceTransportLinks.ts","https","ok","","200","574","1","https://viitasaari.fi/?nt_wmc_folder=palveluliikenne","ei",""
"https://vilkku.kuopio.fi/pali","Kuopio PALI-palveluliikenne","Liikenne","localServiceTransportLinks.ts","https","failed","http_status_error","404","43","1","https://vilkku.kuopio.fi/pali","ei",""
"https://vtkl.fi/","vtkl.fi","Sivuston kiinteät linkit","App.tsx","https","ok","","200","64","1","https://vtkl.fi/","ei",""
"https://virolahti.fi/kulttuuri-ja-vapaa-aika/liikunta/ohjattuliikunta/","virolahti.fi","Liikunta","localExerciseLinks.ts","https","ok","","200","293","1","https://virolahti.fi/kulttuuri-ja-vapaa-aika/liikunta/ohjattuliikunta/","ei",""
"https://voitas.fi/liikuntavideot","Voitas.fi - liikuntavideot","Valtakunnalliset palvelut","constants.tsx","https","ok","","200","207","1","https://voitas.fi/liikuntavideot","ei",""
"https://virolahti.fi/feed/","virolahti.fi","Kuntauutiset","municipalityNewsFeeds.ts","https","ok","","200","161","1","https://virolahti.fi/feed/","ei",""
"https://web.whatsapp.com/","WhatsApp Web","Valtakunnalliset palvelut","constants.tsx","https","ok","","200","225","1","https://web.whatsapp.com/","ei","empty_page"
"https://www.a-klinikka.fi/","A-klinikkasäätiö","Yhdistykset ja yhteisöt","communityLinks.ts","https","ok","","200","121","1","https://www.a-klinikka.fi/","ei",""
"https://www.aamulehti.fi/","www.aamulehti.fi","Paikalliset palvelut","localServices.ts","https","ok","","206","105","1","https://www.aamulehti.fi/","ei",""
"https://www.aanekoski.fi/","www.aanekoski.fi","Kuntien verkkosivut","municipalityWebsites.ts","https","ok","","200","48","1","https://www.aanekoski.fi/","ei",""
"https://www.aanekoski.fi/asuminen-ja-ymparisto/kaupunkiymparisto-ja-liikenne/joukkoliikenne","Äänekoski palveluliikenne","Liikenne","localServiceTransportLinks.ts","https","ok","","200","5","1","https://www.aanekoski.fi/asuminen-ja-ymparisto/kaupunkiymparisto-ja-liikenne/joukkoliikenne","ei",""
"https://www.aanekoski.fi/ikaantyneet","www.aanekoski.fi","Senioripalvelut","localSeniorLinks.ts","https","ok","","200","5","1","https://www.aanekoski.fi/ikaantyneet","ei",""
"https://www.aamuposti.fi/","www.aamuposti.fi","Paikallislehdet","localNewspaperLinks.ts","https","ok","","206","162","1","https://www.aamuposti.fi/","ei",""
"https://www.aanekoski.fi/kulttuuri-ja-liikunta/liikunta/liikuntaneuvonta?viewapp=1","www.aanekoski.fi","Liikunta","localExerciseLinks.ts","https","ok","","200","99","1","https://www.aanekoski.fi/kulttuuri-ja-liikunta/liikunta/liikuntaneuvonta?viewapp=1","ei",""
"https://www.aamuposti.fi/feed/rss/","www.aamuposti.fi","Paikallisuutiset","localNewspaperFeeds.ts","https","ok","","206","47","1","https://www.aamuposti.fi/feed/rss/","ei",""
"https://www.aanekoski.fi/tapahtumakalenteri/4136/digineuvontaa-aanekosken-paakirjastossa","www.aanekoski.fi","Digiopastus","seniorSurfGuidancePlaces.ts","https","ok","","200","5","1","https://www.aanekoski.fi/tapahtumakalenteri/4136/digineuvontaa-aanekosken-paakirjastossa","ei",""
"https://viitasaari.fi/sosiaali-ja-terveyspalvelut/ikaantyvat/","viitasaari.fi","Senioripalvelut","localSeniorLinks.ts","https","ok","","200","567","1","https://viitasaari.fi/sosiaali-ja-terveyspalvelut/ikaantyvat/","ei",""
"https://virolahti.fi/asuminen-ja-ymparisto/ymparisto/joukkoliikenne/","Virolahti palveluliikenne","Liikenne","localServiceTransportLinks.ts","https","ok","","200","335","1","https://virolahti.fi/asuminen-ja-ymparisto/ymparisto/joukkoliikenne/","ei",""
"https://www.aboavetusarsnova.fi/","Aboa Vetus & Ars Nova","Yhdistykset ja yhteisöt","communityLinks.ts","https","ok","","200","129","1","https://avan.fi/","kyllä",""
"https://valkery.fi/digineuvonta/","valkery.fi","Digiopastus","seniorSurfGuidancePlaces.ts","https","failed","http_status_error","404","3719","1","https://valkery.fi/digineuvonta/","ei",""
"https://www.adlibris.com/","Adlibris","Valtakunnalliset palvelut","constants.tsx","https","warning","access_limited","429","78","1","https://www.adlibris.com/","ei",""
"https://vjs.fi/","Vantaan Jalkapalloseura","Urheiluseurat","localSportsClubs.ts","https","ok","","200","880","1","https://vjs.fi/","ei",""
"https://www.22q11finland.fi/","22q11 Finland (ent. Catch-yhdistys)","Yhdistykset ja yhteisöt","communityLinks.ts","https","ok","","200","836","1","https://22q11finland.fi/","ei",""
"https://www.ah-potilaat.fi/","AH-potilaat","Yhdistykset ja yhteisöt","communityLinks.ts","https","failed","enotfound","","278","1","","ei",""
"https://virolahti.fi/terveys-ja-sosiaalipalvelut/ikaantyneiden-palvelut/","virolahti.fi","Senioripalvelut","localSeniorLinks.ts","https","ok","","200","325","1","https://virolahti.fi/terveys-ja-sosiaalipalvelut/ikaantyneiden-palvelut/","ei",""
"https://www.ahs.ax/nyheter","www.ahs.ax","Paikalliset palvelut","localServices.ts","https","ok","","200","480","1","https://www.ahs.ax/nyheter","ei",""
"https://www.ahaateatteri.com/","Ahaa Teatteri","Valtakunnalliset palvelut","constants.tsx","https","ok","","200","601","1","https://www.ahaateatteri.com/","ei",""
"https://www.aijjoos.fi/","www.aijjoos.fi","Digiopastus","seniorSurfGuidancePlaces.ts","https","ok","","200","56","1","https://www.aijjoos.fi/","ei",""
"https://www.ahtarinjarvenuutisnuotta.net/","www.ahtarinjarvenuutisnuotta.net","Paikallislehdet","localNewspaperLinks.ts","https","ok","","206","300","1","https://www.ahtarinjarvenuutisnuotta.net/","ei",""
"https://www.aivolisake.fi/","Aivolisäke-potilasyhdistys Sella","Yhdistykset ja yhteisöt","communityLinks.ts","https","failed","enotfound","","13","1","","ei",""
"https://www.abosvenskateater.fi/sv/start/","Åbo Svenska Teater","Valtakunnalliset palvelut","constants.tsx","https","ok","","200","1211","1","https://abosvenskateater.fi/","ei",""
"https://www.aktia.fi/fi/asiakaspalvelu","Aktia henkilöasiakkaat","Valtakunnalliset palvelut","constants.tsx","https","ok","","200","76","1","https://www.aktia.fi/fi/asiakaspalvelu","ei",""
"https://www.aktia.fi/fi/turvallisuus","Aktia kortin sulkupalvelu","Valtakunnalliset palvelut","constants.tsx","https","ok","","200","35","1","https://www.aktia.fi/fi/turvallisuus","ei",""
"https://www.akustikusneurinooma.fi/","Suomen Akustikusneurinoomayhdistys","Yhdistykset ja yhteisöt","communityLinks.ts","https","failed","enotfound","","13","1","","ei",""
"https://www.aland.ax/sv","www.aland.ax","Paikalliset palvelut","localServices.ts","https","ok","","206","98","1","https://www.aland.ax/sv","ei",""
"https://www.alandsbanken.fi/","Ålandsbanken asiakaspalvelu","Valtakunnalliset palvelut","constants.tsx","https","ok","","206","68","1","https://www.alandsbanken.fi/","ei",""
"https://www.ahtari.fi/","www.ahtari.fi","Kuntien verkkosivut","municipalityWebsites.ts","https","ok","","200","1020","1","https://www.ahtari.fi/","ei",""
"https://www.alandstidningen.ax/","www.alandstidningen.ax","Paikalliset palvelut","localServices.ts","https","ok","","200","70","1","https://www.alandstidningen.ax/","ei",""
"https://www.adhd-liitto.fi/","ADHD-liitto ry","Yhdistykset ja yhteisöt","communityLinks.ts","https","ok","","200","1648","1","https://adhd-liitto.fi/","ei",""
"https://www.alandstrafiken.ax/","Ålandstrafiken","Valtakunnalliset palvelut","constants.tsx","https","ok","","200","154","1","https://www.alandstrafiken.ax/","ei",""
"https://www.ainola.fi/","Ainola","Yhdistykset ja yhteisöt","communityLinks.ts","https","ok","","200","842","1","https://www.ainola.fi/","ei",""
"https://www.alasatakunta.fi/","www.alasatakunta.fi","Paikallislehdet","localNewspaperLinks.ts","https","ok","","206","133","1","https://www.alasatakunta.fi/","ei",""
"https://www.alavieska.fi/","www.alavieska.fi","Kuntien verkkosivut","municipalityWebsites.ts","https","ok","","200","122","1","https://www.alavieska.fi/","ei",""
"https://www.alavieska.fi/english","www.alavieska.fi","Kuntien kieliversiot","municipalityWebsiteLocales.ts","https","ok","","200","40","1","https://www.alavieska.fi/english","ei",""
"https://www.alavus.fi/","www.alavus.fi","Kuntien verkkosivut","municipalityWebsites.ts","https","ok","","200","152","1","https://www.alavus.fi/","ei",""
"https://www.alavieska.fi/rss.xml","www.alavieska.fi","Kuntauutiset","municipalityNewsFeeds.ts","https","ok","","200","112","1","https://www.alavieska.fi/rss.xml","ei",""
"https://www.albinismi.fi/","Suomen albinismiyhdistys","Yhdistykset ja yhteisöt","communityLinks.ts","https","failed","enotfound","","31","1","","ei",""
"https://www.alavus.fi/fi/vapaa-aika/liikunta/ohjattu-liikunta/aikuiset-ja-ikaihmiset.html","www.alavus.fi","Liikunta","localExerciseLinks.ts","https","ok","","200","45","1","https://www.alavus.fi/fi/vapaa-aika/liikunta/ohjattu-liikunta/aikuiset-ja-ikaihmiset.html","ei",""
"https://www.alopecia.fi/","Etelä-Suomen Alopecia- ja Vitiligoyhdistys","Yhdistykset ja yhteisöt","communityLinks.ts","https","failed","enotfound","","13","1","","ei",""
"https://www.alopecia.fi/pohjois-suomi","Pohjois-Suomen Alopecia- ja Vitiligoyhdistys","Yhdistykset ja yhteisöt","communityLinks.ts","https","failed","enotfound","","2","1","","ei",""
"https://www.als-tutkimus.fi/","ALS-tutkimuksen tuki","Yhdistykset ja yhteisöt","communityLinks.ts","https","failed","enotfound","","16","1","","ei",""
"https://www.ahtari.fi/index.php/sosiaali-ja-terveyspalvelut/ikaeihmisten-palvelut","www.ahtari.fi","Senioripalvelut","localSeniorLinks.ts","https","ok","","200","359","1","https://www.ahtari.fi/index.php/sosiaali-ja-terveyspalvelut/ikaeihmisten-palvelut","ei",""
"https://www.alavus.fi/fi/etusivu/ajankohtaista/uutiset/palvelukyyti-on-kaikkien-kaytettavissa.html","Alavus palvelukyyti","Liikenne","localServiceTransportLinks.ts","https","ok","","200","43","1","https://www.alavus.fi/fi/etusivu/ajankohtaista/uutiset/palvelukyyti-on-kaikkien-kaytettavissa.html","ei",""
"https://www.alavieska.fi/kunnan_palvelut/kutsutaksi","Alavieska palveluliikenne","Liikenne","localServiceTransportLinks.ts","https","ok","","200","85","1","https://www.alavieska.fi/kunnan_palvelut/kutsutaksi","ei",""
"https://www.abounderrattelser.fi/","www.abounderrattelser.fi","Paikalliset palvelut","localServices.ts","https","ok","","200","2109","1","https://www.abounderrattelser.fi/","ei",""
"https://www.alvaraalto.fi/","Alvar Aalto -museo","Yhdistykset ja yhteisöt","communityLinks.ts","https","ok","","200","144","1","https://www.alvaraalto.fi/","ei",""
"https://www.amyloidoosi.fi/","Suomen Amyloidoosiyhdistys","Yhdistykset ja yhteisöt","communityLinks.ts","https","failed","enotfound","","31","1","","ei",""
"https://www.alisapankki.fi/","Alisa Pankki","Valtakunnalliset palvelut","constants.tsx","https","ok","","206","312","1","https://www.alisapankki.fi/","ei",""
"https://www.amosrex.fi/","Amos Rex","Yhdistykset ja yhteisöt","communityLinks.ts","https","ok","","200","180","1","https://amosrex.fi/","ei",""
"https://www.ampparit.com/","Ampparit","Valtakunnalliset palvelut","constants.tsx","https","ok","","206","187","1","https://www.ampparit.com/","ei",""
"https://www.apteekki.fi/","Apteekki.fi","Valtakunnalliset palvelut","constants.tsx","https","ok","","206","92","1","https://www.apteekki.fi/","ei",""
"https://www.angelman.fi/","Suomen Angelman-yhdistys","Yhdistykset ja yhteisöt","communityLinks.ts","https","ok","","200","199","1","https://www.angelman.fi/","ei",""
"https://www.antikvaari.fi/","Antikvaari","Valtakunnalliset palvelut","constants.tsx","https","ok","","200","147","1","https://www.antikvaari.fi/","ei",""
"https://www.aurinkobaletti.fi/","Aurinkobaletti","Valtakunnalliset palvelut","constants.tsx","https","ok","","200","90","1","https://www.aurinkobaletti.fi/","ei",""
"https://www.ahtari.fi/index.php/kaupunki-ja-hallinto/tietoa-ahtarista/liikenneyhteydet-ja-sijainti","Ähtärin liikenneyhteydet","Paikalliset palvelut","localServices.ts","https","ok","","200","342","1","https://www.ahtari.fi/index.php/kaupunki-ja-hallinto/tietoa-ahtarista/liikenneyhteydet-ja-sijainti","ei",""
"https://www.autistienettutuki.fi/","Autistien ja Rett-henkilöiden Tuki ry","Yhdistykset ja yhteisöt","communityLinks.ts","https","failed","enotfound","","19","1","","ei",""
"https://www.arktikum.fi/","Arktikum","Yhdistykset ja yhteisöt","communityLinks.ts","https","ok","","200","265","1","https://arktikum.fi/","ei",""
"https://www.avl.fi/","www.avl.fi","Paikallislehdet","localNewspaperLinks.ts","https","ok","","206","48","1","https://www.avl.fi/","ei",""
"https://www.aurinkomatkat.fi/","Aurinkomatkat","Valtakunnalliset palvelut","constants.tsx","https","ok","","200","127","1","https://www.aurinkomatkat.fi/","ei",""
"https://www.askola.fi/etusivu/vapaa-aika-nuoriso/kirjasto-kulttuuri/","www.askola.fi","Digiopastus","seniorSurfGuidancePlaces.ts","https","ok","","200","106","1","https://askola.fi/vapaa-aika-ja-kulttuuri/","ei",""
"https://www.avl.fi/feed/","www.avl.fi","Paikallisuutiset","localNewspaperFeeds.ts","https","ok","","200","255","1","https://www.avl.fi/feed/","ei",""
"https://www.amc.fi/","AMC","Yhdistykset ja yhteisöt","communityLinks.ts","https","ok","","200","970","1","https://www.amc.fi/","ei",""
"https://www.ahtari.fi/index.php/vapaa-aika-ja-liikunta/kirjasto","www.ahtari.fi","Digiopastus","seniorSurfGuidancePlaces.ts","https","ok","","200","343","1","https://www.ahtari.fi/index.php/vapaa-aika-ja-liikunta/kirjasto","ei",""
"https://www.bing.com/","Bing","Valtakunnalliset palvelut","constants.tsx","https","ok","","200","129","1","https://www.bing.com/","ei",""
"https://www.aniridia.fi/","Aniridia Finland","Yhdistykset ja yhteisöt","communityLinks.ts","https","ok","","200","1139","1","https://aniridia.fi/","ei",""
"https://www.brando.ax/","www.brando.ax","Kuntien kieliversiot","municipalityWebsiteLocales.ts","https","ok","","200","126","1","https://www.brando.ax/","ei",""
"https://www.bibliotek.ax/","Bibliotek.ax","Paikalliset palvelut","localServices.ts","https","ok","","200","757","1","https://www.bibliotek.ax/","ei",""
"https://www.booky.fi/","Booky.fi","Valtakunnalliset palvelut","constants.tsx","https","ok","","200","156","1","https://www.booky.fi/","ei",""
"https://www.bookbeat.com/fi/","BookBeat","Valtakunnalliset palvelut","constants.tsx","https","ok","","206","460","1","https://www.bookbeat.com/fi","ei",""
"https://www.aivovammaliitto.fi/","Aivovammaliitto ry","Yhdistykset ja yhteisöt","communityLinks.ts","https","ok","","200","2693","1","https://aivovammaliitto.fi/","ei",""
"https://www.cf-yhdistys.fi/","Suomen CF-yhdistys","Yhdistykset ja yhteisöt","communityLinks.ts","https","failed","enotfound","","18","1","","ei",""
"https://www.chiari.fi/","Suomen Chiari- ja syringomyeliayhdistys","Yhdistykset ja yhteisöt","communityLinks.ts","https","failed","enotfound","","35","1","","ei",""
"https://www.celia.fi/","Celia","Valtakunnalliset palvelut","constants.tsx","https","ok","","200","87","1","https://www.celia.fi/","ei",""
"https://www.ateneum.fi/","Ateneum","Yhdistykset ja yhteisöt","communityLinks.ts","https","ok","","200","1332","1","https://ateneum.fi/","ei",""
"https://www.compania.fi/","Compañía Kaari & Roni Martin","Valtakunnalliset palvelut","constants.tsx","https","ok","","206","158","1","https://www.compania.fi/","ei",""
"https://www.cirko.fi/","Cirko – Uuden sirkuksen keskus","Valtakunnalliset palvelut","constants.tsx","https","ok","","200","188","1","https://cirko.fi/","ei",""
"https://www.bbl.fi/","www.bbl.fi","Paikalliset palvelut","localServices.ts","https","ok","","206","1110","1","https://www.bbl.fi/","ei",""
"https://www.datero.fi/","www.datero.fi","Digiopastus","seniorSurfGuidancePlaces.ts","https","ok","","200","16","1","https://www.datero.fi/","ei",""
"https://www.bibliotek.ax/evenemang","www.bibliotek.ax","Digiopastus","seniorSurfGuidancePlaces.ts","https","ok","","200","221","1","https://www.bibliotek.ax/evenemang","ei",""
"https://www.deepl.com/","DeepL kääntäjä","Valtakunnalliset palvelut","constants.tsx","https","ok","","200","193","1","https://www.deepl.com/sv","ei",""
"https://www.dystonia.fi/","Suomen Dystoniayhdistys","Yhdistykset ja yhteisöt","communityLinks.ts","https","failed","enotfound","","19","1","","ei",""
"https://www.cranio.fi/","Cranio","Yhdistykset ja yhteisöt","communityLinks.ts","https","ok","","200","329","1","https://www.cranio.fi/","ei",""
"https://www.duolingo.com/","Duolingo","Valtakunnalliset palvelut","constants.tsx","https","ok","","200","290","1","https://www.duolingo.com/","ei",""
"https://www.eb-yhdistys.fi/","Suomen EB-yhdistys","Yhdistykset ja yhteisöt","communityLinks.ts","https","failed","enotfound","","20","1","","ei",""
"https://www.eckero.ax/","www.eckero.ax","Kuntien kieliversiot","municipalityWebsiteLocales.ts","https","ok","","200","131","1","https://www.eckero.ax/","ei",""
"https://www.brando.ax/feed/","www.brando.ax","Kuntauutiset","municipalityNewsFeeds.ts","https","ok","","200","954","1","https://www.brando.ax/feed/","ei",""
"https://www.coronaria.fi/fysioterapia/seniorijumppaa/","Coronaria - seniorijumppaa","Valtakunnalliset palvelut","constants.tsx","https","ok","","200","679","1","https://www.coronaria.fi/fysioterapia/seniorijumppaa/","ei",""
"https://www.ekhva.fi/","www.ekhva.fi","Paikalliset palvelut","localServices.ts","https","ok","","200","106","1","https://www.ekhva.fi/","ei",""
"https://www.eckero.ax/socialservice/aldreomsorg","www.eckero.ax","Senioripalvelut","localSeniorLinks.ts","https","ok","","200","76","1","https://www.eckero.ax/socialservice/aldreomsorg","ei",""
"https://www.ekl.fi/","Eläkkeensaajien Keskusliitto EKL ry","Yhdistykset ja yhteisöt","communityLinks.ts","https","warning","access_limited","403","163","1","https://www.ekl.fi/","ei",""
"https://www.ekhva.fi/hyvinvointialue/ajankohtaista/","www.ekhva.fi","Paikalliset palvelut","localServices.ts","https","ok","","200","48","1","https://www.ekhva.fi/hyvinvointialue/ajankohtaista/","ei",""
"https://www.ekl.fi/tietoa-meista/yhdistykset/","EKL-yhdistykset piireittäin","Yhdistykset ja yhteisöt","communityLinks.ts","https","warning","access_limited","403","30","1","https://www.ekl.fi/tietoa-meista/yhdistykset/","ei",""
"https://www.brando.ax/english/","www.brando.ax","Kuntien kieliversiot","municipalityWebsiteLocales.ts","https","ok","","200","77","1","https://www.brando.ax/english/","ei",""
"https://www.elory.fi/","Erityislasten Omaiset ELO","Yhdistykset ja yhteisöt","communityLinks.ts","https","failed","enotfound","","39","1","","ei",""
"https://www.brando.ax/vard-och-omsorg/aldreomsorg/","www.brando.ax","Senioripalvelut","localSeniorLinks.ts","https","ok","","200","22","1","https://www.brando.ax/vard-och-omsorg/aldreomsorg/","ei",""
"https://www.elakeliitto.fi/muut-viikottaiset-kerhot","www.elakeliitto.fi","Digiopastus","seniorSurfGuidancePlaces.ts","https","failed","http_status_error","404","616","1","https://elakeliitto.fi/muut-viikottaiset-kerhot","ei",""
"https://www.entersenior.fi/","Enter ry - Digiopastusta","Valtakunnalliset palvelut","constants.tsx","https","ok","","200","454","1","https://www.entersenior.fi/","ei",""
"https://www.elakeliitto.fi/yhdistykset/akaa/jumppavinkkeja-ja-videoita-ikaihmisille","Eläkeliitto Akaa - jumppavinkkejä ikäihmisille","Valtakunnalliset palvelut","constants.tsx","https","ok","","200","85","1","https://akaa.elakeliitto.fi/","ei",""
"https://www.digiuptoolbox.com/","DigiUp Toolbox","Valtakunnalliset palvelut","constants.tsx","https","ok","","200","1078","1","https://www.digiuptoolbox.com/","ei",""
"https://www.esaimaa.fi/","www.esaimaa.fi","Paikallislehdet","localNewspaperLinks.ts","https","ok","","206","135","1","https://www.esaimaa.fi/","ei",""
"https://www.ellibs.com/fi/","Sähköiset kirjat (Ellibs)","Valtakunnalliset palvelut","constants.tsx","https","ok","","200","540","1","https://ellibs.com/","ei",""
"https://www.entersenior.fi/opastus/lahiopastus/","www.entersenior.fi","Digiopastus","seniorSurfGuidancePlaces.ts","https","ok","","200","119","1","https://www.entersenior.fi/opastus/","ei",""
"https://www.esaimaa.fi/feed/rss/","www.esaimaa.fi","Paikallisuutiset","localNewspaperFeeds.ts","https","ok","","206","46","1","https://www.esaimaa.fi/feed/rss/","ei",""
"https://www.espoo.fi/","www.espoo.fi","Kuntien verkkosivut","municipalityWebsites.ts","https","ok","","200","194","1","https://www.espoo.fi/fi","ei",""
"https://www.elakeliitto.fi/yhdistykset/loimaan-eloisat","www.elakeliitto.fi","Digiopastus","seniorSurfGuidancePlaces.ts","https","failed","etimedout","","262","1","","ei",""
"https://www.eri.fi/","Tanssiteatteri ERI","Valtakunnalliset palvelut","constants.tsx","https","ok","","200","433","1","https://eri.fi/","ei",""
"https://viitasaari.fi/kulttuuri-ja-vapaa-aika/kirjasto/muut-palvelut/nettiopastus/","viitasaari.fi","Digiopastus","seniorSurfGuidancePlaces.ts","https","ok","","200","5671","1","https://viitasaari.fi/kulttuuri-ja-vapaa-aika/kirjasto/muut-palvelut/nettiopastus/","ei",""
"https://www.espoo.fi/fi/liikunta-ja-luonto/liikuntaryhmat-ja-kurssit/liikuntaneuvonta","www.espoo.fi","Liikunta","localExerciseLinks.ts","https","ok","","200","117","1","https://www.espoo.fi/fi/liikunta-ja-luonto/liikuntaryhmat-ja-kurssit/liikuntaneuvonta","ei",""
"https://www.espoo.fi/fi/seniorit","www.espoo.fi","Senioripalvelut","localSeniorLinks.ts","https","ok","","200","142","1","https://www.espoo.fi/fi/seniorit","ei",""
"https://www.espoo.fi/sv","www.espoo.fi","Kuntien kieliversiot","municipalityWebsiteLocales.ts","https","ok","","200","92","1","https://www.espoo.fi/sv","ei",""
"https://www.espoo.fi/en","www.espoo.fi","Kuntien kieliversiot","municipalityWebsiteLocales.ts","https","ok","","200","103","1","https://www.espoo.fi/en","ei",""
"https://www.eetu.fi/","Eläkeläisliittojen etujärjestö EETU ry","Yhdistykset ja yhteisöt","communityLinks.ts","https","failed","eai_again","","2009","1","","ei",""
"https://www.espoo.fi/fi/kaupunki-ja-paatoksenteko/espoon-kaupungin-yhteystiedot-ja-palaute","Espoo-info","Valtakunnalliset palvelut","constants.tsx","https","ok","","200","85","1","https://www.espoo.fi/fi/kaupunki-ja-paatoksenteko/espoon-kaupungin-yhteystiedot-ja-palaute","ei",""
"https://www.ess.fi/","www.ess.fi","Paikallislehdet","localNewspaperLinks.ts","https","ok","","206","84","1","https://www.ess.fi/","ei",""
"https://www.etuovi.com/","Etuovi","Valtakunnalliset palvelut","constants.tsx","https","warning","access_limited","403","74","1","https://www.etuovi.com/","ei",""
"https://www.eura.fi/","www.eura.fi","Kuntien verkkosivut","municipalityWebsites.ts","https","ok","","200","65","1","https://www.eura.fi/","ei",""
"https://www.ess.fi/feed/rss/","www.ess.fi","Paikallisuutiset","localNewspaperFeeds.ts","https","ok","","206","46","1","https://www.ess.fi/feed/rss/","ei",""
"https://www.espoonteatteri.fi/","Espoon teatteri","Valtakunnalliset palvelut","constants.tsx","https","ok","","200","458","1","https://espoonteatteri.fi/","ei",""
"https://www.eura.fi/feed/","www.eura.fi","Kuntauutiset","municipalityNewsFeeds.ts","https","ok","","200","75","1","https://www.eura.fi/feed/","ei",""
"https://www.espoo.fi/fi/rss/articles","Espoon artikkelit","Paikalliset palvelut","localServices.ts","https","ok","","200","251","1","https://www.espoo.fi/fi/rss/articles","ei",""
"https://www.eura.fi/kirjasto","www.eura.fi","Digiopastus","seniorSurfGuidancePlaces.ts","https","ok","","200","57","1","https://www.eura.fi/kulttuuri-ja-vapaa-aika/kirjasto/","ei",""
"https://www.eura.fi/in-english/","www.eura.fi","Kuntien kieliversiot","municipalityWebsiteLocales.ts","https","ok","","200","3","1","https://www.eura.fi/in-english/","ei",""
"https://www.fabry.fi/","Suomen Fabry-yhdistys","Yhdistykset ja yhteisöt","communityLinks.ts","https","failed","enotfound","","13","1","","ei",""
"https://www.eurajoki.fi/","www.eurajoki.fi","Kuntien verkkosivut","municipalityWebsites.ts","https","warning","access_limited","403","81","1","https://www.eurajoki.fi/","ei",""
"https://www.eura.fi/ikaihmiset/","www.eura.fi","Senioripalvelut","localSeniorLinks.ts","https","ok","","200","36","1","https://www.eura.fi/ikaihmiset/","ei",""
"https://www.finlex.fi/","Finlex","Valtakunnalliset palvelut","constants.tsx","https","ok","","206","121","1","https://www.finlex.fi/fi","ei",""
"https://www.eura.fi/kulttuuri-ja-vapaa-aika/liikunta/kuntoilu-ja-ikaihmisten-liikunta/kuntoliikuntaryhmat/","www.eura.fi","Liikunta","localExerciseLinks.ts","https","ok","","200","3","1","https://www.eura.fi/kulttuuri-ja-vapaa-aika/liikunta/kuntoilu-ja-ikaihmisten-liikunta/kuntoliikuntaryhmat/","ei",""
"https://www.finna.fi/","Finna","Valtakunnalliset palvelut","constants.tsx","https","ok","","206","110","1","https://www.finna.fi/","ei",""
"https://www.espoo.fi/fi/espoon-kaupunki/asiakaspalvelu-ja-asiointi/espoo-info","www.espoo.fi","Digiopastus","seniorSurfGuidancePlaces.ts","https","ok","","200","253","1","https://www.espoo.fi/fi/kaupunki-ja-paatoksenteko/asiakaspalvelu-ja-asiointi/liikkuva-espoo-info","ei",""
"https://www.finnair.com/","Finnair","Valtakunnalliset palvelut","constants.tsx","https","ok","","200","157","1","https://www.finnair.com/","ei",""
"https://www.finnlines.com/fi/","Finnlines","Paikalliset palvelut","localServices.ts","https","ok","","200","71","1","https://www.finnlines.com/fi/","ei",""
"https://www.espoo.fi/fi/rss/news","Espoon uutiset","Paikalliset palvelut","localServices.ts","https","ok","","200","245","1","https://www.espoo.fi/fi/rss/news","ei",""
"https://www.facebook.com/","Facebook","Valtakunnalliset palvelut","constants.tsx","https","ok","","200","297","1","https://www.facebook.com/","ei",""
"https://www.espoo.fi/fi/liikunta-ja-luonto/liikuntaryhmat-ja-kurssit/omatoimiliikunta","Espoo - omatoimiliikunta","Valtakunnalliset palvelut","constants.tsx","https","ok","","200","95","1","https://www.espoo.fi/fi/liikunta-ja-luonto/liikuntaryhmat-ja-kurssit/omatoimiliikunta","ei",""
"https://www.foglo.ax/","www.foglo.ax","Kuntien kieliversiot","municipalityWebsiteLocales.ts","https","ok","","200","131","1","https://www.foglo.ax/","ei",""
"https://www.espoo.fi/fi","Espoon palvelut","Paikalliset palvelut","localServices.ts","https","ok","","200","95","1","https://www.espoo.fi/fi","ei",""
"https://www.foglo.ax/social-service/aldreomsorg","www.foglo.ax","Senioripalvelut","localSeniorLinks.ts","https","ok","","200","35","1","https://www.foglo.ax/social-service/aldreomsorg","ei",""
"https://www.finnair.com/fi-fi","Finnair","Paikalliset palvelut","localServices.ts","https","ok","","200","198","1","https://www.finnair.com/fi-fi","ei",""
"https://www.foli.fi/","Föli","Valtakunnalliset palvelut","constants.tsx","https","ok","","200","222","1","https://www.foli.fi/fi","ei",""
"https://www.foli.fi/fi/runkolinjasto","Föli Turun asiointilinjat","Liikenne","localServiceTransportLinks.ts","https","ok","","200","102","1","https://www.foli.fi/fi/runkolinjasto","ei",""
"https://www.fonecta.fi/","Fonecta","Valtakunnalliset palvelut","constants.tsx","https","warning","access_limited","403","70","1","https://www.fonecta.fi/","ei",""
"https://www.foli.fi/fi/aikataulut-ja-reitit","Föli reittiopas","Valtakunnalliset palvelut","constants.tsx","https","ok","","200","78","1","https://www.foli.fi/fi/aikataulut-ja-reitit","ei",""
"https://www.foreca.fi/","Foreca","Valtakunnalliset palvelut","constants.tsx","https","ok","","200","82","1","https://www.foreca.fi/","ei",""
"https://www.finstrom.ax/","www.finstrom.ax","Kuntien kieliversiot","municipalityWebsiteLocales.ts","https","ok","","200","1095","1","https://www.finstrom.ax/","ei",""
"https://www.forssa.fi/","www.forssa.fi","Kuntien verkkosivut","municipalityWebsites.ts","https","ok","","200","129","1","https://www.forssa.fi/","ei",""
"https://www.foli.fi/fi/aikataulut-ja-reitit/f%C3%B6li-taxi-f%C3%B6lix","Föli Fölix Raisio","Liikenne","localServiceTransportLinks.ts","https","ok","","200","110","1","https://www.foli.fi/fi/aikataulut-ja-reitit/f%C3%B6li-taxi-f%C3%B6lix","ei",""
"https://www.finstrom.ax/social-service/hemservice-aldreboende","www.finstrom.ax","Senioripalvelut","localSeniorLinks.ts","https","ok","","200","43","1","https://www.finstrom.ax/social-service/hemservice-aldreboende","ei",""
"https://www.finnilco.fi/","Finnilco","Yhdistykset ja yhteisöt","communityLinks.ts","https","ok","","200","1155","1","https://www.finnilco.fi/","ei",""
"https://www.forssa.fi/in-english/","www.forssa.fi","Kuntien kieliversiot","municipalityWebsiteLocales.ts","https","ok","","200","105","1","https://www.forssa.fi/in-english/","ei",""
"https://www.foli.fi/fi/aikataulut-ja-reitit/kutsubussi","Föli Kaarinan kutsubussi","Liikenne","localServiceTransportLinks.ts","https","ok","","200","60","1","https://www.foli.fi/fi/aikataulut-ja-reitit/kutsubussi","ei",""
"https://www.finstrom.ax/rss.xml","www.finstrom.ax","Kuntauutiset","municipalityNewsFeeds.ts","https","ok","","200","26","1","https://www.finstrom.ax/rss.xml","ei",""
"https://www.frax.fi/","Frax","Yhdistykset ja yhteisöt","communityLinks.ts","https","failed","enotfound","","13","1","","ei",""
"https://www.fredrikabiblioteken.fi/fi/library-page/kruunupyyn-p%C3%A4%C3%A4kirjasto","www.fredrikabiblioteken.fi","Digiopastus","seniorSurfGuidancePlaces.ts","https","failed","enotfound","","15","1","","ei",""
"https://www.fredrikabiblioteken.fi/fi/library-page/uudenkaarlepyyn-kaupunginkirjasto","www.fredrikabiblioteken.fi","Digiopastus","seniorSurfGuidancePlaces.ts","https","failed","enotfound","","0","1","","ei",""
"https://www.fshd.fi/","FSHD-yhdistys","Yhdistykset ja yhteisöt","communityLinks.ts","https","failed","enotfound","","15","1","","ei",""
"https://www.forssanlehti.fi/","www.forssanlehti.fi","Paikallislehdet","localNewspaperLinks.ts","https","ok","","206","225","1","https://www.forssanlehti.fi/","ei",""
"https://www.forssa.fi/vapaa-aika-ja-matkailu/liikunta/liikuntaryhmat/","www.forssa.fi","Liikunta","localExerciseLinks.ts","https","ok","","200","131","1","https://www.forssa.fi/vapaa-aika-ja-matkailu/liikunta/liikuntaryhmat/","ei",""
"https://www.geocache.fi/","Geokätköily","Valtakunnalliset palvelut","constants.tsx","https","ok","","200","72","1","https://www.geocache.fi/","ei",""
"https://www.forssanlehti.fi/feed/rss","www.forssanlehti.fi","Paikallisuutiset","localNewspaperFeeds.ts","https","ok","","206","127","1","https://www.forssanlehti.fi/feed/rss","ei",""
"https://www.genealogia.fi/","Sukuhaku","Valtakunnalliset palvelut","constants.tsx","https","ok","","200","264","1","https://www.genealogia.fi/","ei",""
"https://www.forssa.fi/asuminen-ja-ymparisto/joukkoliikenne-1558118806/","Forssa palveluliikenne","Liikenne","localServiceTransportLinks.ts","https","ok","","200","106","1","https://www.forssa.fi/asuminen-ja-ymparisto/joukkoliikenne-1558118806/","ei",""
"https://www.gnao1tuki.fi/","GNAO1 Tuki","Yhdistykset ja yhteisöt","communityLinks.ts","https","failed","enotfound","","14","1","","ei",""
"https://www.geta.ax/","www.geta.ax","Kuntien kieliversiot","municipalityWebsiteLocales.ts","https","ok","","200","125","1","https://www.geta.ax/","ei",""
"https://www.google.fi/","Google","Valtakunnalliset palvelut","constants.tsx","https","ok","","200","87","1","https://www.google.com/","kyllä",""
"https://www.grankulla.spfpension.fi/hobby/it_stod/","www.grankulla.spfpension.fi","Digiopastus","seniorSurfGuidancePlaces.ts","https","failed","http_status_error","404","53","1","https://www.grankulla.spfpension.fi/hobby/it_stod/","ei",""
"https://www.geta.ax/kommunverksamhet/aldreomsorg","www.geta.ax","Senioripalvelut","localSeniorLinks.ts","https","ok","","200","33","1","https://www.geta.ax/kommunverksamhet/aldreomsorg","ei",""
"https://www.google.com/maps","Google Maps","Valtakunnalliset palvelut","constants.tsx","https","ok","","200","172","1","https://www.google.com/maps?ucbcb=1","ei",""
"https://www.forssa.fi/pa-svenska/","www.forssa.fi","Kuntien kieliversiot","municipalityWebsiteLocales.ts","https","ok","","200","121","1","https://www.forssa.fi/pa-svenska/","ei",""
"https://www.forssanlehti.fi/feed/rss/","www.forssanlehti.fi","Paikallisuutiset","localNewspaperFeeds.ts","https","ok","","206","167","1","https://www.forssanlehti.fi/feed/rss/","ei",""
"https://www.haapajarvi.fi/","www.haapajarvi.fi","Kuntien verkkosivut","municipalityWebsites.ts","https","ok","","200","168","1","https://www.haapajarvi.fi/","ei",""
"https://www.esportoilers.fi/","Esport Oilers","Urheiluseurat","localSportsClubs.ts","https","ok","","200","2894","1","https://oilers.fi/","kyllä",""
"https://www.haapajarvi.fi/jumppaohjeita-kuntalaisille","www.haapajarvi.fi","Liikunta","localExerciseLinks.ts","https","ok","","200","41","1","https://www.haapajarvi.fi/jumppaohjeita-kuntalaisille","ei",""
"https://www.haapavesi-lehti.fi/","www.haapavesi-lehti.fi","Paikallislehdet","localNewspaperLinks.ts","https","ok","","200","105","1","https://www.haapavesi-lehti.fi/","ei",""
"https://www.forssa.fi/asuminen-ja-ymparisto/joukkoliikenne-1558118806/seutu-ja-kaukoliikenne/","Forssan seutu- ja alueliikenne","Paikalliset palvelut","localServices.ts","https","ok","","200","112","1","https://www.forssa.fi/asuminen-ja-ymparisto/joukkoliikenne-1558118806/seutu-ja-kaukoliikenne/","ei",""
"https://www.hae.fi/","Suomen HAE-yhdistys","Yhdistykset ja yhteisöt","communityLinks.ts","https","ok","","200","150","1","https://www.hae.fi/","ei",""
"https://www.geni.com/","Geni","Valtakunnalliset palvelut","constants.tsx","https","ok","","200","711","1","https://www.geni.com/","ei",""
"https://www.hameenlinna.fi/","www.hameenlinna.fi","Kuntien verkkosivut","municipalityWebsites.ts","https","ok","","200","36","1","https://www.hameenlinna.fi/","ei",""
"https://www.halosenniemi.fi/","Halosenniemi","Yhdistykset ja yhteisöt","communityLinks.ts","https","ok","","200","206","1","https://www.halosenniemi.fi/","ei",""
"https://www.gutenberg.org/","Project Gutenberg","Valtakunnalliset palvelut","constants.tsx","https","ok","","206","695","1","https://www.gutenberg.org/","ei",""
"https://www.hameenlinna.fi/hameenlinna","Hämeen linna","Yhdistykset ja yhteisöt","communityLinks.ts","https","failed","http_status_error","404","332","1","https://www.hameenlinna.fi/hameenlinna","ei",""
"https://www.hameenlinna.fi/en/","www.hameenlinna.fi","Kuntien kieliversiot","municipalityWebsiteLocales.ts","https","ok","","200","15","1","https://www.hameenlinna.fi/en/","ei",""
"https://www.hameensanomat.fi/","www.hameensanomat.fi","Paikalliset palvelut","localServices.ts","https","ok","","206","81","1","https://www.hameensanomat.fi/","ei",""
"https://www.hameenlinna.fi/sv/","www.hameenlinna.fi","Kuntien kieliversiot","municipalityWebsiteLocales.ts","https","ok","","200","16","1","https://www.hameenlinna.fi/sv/","ei",""
"https://www.hamhelsinki.fi/","Helsingin taidemuseo HAM","Yhdistykset ja yhteisöt","communityLinks.ts","https","ok","","200","83","1","https://www.hamhelsinki.fi/","ei",""
"https://www.haapajarvi.fi/ajankohtaista/jokilaaksojen-kuntien-valisen-joukkoliikenteen-talvikausi-alkaa","Jokilaaksojen joukkoliikenne","Paikalliset palvelut","localServices.ts","https","ok","","200","708","1","https://www.haapajarvi.fi/ajankohtaista/jokilaaksojen-kuntien-valisen-joukkoliikenteen-talvikausi-alkaa","ei",""
"https://www.hameenlinna.fi/feed/","www.hameenlinna.fi","Kuntauutiset","municipalityNewsFeeds.ts","https","ok","","200","152","1","https://www.hameenlinna.fi/feed/","ei",""
"https://www.haapajarvi.fi/rss.xml","www.haapajarvi.fi","Kuntauutiset","municipalityNewsFeeds.ts","https","ok","","200","36","1","https://www.haapajarvi.fi/rss.xml","ei",""
"https://www.hammarland.ax/","www.hammarland.ax","Kuntien kieliversiot","municipalityWebsiteLocales.ts","https","ok","","200","149","1","https://www.hammarland.ax/","ei",""
"https://www.hameenlinna.fi/taidemuseo","Hämeenlinnan taidemuseo","Yhdistykset ja yhteisöt","communityLinks.ts","https","failed","http_status_error","404","142","1","https://www.hameenlinna.fi/taidemuseo","ei",""
"https://www.hammarland.ax/individ-familj/aldreomsorg","www.hammarland.ax","Senioripalvelut","localSeniorLinks.ts","https","ok","","200","22","1","https://www.hammarland.ax/individ-familj/aldreomsorg","ei",""
"https://www.hailuoto.fi/nuoret-kulttuuri-ja-liikunta/kirjasto/","www.hailuoto.fi","Digiopastus","seniorSurfGuidancePlaces.ts","https","ok","","200","1076","1","https://hailuoto.fi/kirjasto/","ei",""
"https://www.hammarland.ax/kommunen/ukraina-information","www.hammarland.ax","Kuntien kieliversiot","municipalityWebsiteLocales.ts","https","ok","","200","26","1","https://www.hammarland.ax/kommunen/ukraina-information","ei",""
"https://www.handelsbanken.fi/","Handelsbanken","Valtakunnalliset palvelut","constants.tsx","https","ok","","206","247","1","https://www.handelsbanken.fi/fi/","ei",""
"https://www.harjavalta.fi/","www.harjavalta.fi","Kuntien verkkosivut","municipalityWebsites.ts","https","ok","","200","113","1","https://www.harjavalta.fi/","ei",""
"https://www.hanko.fi/kulttuuri_vapaa-aika_ja_nuoriso/kirjasto/aukioloajat_ja_yhteystiedot","www.hanko.fi","Digiopastus","seniorSurfGuidancePlaces.ts","https","failed","http_status_error","404","642","1","https://hanko.fi/kulttuuri_vapaa-aika_ja_nuoriso/kirjasto/aukioloajat_ja_yhteystiedot","ei",""
"https://www.gretatuotanto.fi/","Greta Tuotanto","Valtakunnalliset palvelut","constants.tsx","https","ok","","200","1634","1","https://www.gretatuotanto.fi/","ei",""
"https://www.harso.fi/","HARSO","Yhdistykset ja yhteisöt","communityLinks.ts","https","ok","","200","187","1","https://harso.fi/","ei",""
"https://www.harjavalta.fi/feed/","www.harjavalta.fi","Kuntauutiset","municipalityNewsFeeds.ts","https","ok","","200","430","1","https://www.harjavalta.fi/feed/","ei",""
"https://www.hausjarvi.fi/","www.hausjarvi.fi","Kuntien verkkosivut","municipalityWebsites.ts","https","ok","","200","349","1","https://www.hausjarvi.fi/","ei",""
"https://www.hausjarvi.fi/asuminen-ja-rakentaminen/kadut-liikenne-ja-yleiset-alueet/joukkoliikenne/","Hausjärven joukkoliikenne","Paikalliset palvelut","localServices.ts","https","ok","","200","53","1","https://www.hausjarvi.fi/asuminen-ja-rakentaminen/kadut-liikenne-ja-yleiset-alueet/joukkoliikenne/","ei",""
"https://www.heili.fi/","www.heili.fi","Paikallislehdet","localNewspaperLinks.ts","https","ok","","206","233","1","https://www.heili.fi/","ei",""
"https://www.heili.fi/feed/rss/","www.heili.fi","Paikallisuutiset","localNewspaperFeeds.ts","https","ok","","206","46","1","https://www.heili.fi/feed/rss/","ei",""
"https://www.heinavedenlehti.fi/","www.heinavedenlehti.fi","Paikallislehdet","localNewspaperLinks.ts","https","ok","","206","224","1","https://www.heinavedenlehti.fi/","ei",""
"https://www.heinavesi.fi/","www.heinavesi.fi","Kuntien verkkosivut","municipalityWebsites.ts","https","ok","","200","73","1","https://www.heinavesi.fi/","ei",""
"https://www.hbl.fi/nyheter","www.hbl.fi","Paikalliset palvelut","localServices.ts","https","ok","","206","545","1","https://www.hbl.fi/nyheter","ei",""
"https://www.heinola.fi/","www.heinola.fi","Kuntien verkkosivut","municipalityWebsites.ts","https","ok","","200","40","1","https://www.heinola.fi/","ei",""
"https://www.heinola.fi/ajankohtaista/kirjaston-digiopastus/","www.heinola.fi","Digiopastus","seniorSurfGuidancePlaces.ts","https","ok","","200","3","1","https://www.heinola.fi/ajankohtaista/kirjaston-digiopastus/","ei",""
"https://www.heinola.fi/asuminen-ja-ymparisto/asuminen/joukkoliikenne/","Heinola palveluliikenne","Liikenne","localServiceTransportLinks.ts","https","ok","","200","57","1","https://www.heinola.fi/asuminen-ja-ymparisto/asuminen/joukkoliikenne/","ei",""
"https://www.heinavedenlehti.fi/feed/rss","www.heinavedenlehti.fi","Paikallisuutiset","localNewspaperFeeds.ts","https","ok","","206","169","1","https://www.heinavedenlehti.fi/feed/rss","ei",""
"https://www.heinola.fi/feed/","www.heinola.fi","Kuntauutiset","municipalityNewsFeeds.ts","https","ok","","200","132","1","https://www.heinola.fi/feed/","ei",""
"https://www.heinola.fi/in_english/","www.heinola.fi","Kuntien kieliversiot","municipalityWebsiteLocales.ts","https","ok","","200","15","1","https://www.heinola.fi/in_english/","ei",""
"https://www.heinola.fi/hyvinvointi-ja-vapaa-aika/liikunta-ja-ulkoilu/ohjattu-liikunta-ja-liikuntaneuvonta/ikaihmisten-liikunta/","www.heinola.fi","Liikunta","localExerciseLinks.ts","https","ok","","200","4","1","https://www.heinola.fi/hyvinvointi-ja-vapaa-aika/liikunta-ja-ulkoilu/ohjattu-liikunta-ja-liikuntaneuvonta/ikaihmisten-liikunta/","ei",""
"https://www.hel.fi/en/frontpage","www.hel.fi","Kuntien kieliversiot","municipalityWebsiteLocales.ts","https","ok","","206","295","1","https://www.hel.fi/en","ei",""
"https://www.hamina.fi/","www.hamina.fi","Kuntien verkkosivut","municipalityWebsites.ts","https","ok","","200","2628","1","https://www.hamina.fi/","ei",""
"https://www.hel.fi/fi","Helsingin palvelut","Paikalliset palvelut","localServices.ts","https","ok","","206","63","1","https://www.hel.fi/fi","ei",""
"https://www.hel.fi/fi/paatoksenteko-ja-hallinto/osallistu-ja-vaikuta/tukea-yhdessa-tekemiseen/stadin-yhteisotalot","www.hel.fi","Digiopastus","seniorSurfGuidancePlaces.ts","https","ok","","206","68","1","https://www.hel.fi/fi/paatoksenteko-ja-hallinto/osallistu-ja-vaikuta/tukea-yhdessa-tekemiseen/stadin-yhteisotalot","ei",""
"https://www.heinavesi.fi/liikenne-ja-kadut/asiointiliikenne/","Heinävesi palveluliikenne","Liikenne","localServiceTransportLinks.ts","https","ok","","200","1642","1","https://www.heinavesi.fi/liikenne-ja-kadut/asiointiliikenne/","ei",""
"https://www.hamina.fi/hyvinvointi-vapaa-aika/iakkaat-asukkaat/ikaantyneiden-palvelut/kymenlaakson-hyvinvointialue/","www.hamina.fi","Senioripalvelut","localSeniorLinks.ts","https","ok","","200","1035","1","https://www.hamina.fi/hyvinvointi-vapaa-aika/iakkaat-asukkaat/ikaantyneiden-palvelut/kymenlaakson-hyvinvointialue/","ei",""
"https://www.hel.fi/fi/paatoksenteko-ja-hallinto/stoa-helsinki-info","Helsinki-info","Valtakunnalliset palvelut","constants.tsx","https","ok","","206","1374","1","https://www.hel.fi/fi/paatoksenteko-ja-hallinto/stoa-helsinki-info","ei",""
"https://www.hamina.fi/hyvinvointi-vapaa-aika/liikkuva-hamina/liikuntapalvelut/liikuntaryhmat/","www.hamina.fi","Liikunta","localExerciseLinks.ts","https","ok","","200","630","1","https://www.hamina.fi/hyvinvointi-vapaa-aika/liikkuva-hamina/liikuntapalvelut/liikuntaryhmat/","ei",""
"https://www.designmuseo.fi/","Designmuseo","Yhdistykset ja yhteisöt","communityLinks.ts","https","failed","und_err_connect_timeout","","10346","1","","ei",""
"https://www.heinavesi.fi/en/in-english/","www.heinavesi.fi","Kuntien kieliversiot","municipalityWebsiteLocales.ts","https","ok","","200","1009","1","https://www.heinavesi.fi/en/in-english/","ei",""
"https://www.hamina.fi/asuminen-ymparisto/kadut-tiet-ja-liikenne/joukkoliikenne/","Hamina palveluliikenne","Liikenne","localServiceTransportLinks.ts","https","ok","","200","633","1","https://www.hamina.fi/asuminen-ymparisto/kadut-tiet-ja-liikenne/joukkoliikenne/","ei",""
"https://www.hamina.fi/feed/","www.hamina.fi","Kuntauutiset","municipalityNewsFeeds.ts","https","ok","","200","779","1","https://www.hamina.fi/feed/","ei",""
"https://www.hel.fi/fi/sosiaali-ja-terveyspalvelut/senioripalvelut/palvelukeskukset/kinaporin-palvelukeskus","www.hel.fi","Digiopastus","seniorSurfGuidancePlaces.ts","https","ok","","206","2643","1","https://www.hel.fi/fi/sosiaali-ja-terveyspalvelut/senioripalvelut/palvelukeskukset/kinaporin-palvelukeskus","ei",""
"https://www.hel.fi/sote/toimipisteet-fi/aakkosittain/pohjois-haaga-pake","www.hel.fi","Digiopastus","seniorSurfGuidancePlaces.ts","https","failed","http_status_error","404","792","1","https://www.hel.fi/sote/toimipisteet-fi/aakkosittain/pohjois-haaga-pake","ei",""
"https://www.hel.fi/sote/toimipisteet-fi/aakkosittain/syystien-seniorikeskus/","www.hel.fi","Digiopastus","seniorSurfGuidancePlaces.ts","https","failed","http_status_error","404","653","1","https://www.hel.fi/sote/toimipisteet-fi/aakkosittain/syystien-seniorikeskus/","ei",""
"https://www.hel.fi/sv/huvudsida","www.hel.fi","Kuntien kieliversiot","municipalityWebsiteLocales.ts","https","ok","","206","288","1","https://www.hel.fi/sv","ei",""
"https://www.hel.fi/uk","www.hel.fi","Kuntien kieliversiot","municipalityWebsiteLocales.ts","https","ok","","206","83","1","https://www.hel.fi/uk","ei",""
"https://www.hel.fi/ru","www.hel.fi","Kuntien kieliversiot","municipalityWebsiteLocales.ts","https","ok","","206","69","1","https://www.hel.fi/ru","ei",""
"https://www.helmet.fi/","Helmet-kirjastot","Paikalliset palvelut","localServices.ts","https","ok","","206","275","1","https://helmet.finna.fi/","kyllä",""
"https://www.helmet.fi/fi-FI/Kirjastot_ja_palvelut/Haukilahden_kirjasto","www.helmet.fi","Digiopastus","seniorSurfGuidancePlaces.ts","https","ok","","206","113","1","https://helmet.finna.fi/OrganisationInfo/Home","kyllä",""
"https://www.helmet.fi/fi-FI/Kirjastot_ja_palvelut/Ison_Omenan_kirjasto","www.helmet.fi","Digiopastus","seniorSurfGuidancePlaces.ts","https","ok","","206","109","1","https://helmet.finna.fi/OrganisationInfo/Home","kyllä",""
"https://www.helmet.fi/fi-FI/Kirjastot_ja_palvelut/Kalajarven_kirjasto","www.helmet.fi","Digiopastus","seniorSurfGuidancePlaces.ts","https","ok","","206","106","1","https://helmet.finna.fi/OrganisationInfo/Home","kyllä",""
"https://www.helmet.fi/fi-FI/Kirjastot_ja_palvelut/Karhusuon_kirjasto","www.helmet.fi","Digiopastus","seniorSurfGuidancePlaces.ts","https","ok","","206","127","1","https://helmet.finna.fi/OrganisationInfo/Home","kyllä",""
"https://www.helmet.fi/fi-FI/Kirjastot_ja_palvelut/Kauklahden_kirjasto","www.helmet.fi","Digiopastus","seniorSurfGuidancePlaces.ts","https","ok","","206","115","1","https://helmet.finna.fi/OrganisationInfo/Home","kyllä",""
"https://www.helmet.fi/fi-FI/Kirjastot_ja_palvelut/Kauniaisten_kirjasto","www.helmet.fi","Digiopastus","seniorSurfGuidancePlaces.ts","https","ok","","206","122","1","https://helmet.finna.fi/OrganisationInfo/Home","kyllä",""
"https://www.helmet.fi/fi-FI/Kirjastot_ja_palvelut/Laajalahden_kirjasto","www.helmet.fi","Digiopastus","seniorSurfGuidancePlaces.ts","https","ok","","206","107","1","https://helmet.finna.fi/OrganisationInfo/Home","kyllä",""
"https://www.helmet.fi/fi-FI/Kirjastot_ja_palvelut/Laaksolahden_kirjasto","www.helmet.fi","Digiopastus","seniorSurfGuidancePlaces.ts","https","ok","","206","121","1","https://helmet.finna.fi/OrganisationInfo/Home","kyllä",""
"https://www.helmet.fi/fi-FI/Kirjastot_ja_palvelut/Lippulaivan_kirjasto","www.helmet.fi","Digiopastus","seniorSurfGuidancePlaces.ts","https","ok","","206","108","1","https://helmet.finna.fi/OrganisationInfo/Home","kyllä",""
"https://www.helmet.fi/fi-FI/Kirjastot_ja_palvelut/Noykkion_kirjasto","www.helmet.fi","Digiopastus","seniorSurfGuidancePlaces.ts","https","ok","","206","120","1","https://helmet.finna.fi/OrganisationInfo/Home","kyllä",""
"https://www.helmet.fi/fi-FI/Kirjastot_ja_palvelut/Saunalahden_kirjasto","www.helmet.fi","Digiopastus","seniorSurfGuidancePlaces.ts","https","ok","","206","128","1","https://helmet.finna.fi/OrganisationInfo/Home","kyllä",""
"https://www.helmet.fi/fi-FI/Kirjastot_ja_palvelut/Sellon_kirjasto","www.helmet.fi","Digiopastus","seniorSurfGuidancePlaces.ts","https","ok","","206","137","1","https://helmet.finna.fi/OrganisationInfo/Home","kyllä",""
"https://www.helmet.fi/fi-FI/Kirjastot_ja_palvelut/Tapiolan_kirjasto","www.helmet.fi","Digiopastus","seniorSurfGuidancePlaces.ts","https","ok","","206","127","1","https://helmet.finna.fi/OrganisationInfo/Home","kyllä",""
"https://www.helmet.fi/fi-FI/Kirjastot_ja_palvelut/Tikkurilan_kirjasto/Tapahtumat","www.helmet.fi","Digiopastus","seniorSurfGuidancePlaces.ts","https","ok","","206","104","1","https://helmet.finna.fi/OrganisationInfo/Home","kyllä",""
"https://www.helmet.fi/fi-FI/Kirjastot_ja_palvelut/Tikkurilan_kirjasto/Tapahtumat?s=pilviagentti*","www.helmet.fi","Digiopastus","seniorSurfGuidancePlaces.ts","https","ok","","206","111","1","https://helmet.finna.fi/OrganisationInfo/Home","kyllä",""
"https://www.helmet.fi/fi-FI/Kirjastot_ja_palvelut/Viherlaakson_kirjasto","www.helmet.fi","Digiopastus","seniorSurfGuidancePlaces.ts","https","ok","","206","126","1","https://helmet.finna.fi/OrganisationInfo/Home","kyllä",""
"https://www.helsinginuutiset.fi/","www.helsinginuutiset.fi","Paikallislehdet","localNewspaperLinks.ts","https","ok","","206","82","1","https://www.helsinginuutiset.fi/","ei",""
"https://www.helmet.fi/fi-FI/Kirjastot_ja_palvelut/Entressen_kirjasto","www.helmet.fi","Digiopastus","seniorSurfGuidancePlaces.ts","https","ok","","206","112","1","https://helmet.finna.fi/OrganisationInfo/Home","kyllä",""
"https://www.helsinginuutiset.fi/feed/rss/","www.helsinginuutiset.fi","Paikallisuutiset","localNewspaperFeeds.ts","https","ok","","206","44","1","https://www.helsinginuutiset.fi/feed/rss/","ei",""
"https://www.hel.fi/fi/sosiaali-ja-terveyspalvelut/senioripalvelut/palvelukeskukset/toolon-palvelukeskus","www.hel.fi","Digiopastus","seniorSurfGuidancePlaces.ts","https","ok","","206","3334","1","https://www.hel.fi/fi/sosiaali-ja-terveyspalvelut/senioripalvelut/palvelukeskukset/toolon-palvelukeskus","ei",""
"https://www.hel.fi/et","www.hel.fi","Kuntien kieliversiot","municipalityWebsiteLocales.ts","https","ok","","206","76","1","https://www.hel.fi/et","ei",""
"https://www.hemofilia.fi/","Suomen Hemofiliayhdistys","Yhdistykset ja yhteisöt","communityLinks.ts","https","ok","","200","215","1","https://verenvuotosairaudet.fi/","kyllä",""
"https://www.helsinkimissio.fi/apua-ja-tukea/seniorit/digituki/","HelsinkiMissio digituki","Valtakunnalliset palvelut","constants.tsx","https","ok","","200","1586","1","https://www.helsinkimissio.fi/hae-apua/senioreille/digituki/","ei",""
"https://www.heureka.fi/","Heureka","Valtakunnalliset palvelut","constants.tsx","https","ok","","200","710","1","https://www.heureka.fi/","ei",""
"https://www.hel.fi/fi/sosiaali-ja-terveyspalvelut/senioripalvelut","www.hel.fi","Senioripalvelut","localSeniorLinks.ts","https","ok","","206","1045","1","https://www.hel.fi/fi/sosiaali-ja-terveyspalvelut/senioripalvelut","ei",""
"https://www.hhtosler.fi/","Suomen HHT/Osler-yhdistys","Yhdistykset ja yhteisöt","communityLinks.ts","https","failed","enotfound","","15","1","","ei",""
"https://www.hel.fi/fi/uutiset","www.hel.fi","Paikalliset palvelut","localServices.ts","https","ok","","206","67","1","https://www.hel.fi/fi/uutiset","ei",""
"https://www.helsinkimissio.fi/hae-apua/senioreille/digituki/","www.helsinkimissio.fi","Digiopastus","seniorSurfGuidancePlaces.ts","https","ok","","200","807","1","https://www.helsinkimissio.fi/hae-apua/senioreille/digituki/","ei",""
"https://www.hengitystuki.fi/","Hengitystuki","Yhdistykset ja yhteisöt","communityLinks.ts","https","ok","","200","1359","1","https://hengitystuki.fi/","ei",""
"https://www.hfi.fi/","Suomen fruktoosi-intolerantikot (HFI)","Yhdistykset ja yhteisöt","communityLinks.ts","https","failed","econnreset","","444","1","","ei",""
"https://www.hevosenkenka.fi/","Teatteri Hevosenkenkä","Valtakunnalliset palvelut","constants.tsx","https","ok","","200","1183","1","https://hevosenkenka.fi/","ei",""
"https://www.hirvensalmi.fi/","www.hirvensalmi.fi","Kuntien verkkosivut","municipalityWebsites.ts","https","ok","","200","607","1","https://www.hirvensalmi.fi/","ei",""
"https://www.hmlteatteri.fi/","Hämeenlinnan Teatteri","Valtakunnalliset palvelut","constants.tsx","https","ok","","200","99","1","https://www.hmlteatteri.fi/","ei",""
"https://www.hiy.fi/digipiste","www.hiy.fi","Digiopastus","seniorSurfGuidancePlaces.ts","https","ok","","200","278","1","https://www.hiy.fi/digipiste/","ei",""
"https://www.hronsy.fi/","www.hronsy.fi","Digiopastus","seniorSurfGuidancePlaces.ts","https","ok","","200","120","1","https://www.hronsy.fi/","ei",""
"https://www.hel.fi/sote/toimipisteet-fi/aakkosittain/kamppi-pake","www.hel.fi","Digiopastus","seniorSurfGuidancePlaces.ts","https","failed","http_status_error","404","705","1","https://www.hel.fi/sote/toimipisteet-fi/aakkosittain/kamppi-pake","ei",""
"https://www.hs.fi/","Helsingin Sanomat","Valtakunnalliset palvelut","constants.tsx","https","ok","","206","185","1","https://www.hs.fi/","ei",""
"https://www.hsl.fi/","HSL","Valtakunnalliset palvelut","constants.tsx","https","warning","access_limited","403","25","1","https://www.hsl.fi/","ei",""
"https://www.hirvensalmi.fi/hirvensalmi-info/joukkoliikenne/","Hirvensalmi palveluliikenne","Liikenne","localServiceTransportLinks.ts","https","ok","","200","464","1","https://www.hirvensalmi.fi/hirvensalmi-info/joukkoliikenne/","ei",""
"https://www.huhtasuonkylatoimisto.org/","www.huhtasuonkylatoimisto.org","Digiopastus","seniorSurfGuidancePlaces.ts","https","ok","","200","180","1","https://www.huhtasuonkylatoimisto.org/","ei",""
"https://www.hsl.fi/matkustaminen/lahibussit","HSL Espoon lähibussit","Liikenne","localServiceTransportLinks.ts","https","warning","access_limited","403","135","1","https://www.hsl.fi/matkustaminen/lahibussit","ei",""
"https://www.hs.fi/tiede/","Tiede","Valtakunnalliset palvelut","constants.tsx","https","ok","","206","284","1","https://www.hs.fi/tiede/","ei",""
"https://www.huittinen.fi/","www.huittinen.fi","Kuntien verkkosivut","municipalityWebsites.ts","https","ok","","200","28","1","https://www.huittinen.fi/","ei",""
"https://www.huittinen.fi/vapaa-aika/liikuntapalvelut/ohjattu-liikunta/senioriliikunta/","www.huittinen.fi","Liikunta","localExerciseLinks.ts","https","ok","","200","14","1","https://www.huittinen.fi/vapaa-aika/liikuntapalvelut/ohjattu-liikunta/senioriliikunta/","ei",""
"https://www.hirvensalmi.fi/tapahtuma/aikuisten-liikuntaryhma-12/","www.hirvensalmi.fi","Liikunta","localExerciseLinks.ts","https","ok","","200","501","1","https://www.hirvensalmi.fi/tapahtuma/aikuisten-liikuntaryhma-12/","ei",""
"https://www.hel.fi/sote/toimipisteet-fi/aakkosittain/munkkiniemi-pake","www.hel.fi","Digiopastus","seniorSurfGuidancePlaces.ts","https","failed","http_status_error","404","817","1","https://www.hel.fi/sote/toimipisteet-fi/aakkosittain/munkkiniemi-pake","ei",""
"https://www.huittinen.fi/vapaa-aika/seniorit/","www.huittinen.fi","Senioripalvelut","localSeniorLinks.ts","https","ok","","200","9","1","https://www.huittinen.fi/vapaa-aika/seniorit/","ei",""
"https://www.humppila.fi/","www.humppila.fi","Kuntien verkkosivut","municipalityWebsites.ts","https","ok","","200","71","1","https://www.humppila.fi/","ei",""
"https://www.huittinen.fi/palvelut/kirjastopalvelut","www.huittinen.fi","Digiopastus","seniorSurfGuidancePlaces.ts","https","failed","http_status_error","404","223","1","https://www.huittinen.fi/palvelut/kirjastopalvelut","ei",""
"https://www.humppila.fi/vapaa-aika-ja-matkailu/liikunta/ikaihmisten-liikunta/","www.humppila.fi","Liikunta","localExerciseLinks.ts","https","ok","","200","56","1","https://www.humppila.fi/vapaa-aika-ja-matkailu/liikunta/ikaihmisten-liikunta/","ei",""
"https://www.hirvensalmi.fi/english/","www.hirvensalmi.fi","Kuntien kieliversiot","municipalityWebsiteLocales.ts","https","ok","","200","481","1","https://www.hirvensalmi.fi/english/","ei",""
"https://www.humppila.fi/english/","www.humppila.fi","Kuntien kieliversiot","municipalityWebsiteLocales.ts","https","ok","","200","56","1","https://www.humppila.fi/english/","ei",""
"https://www.huntington.fi/","Suomen Huntington-yhdistys","Yhdistykset ja yhteisöt","communityLinks.ts","https","ok","","200","247","1","https://huntington.fi/","ei",""
"https://www.hel.fi/fi/kulttuuri-ja-vapaa-aika/itsenaisesti-katsottavat-etaliikuntavideot","Helsinki - etäliikuntavideot","Valtakunnalliset palvelut","constants.tsx","https","warning","access_limited","403","566","1","https://www.hel.fi/fi/kulttuuri-ja-vapaa-aika/itsenaisesti-katsottavat-etaliikuntavideot","ei",""
"https://www.huittinen.fi/asuminen-ja-ymparisto/asuminen-ymparisto-ja-liikenne/joukkoliikenne/","Huittisten joukkoliikenne","Paikalliset palvelut","localServices.ts","https","ok","","200","28","1","https://www.huittinen.fi/asuminen-ja-ymparisto/asuminen-ymparisto-ja-liikenne/joukkoliikenne/","ei",""
"https://www.huittinen.fi/feed/","www.huittinen.fi","Kuntauutiset","municipalityNewsFeeds.ts","https","ok","","200","114","1","https://www.huittinen.fi/feed/","ei",""
"https://www.hus.fi/potilaalle/sairaalat-ja-toimipisteet/myrkytystietokeskus","Myrkytystietokeskus","Valtakunnalliset palvelut","constants.tsx","https","ok","","206","200","1","https://www.hus.fi/potilaalle/sairaalat-ja-toimipisteet/myrkytystietokeskus","ei",""
"https://www.hel.fi/fi/sosiaali-ja-terveyspalvelut","www.hel.fi","Paikalliset palvelut","localServices.ts","https","ok","","206","94","1","https://www.hel.fi/fi/sosiaali-ja-terveyspalvelut","ei",""
"https://www.humppila.fi/vapaa-aika-ja-matkailu/seniorit/","www.humppila.fi","Senioripalvelut","localSeniorLinks.ts","https","ok","","200","53","1","https://www.humppila.fi/vapaa-aika-ja-matkailu/seniorit/","ei",""
"https://www.hirvensalmi.fi/feed/","www.hirvensalmi.fi","Kuntauutiset","municipalityNewsFeeds.ts","https","ok","","200","421","1","https://www.hirvensalmi.fi/feed/","ei",""
"https://www.hyvinkaa.fi/","www.hyvinkaa.fi","Kuntien verkkosivut","municipalityWebsites.ts","https","ok","","200","95","1","https://www.hyvinkaa.fi/","ei",""
"https://www.hurjaruuth.fi/","Tanssiteatteri Hurjaruuth","Valtakunnalliset palvelut","constants.tsx","https","ok","","200","432","1","https://hurjaruuth.fi/","ei",""
"https://www.hyvinkaa.fi/kulttuuri-ja-vapaa-aika/kirjasto/vierailut-ja-opetus/kirjaston-tietotekniikkaopastukset/","www.hyvinkaa.fi","Digiopastus","seniorSurfGuidancePlaces.ts","https","failed","http_status_error","404","17","1","https://www.hyvinkaa.fi/kulttuuri-ja-vapaa-aika/kirjasto/vierailut-ja-opetus/kirjaston-tietotekniikkaopastukset/","ei",""
"https://www.hyvinkaa.fi/liikenne/","Hyvinkää palveluliikenne","Liikenne","localServiceTransportLinks.ts","https","ok","","200","55","1","https://www.hyvinkaa.fi/liikenne/","ei",""
"https://www.hyvaep.fi/","www.hyvaep.fi","Paikalliset palvelut","localServices.ts","https","ok","","200","190","1","https://www.hyvaep.fi/","ei",""
"https://www.humppila.fi/vapaa-aika-ja-matkailu/jubilee-line-ja-julkinen-liikenne/","Humppilan julkinen liikenne","Paikalliset palvelut","localServices.ts","https","ok","","200","71","1","https://www.humppila.fi/vapaa-aika-ja-matkailu/jubilee-line-ja-julkinen-liikenne/","ei",""
"https://www.ihoyhdistys.fi/","Ihoyhdistys","Yhdistykset ja yhteisöt","communityLinks.ts","https","failed","enotfound","","22","1","","ei",""
"https://www.hyrynsalmi.fi/","www.hyrynsalmi.fi","Kuntien verkkosivut","municipalityWebsites.ts","https","ok","","200","171","1","https://hyrynsalmi.fi/","ei",""
"https://www.hyvinkaa.fi/pa-svenska/","www.hyvinkaa.fi","Kuntien kieliversiot","municipalityWebsiteLocales.ts","https","ok","","200","46","1","https://www.hyvinkaa.fi/pa-svenska/","ei",""
"https://www.hyvinkaa.fi/in-english/","www.hyvinkaa.fi","Kuntien kieliversiot","municipalityWebsiteLocales.ts","https","ok","","200","57","1","https://www.hyvinkaa.fi/in-english/","ei",""
"https://www.ii.fi/","www.ii.fi","Kuntien verkkosivut","municipalityWebsites.ts","https","ok","","200","116","1","https://www.ii.fi/","ei",""
"https://www.hyvaep.fi/ajankohtaista/","www.hyvaep.fi","Paikalliset palvelut","localServices.ts","https","ok","","200","50","1","https://www.hyvaep.fi/ajankohtaista/","ei",""
"https://www.hyvinkaa.fi/kulttuuri-ja-vapaa-aika/liikunta/ohjattu-liikunta/","www.hyvinkaa.fi","Liikunta","localExerciseLinks.ts","https","ok","","200","62","1","https://www.hyvinkaa.fi/kulttuuri-ja-vapaa-aika/liikunta/ohjattu-liikunta/","ei",""
"https://www.ii.fi/ikaihmiset","www.ii.fi","Senioripalvelut","localSeniorLinks.ts","https","ok","","200","41","1","https://www.ii.fi/ikaihmiset","ei",""
"https://www.hyvinkaa.fi/hyvinvointi/ikaantyneiden-palvelut/","www.hyvinkaa.fi","Senioripalvelut","localSeniorLinks.ts","https","ok","","200","70","1","https://www.hyvinkaa.fi/hyvinvointi/ikaantyneiden-palvelut/","ei",""
"https://www.iitti.fi/","www.iitti.fi","Kuntien verkkosivut","municipalityWebsites.ts","https","ok","","200","76","1","https://www.iitti.fi/","ei",""
"https://www.iisalmensanomat.fi/","www.iisalmensanomat.fi","Paikalliset palvelut","localServices.ts","https","ok","","206","198","1","https://www.iisalmensanomat.fi/","ei",""
"https://www.iisalmi.fi/","www.iisalmi.fi","Kuntien verkkosivut","municipalityWebsites.ts","https","ok","","200","65","1","https://iisalmi.fi/","ei",""
"https://www.iitti.fi/asuminen-ja-ymparisto/kadut-tiet-ja-liikenne/joukko-ja-palveluliikenne/","Iitti palveluliikenne","Liikenne","localServiceTransportLinks.ts","https","ok","","200","84","1","https://www.iitti.fi/asuminen-ja-ymparisto/kadut-tiet-ja-liikenne/joukko-ja-palveluliikenne/","ei",""
"https://www.ii.fi/liikenne-ja-kuljetuspalvelut","Iin Iikka-linja","Liikenne","localServiceTransportLinks.ts","https","ok","","200","48","1","https://www.ii.fi/liikenne-ja-kuljetuspalvelut","ei",""
"https://www.ikainstituutti.fi/","Ikäinstituutti","Yhdistykset ja yhteisöt","communityLinks.ts","https","ok","","200","72","1","https://www.ikainstituutti.fi/","ei",""
"https://www.hyvaks.fi/","www.hyvaks.fi","Paikalliset palvelut","localServices.ts","https","ok","","200","981","1","https://www.hyvaks.fi/","ei",""
"https://www.iitti.fi/vapaa-aika-ja-hyvinvointi/liikunta/liikuntaryhmat/","www.iitti.fi","Liikunta","localExerciseLinks.ts","https","ok","","200","51","1","https://www.iitti.fi/vapaa-aika-ja-hyvinvointi/liikunta/liikuntaryhmat/","ei",""
"https://www.iijokiseutu.fi/","www.iijokiseutu.fi","Paikallislehdet","localNewspaperLinks.ts","https","ok","","200","463","1","https://www.iijokiseutu.fi/","ei",""
"https://www.iktyoosi.fi/","Suomen Iktyoosiyhdistys","Yhdistykset ja yhteisöt","communityLinks.ts","https","ok","","200","122","1","https://www.iktyoosi.fi/","ei",""
"https://www.ilmajoki-lehti.fi/","www.ilmajoki-lehti.fi","Paikallislehdet","localNewspaperLinks.ts","https","ok","","200","47","1","https://www.ilmajoki-lehti.fi/","ei",""
"https://www.ii.fi/rss.xml","www.ii.fi","Kuntauutiset","municipalityNewsFeeds.ts","https","ok","","200","39","1","https://www.ii.fi/rss.xml","ei",""
"https://www.hyvinkaantahko.fi/","Hyvinkään Tahko","Urheiluseurat","localSportsClubs.ts","https","ok","","200","853","1","https://hyvinkaantahko.fi/","ei",""
"https://www.ilmatieteenlaitos.fi/","Ilmatieteen laitos","Valtakunnalliset palvelut","constants.tsx","https","ok","","206","67","1","https://www.ilmatieteenlaitos.fi/","ei",""
"https://www.iijokiseutu.fi/feedit/rss/managed-listing/uusimmat/","www.iijokiseutu.fi","Paikallisuutiset","localNewspaperFeeds.ts","https","ok","","206","76","1","https://www.iijokiseutu.fi/feedit/rss/managed-listing/uusimmat/","ei",""
"https://www.ilomantsi.fi/","www.ilomantsi.fi","Kuntien verkkosivut","municipalityWebsites.ts","https","ok","","200","77","1","https://www.ilomantsi.fi/","ei",""
"https://www.iltalehti.fi/","Iltalehti","Valtakunnalliset palvelut","constants.tsx","https","ok","","200","39","1","https://www.iltalehti.fi/","ei",""
"https://www.imatra.fi/","www.imatra.fi","Kuntien verkkosivut","municipalityWebsites.ts","https","ok","","200","86","1","https://www.imatra.fi/","ei",""
"https://www.hyvaks.fi/uutiset","www.hyvaks.fi","Paikalliset palvelut","localServices.ts","https","ok","","200","246","1","https://www.hyvaks.fi/uutiset","ei",""
"https://www.iltalehti.fi/bitti","Bitti – Iltalehti","Valtakunnalliset palvelut","constants.tsx","https","ok","","200","66","1","https://www.iltalehti.fi/bitti","ei",""
"https://www.ikainstituutti.fi/liikunta-ja-ulkoilu-etusivu/voimaa-etajumpasta/harjoittelu-videoiden-avulla/","Ikäinstituutti - harjoittelu videoiden avulla","Valtakunnalliset palvelut","constants.tsx","https","ok","","200","371","1","https://www.ikainstituutti.fi/liikunta-ja-ulkoilu-etusivu/harjoittelu-videoiden-avulla/","ei",""
"https://www.imatra.fi/kulttuuri-ja-liikunta/liikunta/liikuntapalvelut/soveltava-liikunta","www.imatra.fi","Liikunta","localExerciseLinks.ts","https","ok","","200","40","1","https://www.imatra.fi/kulttuuri-ja-liikunta/liikunta/liikuntapalvelut/soveltava-liikunta","ei",""
"https://www.inari.fi/","www.inari.fi","Kuntien verkkosivut","municipalityWebsites.ts","https","ok","","206","59","1","https://www.inari.fi/","ei",""
"https://www.imatra.fi/rss.xml","www.imatra.fi","Kuntauutiset","municipalityNewsFeeds.ts","https","ok","","200","41","1","https://www.imatra.fi/rss.xml","ei",""
"https://www.inari.fi/fi/matkailu/liikenneyhteydet.html","Inarin liikenneyhteydet","Paikalliset palvelut","localServices.ts","https","ok","","206","60","1","https://www.inari.fi/fi/matkailu/liikenneyhteydet.html","ei",""
"https://www.iltalehti.fi/urheilu","Iltalehti Urheilu","Valtakunnalliset palvelut","constants.tsx","https","ok","","200","109","1","https://www.iltalehti.fi/urheilu","ei",""
"https://www.imppu.fi/","Immuunipuutospotilaiden yhdistys Imppu","Yhdistykset ja yhteisöt","communityLinks.ts","https","ok","","200","208","1","https://immuunipuutospotilaidenyhdistys.fi/","kyllä",""
"https://www.imatra.fi/kirjastoaineistot-ja-palvelut/digituki","www.imatra.fi","Digiopastus","seniorSurfGuidancePlaces.ts","https","ok","","200","96","1","https://www.imatra.fi/digituki","ei",""
"https://www.inari.fi/se/se/koltansaameetusivu-2018.html","www.inari.fi","Kuntien kieliversiot","municipalityWebsiteLocales.ts","https","ok","","200","114","1","https://www.inari.fi/se/se/koltansaameetusivu-2018.html","ei",""
"https://www.inari.fi/en/home-page.html","www.inari.fi","Kuntien kieliversiot","municipalityWebsiteLocales.ts","https","ok","","200","70","1","https://www.inari.fi/en/home-page.html","ei",""
"https://www.infofinland.fi/fi/about-the-service","InfoFinland - tietoa monella kielellä","Valtakunnalliset palvelut","constants.tsx","https","ok","","206","214","1","https://infofinland.fi/fi/about-the-service","ei",""
"https://www.inari.fi/fi/palvelut/sivistyspalvelut/liikuntapalvelut-ja-nuorisotyo/liikuntapalvelut/ohjattu-liikunta.html","www.inari.fi","Liikunta","localExerciseLinks.ts","https","ok","","200","128","1","https://www.inari.fi/fi/palvelut/sivistyspalvelut/liikuntapalvelut-ja-nuorisotyo/liikuntapalvelut/ohjattu-liikunta.html","ei",""
"https://www.inga.fi/","www.inga.fi","Kuntien verkkosivut","municipalityWebsites.ts","https","ok","","200","303","1","https://www.inga.fi/","ei",""
"https://www.inari.fi/sv/forstasida.html","www.inari.fi","Kuntien kieliversiot","municipalityWebsiteLocales.ts","https","ok","","200","73","1","https://www.inari.fi/sv/forstasida.html","ei",""
"https://www.ilomantsi.fi/feed/","www.ilomantsi.fi","Kuntauutiset","municipalityNewsFeeds.ts","https","ok","","206","872","1","https://www.ilomantsi.fi/feed/","ei",""
"https://www.is.fi/","Ilta-Sanomat","Valtakunnalliset palvelut","constants.tsx","https","ok","","206","72","1","https://www.is.fi/","ei",""
"https://www.inkoo.fi/asuminen-ja-ymparisto/kadut-liikenne-ja-satamat/julkinen-liikenne/","Länsi-Uudenmaan joukkoliikenne","Paikalliset palvelut","localServices.ts","https","ok","","200","275","1","https://www.inkoo.fi/asuminen-ja-ymparisto/kadut-liikenne-ja-satamat/julkinen-liikenne/","ei",""
"https://www.ilmailumuseo.fi/","Suomen ilmailumuseo","Yhdistykset ja yhteisöt","communityLinks.ts","https","ok","","206","1257","1","https://ilmailumuseo.fi/","ei",""
"https://www.inga.fi/feed/","www.inga.fi","Kuntauutiset","municipalityNewsFeeds.ts","https","ok","","200","211","1","https://www.inga.fi/feed/","ei",""
"https://www.is.fi/supersaa/sadetutka/","Sadetutka","Valtakunnalliset palvelut","constants.tsx","https","ok","","206","143","1","https://www.is.fi/supersaa/sadetutka/","ei",""
"https://www.itahame.fi/","www.itahame.fi","Paikalliset palvelut","localServices.ts","https","ok","","206","82","1","https://www.itahame.fi/","ei",""
"https://www.ita-savo.fi/","www.ita-savo.fi","Paikalliset palvelut","localServices.ts","https","ok","","206","109","1","https://www.ita-savo.fi/","ei",""
"https://www.itpsuomi.fi/","ITP Suomi","Yhdistykset ja yhteisöt","communityLinks.ts","https","failed","eai_again","","79","1","","ei",""
"https://www.inkoo.fi/asuminen-ja-ymparisto/kadut-liikenne-ja-satamat/julkinen-liikenne/inkyyti/","Inkoon Inkyyti","Liikenne","localServiceTransportLinks.ts","https","ok","","200","31","1","https://www.inkoo.fi/asuminen-ja-ymparisto/kadut-liikenne-ja-satamat/julkinen-liikenne/inkyyti/","ei",""
"https://www.jamsanmuistiyhdistys.fi/","Jämsän Muistiyhdistys ry","Yhdistykset ja yhteisöt","communityLinks.ts","https","ok","","200","138","1","https://www.jamsanmuistiyhdistys.fi/","ei",""
"https://www.janakkala.fi/","www.janakkala.fi","Kuntien verkkosivut","municipalityWebsites.ts","https","ok","","200","34","1","https://www.janakkala.fi/","ei",""
"https://www.ilmajoki-lehti.fi/feed/","www.ilmajoki-lehti.fi","Paikallisuutiset","localNewspaperFeeds.ts","https","ok","","200","1394","1","https://www.ilmajoki-lehti.fi/feed/","ei",""
"https://www.janakkala.fi/en/","www.janakkala.fi","Kuntien kieliversiot","municipalityWebsiteLocales.ts","https","ok","","200","89","1","https://www.janakkala.fi/en/","ei",""
"https://www.jamsanseutu.fi/","www.jamsanseutu.fi","Paikallislehdet","localNewspaperLinks.ts","https","ok","","206","248","1","https://www.jamsanseutu.fi/","ei",""
"https://www.janakkala.fi/kunta-ja-paatoksenteko/osallistu/digiapit/","www.janakkala.fi","Digiopastus","seniorSurfGuidancePlaces.ts","https","ok","","200","85","1","https://www.janakkala.fi/kunta-ja-paatoksenteko/osallistu/digiapit/","ei",""
"https://www.jamsa.fi/","www.jamsa.fi","Kuntien verkkosivut","municipalityWebsites.ts","https","ok","","200","334","1","https://jamsa.fi/","ei",""
"https://www.janakkala.fi/asuminen-ja-ymparisto/kadut-ja-liikenne/joukkoliikenne/bussiliikenteen-aikataulut-ja-liput/","Janakkala palveluliikenne","Liikenne","localServiceTransportLinks.ts","https","ok","","200","83","1","https://www.janakkala.fi/asuminen-ja-ymparisto/kadut-ja-liikenne/joukkoliikenne/bussiliikenteen-aikataulut-ja-liput/","ei",""
"https://www.jarvenpaa.fi/","www.jarvenpaa.fi","Kuntien verkkosivut","municipalityWebsites.ts","https","ok","","206","67","1","https://www.jarvenpaa.fi/","ei",""
"https://www.jarvenpaa.fi/feed","www.jarvenpaa.fi","Kuntauutiset","municipalityNewsFeeds.ts","https","ok","","206","6","1","https://www.jarvenpaa.fi/feed","ei",""
"https://www.is.fi/taloussanomat/","Taloussanomat","Valtakunnalliset palvelut","constants.tsx","https","ok","","206","522","1","https://www.is.fi/taloussanomat/","ei",""
"https://www.instagram.com/","Instagram","Valtakunnalliset palvelut","constants.tsx","https","ok","","200","492","1","https://www.instagram.com/","ei",""
"https://www.janakkala.fi/vapaa-aika-ja-matkailu/liikunta/ohjattu-liikunta/","www.janakkala.fi","Liikunta","localExerciseLinks.ts","https","ok","","200","4","1","https://www.janakkala.fi/vapaa-aika-ja-matkailu/liikunta/ohjattu-liikunta/","ei",""
"https://www.jarvenpaa.fi/hyvinvointi-ja-terveys/ikaihmiset","www.jarvenpaa.fi","Senioripalvelut","localSeniorLinks.ts","https","ok","","206","40","1","https://www.jarvenpaa.fi/hyvinvointi-ja-terveys/ikaihmiset","ei",""
"https://www.janakkalansanomat.fi/","www.janakkalansanomat.fi","Paikallislehdet","localNewspaperLinks.ts","https","ok","","206","234","1","https://www.janakkalansanomat.fi/","ei",""
"https://www.jarviseudunsanomat.fi/","www.jarviseudunsanomat.fi","Paikallislehdet","localNewspaperLinks.ts","https","warning","access_limited","403","80","1","https://www.jarviseudunsanomat.fi/","ei",""
"https://www.jarvenpaa.fi/a/jarvenpaan-kaupungin-palveluliikenne-palvelee-arkisin-ja-lauantaisin","Järvenpää palveluliikenne","Liikenne","localServiceTransportLinks.ts","https","ok","","206","30","1","https://www.jarvenpaa.fi/a/jarvenpaan-kaupungin-palveluliikenne-palvelee-arkisin-ja-lauantaisin","ei",""
"https://www.is.fi/supersaa/","Supersää","Valtakunnalliset palvelut","constants.tsx","https","ok","","206","35","1","https://www.is.fi/supersaa/","ei",""
"https://www.jklteatteri.fi/","Jyväskylän kaupunginteatteri","Valtakunnalliset palvelut","constants.tsx","https","ok","","206","94","1","https://www.jklteatteri.fi/","ei",""
"https://www.jarvenpaa.fi/vapaa-aika-ja-harrastaminen/liikunta-ja-ulkoilu/liikunnanohjauspalvelut/soveltava-liikunta","www.jarvenpaa.fi","Liikunta","localExerciseLinks.ts","https","ok","","206","30","1","https://www.jarvenpaa.fi/vapaa-aika-ja-harrastaminen/liikunta-ja-ulkoilu/liikunnanohjauspalvelut/soveltava-liikunta","ei",""
"https://www.janakkala.fi/feed/","www.janakkala.fi","Kuntauutiset","municipalityNewsFeeds.ts","https","ok","","200","127","1","https://www.janakkala.fi/feed/","ei",""
"https://www.joensuu.fi/","www.joensuu.fi","Kuntien verkkosivut","municipalityWebsites.ts","https","ok","","200","264","1","https://www.joensuu.fi/","ei",""
"https://www.jarviseutu-lehti.fi/","www.jarviseutu-lehti.fi","Paikallislehdet","localNewspaperLinks.ts","https","ok","","200","502","1","https://www.jarviseutu-lehti.fi/","ei",""
"https://www.ilomantsi.fi/asuminen-ja-ymparisto/liikenne-ja-tieverkko/asiointiliikenne/","Ilomantsi palveluliikenne","Liikenne","localServiceTransportLinks.ts","https","ok","","200","1162","1","https://www.ilomantsi.fi/asuminen-ja-ymparisto/liikenne-ja-tieverkko/asiointiliikenne/","ei",""
"https://www.joensuu.fi/vapaa-aika/tekemista-liikkujalle/soveltava-ja-senioriliikunta/","www.joensuu.fi","Liikunta","localExerciseLinks.ts","https","ok","","200","69","1","https://www.joensuu.fi/vapaa-aika/tekemista-liikkujalle/soveltava-ja-senioriliikunta/","ei",""
"https://www.joensuunteatteri.fi/","Joensuun kaupunginteatteri","Valtakunnalliset palvelut","constants.tsx","https","ok","","200","120","1","https://www.joensuunteatteri.fi/","ei",""
"https://www.joensuu.fi/museot","Joensuun taidemuseo","Yhdistykset ja yhteisöt","communityLinks.ts","https","ok","","200","428","1","https://www.joensuu.fi/vapaa-aika/kulttuuri-ja-kirjastot/museot/","ei",""
"https://www.jokioinen.fi/","www.jokioinen.fi","Kuntien verkkosivut","municipalityWebsites.ts","https","ok","","200","89","1","https://www.jokioinen.fi/","ei",""
"https://www.joensuunkaupunginorkesteri.fi/","Joensuun kaupunginorkesteri","Valtakunnalliset palvelut","constants.tsx","https","ok","","200","823","1","https://joensuunkaupunginorkesteri.fi/","ei",""
"https://www.joensuu.fi/arjen-palvelut/liikenne-kadut-ja-kunnossapito/joukkoliikenne/","Joensuu palveluliikenne","Liikenne","localServiceTransportLinks.ts","https","ok","","200","61","1","https://www.joensuu.fi/arjen-palvelut/liikenne-kadut-ja-kunnossapito/joukkoliikenne/","ei",""
"https://www.jokioinen.fi/asuminen-ja-ymparisto/palveluja-asukkaille/kylapussi985191716/","Jokioinen Kyläpussi","Liikenne","localServiceTransportLinks.ts","https","ok","","200","78","1","https://www.jokioinen.fi/asuminen-ja-ymparisto/palveluja-asukkaille/kylapussi985191716/","ei",""
"https://www.inarilainen.fi/","www.inarilainen.fi","Paikallislehdet","localNewspaperLinks.ts","https","ok","","200","3012","1","https://www.inarilainen.fi/","ei",""
"https://www.jomala.ax/","www.jomala.ax","Kuntien kieliversiot","municipalityWebsiteLocales.ts","https","ok","","200","112","1","https://www.jomala.ax/","ei",""
"https://www.joensuu.fi/feed/","www.joensuu.fi","Kuntauutiset","municipalityNewsFeeds.ts","https","ok","","200","381","1","https://www.joensuu.fi/feed/","ei",""
"https://www.jokioinen.fi/vapaa-aika-ja-hyvinvointi/liikuntatietoa-1522453229/liikuntapaikat/ohjatut-liikuntaryhmat/","www.jokioinen.fi","Liikunta","localExerciseLinks.ts","https","ok","","200","72","1","https://www.jokioinen.fi/vapaa-aika-ja-hyvinvointi/liikuntatietoa-1522453229/liikuntapaikat/ohjatut-liikuntaryhmat/","ei",""
"https://www.joensuunkataja.fi/","Joensuun Kataja","Urheiluseurat","localSportsClubs.ts","https","ok","","200","1729","1","https://joensuunkataja.fi/","ei",""
"https://www.jku.fi/","Jyväskylän Kenttäurheilijat","Urheiluseurat","localSportsClubs.ts","https","ok","","206","2320","1","https://jku.fi/","ei",""
"https://www.joroinen.fi/","www.joroinen.fi","Kuntien verkkosivut","municipalityWebsites.ts","https","ok","","200","481","1","https://www.joroinen.fi/","ei",""
"https://www.joutsa.fi/","www.joutsa.fi","Kuntien verkkosivut","municipalityWebsites.ts","https","ok","","200","215","1","https://www.joutsa.fi/","ei",""
"https://www.joensuu.fi/en/","www.joensuu.fi","Kuntien kieliversiot","municipalityWebsiteLocales.ts","https","ok","","200","59","1","https://www.joensuu.fi/en/","ei",""
"https://www.jokioinen.fi/vapaa-aika-ja-hyvinvointi/ikaantyneiden-palvelut/","www.jokioinen.fi","Senioripalvelut","localSeniorLinks.ts","https","ok","","200","61","1","https://www.jokioinen.fi/vapaa-aika-ja-hyvinvointi/ikaantyneiden-palvelut/","ei",""
"https://www.joutsa.fi/hyvinvointi-ja-terveys/ikaihmistenpalvelut/","www.joutsa.fi","Senioripalvelut","localSeniorLinks.ts","https","ok","","200","168","1","https://www.joutsa.fi/hyvinvointi-ja-terveys/ikaihmistenpalvelut/","ei",""
"https://www.joroinen.fi/category/uutiset/feed/","www.joroinen.fi","Kuntauutiset","municipalityNewsFeeds.ts","https","ok","","200","364","1","https://www.joroinen.fi/category/uutiset/feed/","ei",""
"https://www.joutsanseutu.fi/","www.joutsanseutu.fi","Paikallislehdet","localNewspaperLinks.ts","https","ok","","206","130","1","https://www.joutsanseutu.fi/","ei",""
"https://www.joutsa.fi/asuminen-ja-ymparisto/liikenne/","Joutsan liikenne","Paikalliset palvelut","localServices.ts","https","ok","","200","158","1","https://www.joutsa.fi/asuminen-ja-ymparisto/liikenne/","ei",""
"https://www.joensuu.fi/ikaihmiset/","www.joensuu.fi","Senioripalvelut","localSeniorLinks.ts","https","ok","","200","59","1","https://www.joensuu.fi/ikaihmiset/","ei",""
"https://www.jp-kunnallissanomat.fi/","www.jp-kunnallissanomat.fi","Paikallislehdet","localNewspaperLinks.ts","https","ok","","206","151","1","https://www.jp-kunnallissanomat.fi/","ei",""
"https://www.joutsenolehti.fi/","www.joutsenolehti.fi","Paikallislehdet","localNewspaperLinks.ts","https","ok","","206","173","1","https://www.joutsenolehti.fi/","ei",""
"https://www.joutsa.fi/vapaa-aika/vapaa-aikatoimen-liikuntaryhmat/","www.joutsa.fi","Liikunta","localExerciseLinks.ts","https","ok","","200","151","1","https://www.joutsa.fi/vapaa-aika/vapaa-aikatoimen-liikuntaryhmat/","ei",""
"https://www.jokioinen.fi/asuminen-ja-ymparisto/palveluja-asukkaille/joukkoliikenne/","Jokioisten joukkoliikenne","Paikalliset palvelut","localServices.ts","https","ok","","200","63","1","https://www.jokioinen.fi/asuminen-ja-ymparisto/palveluja-asukkaille/joukkoliikenne/","ei",""
"https://www.joroinen.fi/asuminen-ja-ymparisto/liikenne/palveluliikenne-pali/","Joroinen palveluliikenne","Liikenne","localServiceTransportLinks.ts","https","failed","http_status_error","404","353","1","https://www.joroinen.fi/asuminen-ja-ymparisto/liikenne/palveluliikenne-pali/","ei",""
"https://www.joutsa.fi/in-english/","www.joutsa.fi","Kuntien kieliversiot","municipalityWebsiteLocales.ts","https","ok","","200","155","1","https://www.joutsa.fi/in-english/","ei",""
"https://www.juuka.fi/","www.juuka.fi","Kuntien verkkosivut","municipalityWebsites.ts","https","ok","","200","24","1","https://www.juuka.fi/","ei",""
"https://www.jurkka.fi/","Teatteri Jurkka","Valtakunnalliset palvelut","constants.tsx","https","ok","","200","384","1","https://www.jurkka.fi/","ei",""
"https://www.joutsa.fi/feed/","www.joutsa.fi","Kuntauutiset","municipalityNewsFeeds.ts","https","ok","","200","139","1","https://www.joutsa.fi/feed/","ei",""
"https://www.jurvansanomat.fi/","www.jurvansanomat.fi","Paikallislehdet","localNewspaperLinks.ts","https","ok","","200","460","1","https://www.jurvansanomat.fi/","ei",""
"https://www.jokioinen.fi/in-english/","www.jokioinen.fi","Kuntien kieliversiot","municipalityWebsiteLocales.ts","https","ok","","200","72","1","https://www.jokioinen.fi/in-english/","ei",""
"https://www.juuka.fi/kohtaamispaikka-ellinkulma","www.juuka.fi","Digiopastus","seniorSurfGuidancePlaces.ts","https","ok","","200","213","1","https://www.juuka.fi/vapaa-aika-ja-hyvinvointi/kohtaamispaikka-ellinkulma/","ei",""
"https://www.juvanlehti.fi/","www.juvanlehti.fi","Paikallislehdet","localNewspaperLinks.ts","https","ok","","206","191","1","https://www.juvanlehti.fi/","ei",""
"https://www.juuka.fi/asuminen-ja-ymparisto/liikenne/julkinen-liikenne/","Juuan julkinen liikenne","Paikalliset palvelut","localServices.ts","https","ok","","200","11","1","https://www.juuka.fi/asuminen-ja-ymparisto/liikenne/julkinen-liikenne/","ei",""
"https://www.juvanlehti.fi/feed/rss","www.juvanlehti.fi","Paikallisuutiset","localNewspaperFeeds.ts","https","ok","","206","121","1","https://www.juvanlehti.fi/feed/rss","ei",""
"https://www.jyu.fi/fi/tutkimus/muuttolintujen-kevat","Muuttolintujen kevät","Valtakunnalliset palvelut","constants.tsx","https","ok","","200","48","1","https://www.jyu.fi/fi/tutkimus/muuttolintujen-kevat","ei",""
"https://www.jtalo.fi/jarjestotalo/mikadigi/","www.jtalo.fi","Digiopastus","seniorSurfGuidancePlaces.ts","https","ok","","200","1131","1","https://www.jtalo.fi/jarjestotalo/mikadigi/","ei",""
"https://www.juuka.fi/en/web/english","www.juuka.fi","Kuntien kieliversiot","municipalityWebsiteLocales.ts","https","failed","http_status_error","404","191","1","https://www.juuka.fi/en/web/english","ei",""
"https://www.jyvaskyla.fi/","Jyväskylän palvelut","Paikalliset palvelut","localServices.ts","https","ok","","206","90","1","https://www.jyvaskyla.fi/","ei",""
"https://www.jyvaskyla.fi/kirjasto/opi-ja-osallistu/digitaidot","www.jyvaskyla.fi","Digiopastus","seniorSurfGuidancePlaces.ts","https","ok","","206","36","1","https://www.jyvaskyla.fi/kirjasto/opi-ja-osallistu/digitaidot","ei",""
"https://www.jyvaskyla.fi/liikunta/ohjattu-liikunta","www.jyvaskyla.fi","Liikunta","localExerciseLinks.ts","https","ok","","206","36","1","https://www.jyvaskyla.fi/liikunta/ohjattu-liikunta","ei",""
"https://www.jypliiga.fi/","JYP","Urheiluseurat","localSportsClubs.ts","https","ok","","200","86","1","https://www.jypliiga.fi/","ei",""
"https://www.jyvaskyla.fi/palveluja-senioreille","www.jyvaskyla.fi","Senioripalvelut","localSeniorLinks.ts","https","ok","","206","34","1","https://www.jyvaskyla.fi/palveluja-senioreille","ei",""
"https://www.jyvaskyla.fi/taidemuseo","Jyväskylän taidemuseo","Yhdistykset ja yhteisöt","communityLinks.ts","https","ok","","206","34","1","https://www.jyvaskyla.fi/taidemuseo","ei",""
"https://www.juuka.fi/feed/","www.juuka.fi","Kuntauutiset","municipalityNewsFeeds.ts","https","ok","","200","174","1","https://www.juuka.fi/feed/","ei",""
"https://www.jyvaskyla.fi/asuminen-rakentaminen-ja-liikenne/kadut-ja-liikenne/joukko-ja-palveluliikenne","Jyväskylä palveluliikenne","Liikenne","localServiceTransportLinks.ts","https","ok","","206","33","1","https://www.jyvaskyla.fi/asuminen-rakentaminen-ja-liikenne/kadut-ja-liikenne/joukko-ja-palveluliikenne","ei",""
"https://www.k-ruoka.fi/","K-Ruoka","Valtakunnalliset palvelut","constants.tsx","https","warning","access_limited","403","49","1","https://www.k-ruoka.fi/","ei",""
"https://www.jyvaskylasinfonia.fi/","Jyväskylä Sinfonia","Valtakunnalliset palvelut","constants.tsx","https","ok","","206","132","1","https://www.jyvaskylasinfonia.fi/","ei",""
"https://www.juva.fi/","www.juva.fi","Kuntien verkkosivut","municipalityWebsites.ts","https","ok","","200","876","1","https://www.juva.fi/","ei",""
"https://www.jyvaskyla.fi/en","www.jyvaskyla.fi","Kuntien kieliversiot","municipalityWebsiteLocales.ts","https","ok","","206","34","1","https://www.jyvaskyla.fi/en","ei",""
"https://www.k-ruoka.fi/kauppa","K-Ruoka Kauppa","Valtakunnalliset palvelut","constants.tsx","https","warning","access_limited","403","19","1","https://www.k-ruoka.fi/kauppa","ei",""
"https://www.kaarina-lehti.fi/","www.kaarina-lehti.fi","Paikallislehdet","localNewspaperLinks.ts","https","ok","","206","67","1","https://www.kaarina-lehti.fi/","ei",""
"https://www.juuka.fi/ru/web/russian","www.juuka.fi","Kuntien kieliversiot","municipalityWebsiteLocales.ts","https","failed","http_status_error","404","220","1","https://www.juuka.fi/ru/web/russian","ei",""
"https://www.kaakonkulma.fi/","www.kaakonkulma.fi","Paikallislehdet","localNewspaperLinks.ts","https","ok","","206","158","1","https://www.kaakonkulma.fi/","ei",""
"https://www.jyvaskyla.fi/rss.xml","www.jyvaskyla.fi","Kuntauutiset","municipalityNewsFeeds.ts","https","ok","","206","36","1","https://www.jyvaskyla.fi/rss.xml","ei",""
"https://www.kaarina-lehti.fi/feed/","www.kaarina-lehti.fi","Paikallisuutiset","localNewspaperFeeds.ts","https","ok","","206","173","1","https://www.kaarina-lehti.fi/feed/","ei",""
"https://www.kaakonkulma.fi/feed/rss/","www.kaakonkulma.fi","Paikallisuutiset","localNewspaperFeeds.ts","https","ok","","206","168","1","https://www.kaakonkulma.fi/feed/rss/","ei",""
"https://www.kajaaninhaka.fi/","Kajaanin Haka","Urheiluseurat","localSportsClubs.ts","https","ok","","200","354","1","https://www.kajaaninhaka.fi/","ei",""
"https://www.juva.fi/joukkoliikenne","Juva palveluliikenne","Liikenne","localServiceTransportLinks.ts","https","ok","","200","276","1","https://www.juva.fi/joukkoliikenne","ei",""
"https://www.kalajokilaakso.fi/","www.kalajokilaakso.fi","Paikallislehdet","localNewspaperLinks.ts","https","ok","","200","98","1","https://www.kalajokilaakso.fi/","ei",""
"https://www.kalajoki.fi/","www.kalajoki.fi","Kuntien verkkosivut","municipalityWebsites.ts","https","ok","","200","439","1","https://www.kalajoki.fi/fi","ei",""
"https://www.kajaani.fi/","www.kajaani.fi","Kuntien verkkosivut","municipalityWebsites.ts","https","ok","","200","621","1","https://kajaani.fi/","ei",""
"https://www.kalfos.fi/","Kalfos","Yhdistykset ja yhteisöt","communityLinks.ts","https","ok","","200","131","1","https://www.kalfos.fi/","ei",""
"https://www.kampurajalkayhdistys.fi/","Suomen Kampurajalkayhdistys","Yhdistykset ja yhteisöt","communityLinks.ts","https","failed","enotfound","","13","1","","ei",""
"https://www.juva.fi/en","www.juva.fi","Kuntien kieliversiot","municipalityWebsiteLocales.ts","https","ok","","200","215","1","https://www.juva.fi/en","ei",""
"https://www.kangasala.fi/","www.kangasala.fi","Kuntien verkkosivut","municipalityWebsites.ts","https","ok","","200","15","1","https://www.kangasala.fi/","ei",""
"https://www.kangasala.fi/koe-viihdy-ja-ela/liikuntapalvelut/ohjattu-liikunta/","www.kangasala.fi","Liikunta","localExerciseLinks.ts","https","ok","","200","5","1","https://www.kangasala.fi/koe-viihdy-ja-ela/liikuntapalvelut/ohjattu-liikunta/","ei",""
"https://www.kangasala.fi/kohderyhmat/ikaantyneille/","www.kangasala.fi","Senioripalvelut","localSeniorLinks.ts","https","ok","","200","7","1","https://www.kangasala.fi/kohderyhmat/ikaantyneille/","ei",""
"https://www.jtalo.fi/mikadigi-digiopastus-lomake/","www.jtalo.fi","Digiopastus","seniorSurfGuidancePlaces.ts","https","ok","","200","1080","1","https://www.jtalo.fi/mikadigi-digiopastus-lomake/","ei",""
"https://www.kaleva.fi/","www.kaleva.fi","Paikalliset palvelut","localServices.ts","https","ok","","200","287","1","https://www.kaleva.fi/","ei",""
"https://www.kajaaninteatteri.fi/","Kajaanin kaupunginteatteri","Valtakunnalliset palvelut","constants.tsx","https","ok","","200","994","1","https://kajaaninteatteri.fi/","ei",""
"https://www.kalajoki.fi/en","www.kalajoki.fi","Kuntien kieliversiot","municipalityWebsiteLocales.ts","https","ok","","200","203","1","https://www.kalajoki.fi/en","ei",""
"https://www.kangasniemenlehti.fi/","www.kangasniemenlehti.fi","Paikallislehdet","localNewspaperLinks.ts","https","ok","","206","194","1","https://www.kangasniemenlehti.fi/","ei",""
"https://www.kangasniemi.fi/","www.kangasniemi.fi","Kuntien verkkosivut","municipalityWebsites.ts","https","ok","","200","68","1","https://www.kangasniemi.fi/","ei",""
"https://www.kangasala.fi/kulttuuri-ja-vapaa-aika/kirjasto/","www.kangasala.fi","Digiopastus","seniorSurfGuidancePlaces.ts","https","failed","etimedout","","261","1","","ei",""
"https://www.kangasala.fi/asu-hyvin/liikenne-kadut-ja-viheralueet/palvelu-ja-joukkoliikenne/","Kangasala palveluliikenne","Liikenne","localServiceTransportLinks.ts","https","ok","","200","4","1","https://www.kangasala.fi/asu-hyvin/liikenne-kadut-ja-viheralueet/palvelu-ja-joukkoliikenne/","ei",""
"https://www.kangasniemenlehti.fi/feed/rss","www.kangasniemenlehti.fi","Paikallisuutiset","localNewspaperFeeds.ts","https","ok","","206","45","1","https://www.kangasniemenlehti.fi/feed/rss","ei",""
"https://www.kaleva.fi/oulun-seutu/","www.kaleva.fi","Paikallislehdet","localNewspaperLinks.ts","https","failed","http_status_error","404","289","1","https://www.kaleva.fi/oulun-seutu/","ei",""
"https://www.kangasniemi.fi/ru/%d0%b4%d0%be%d0%bc%d0%b0%d1%88%d0%bd%d1%8f%d1%8f-%d1%81%d1%82%d1%80%d0%b0%d0%bd%d0%b8%d1%86%d0%b0/","www.kangasniemi.fi","Kuntien kieliversiot","municipalityWebsiteLocales.ts","https","ok","","200","223","1","https://www.kangasniemi.fi/ru/%d0%b4%d0%be%d0%bc%d0%b0%d1%88%d0%bd%d1%8f%d1%8f-%d1%81%d1%82%d1%80%d0%b0%d0%bd%d0%b8%d1%86%d0%b0/","ei",""
"https://www.kamariorkesteri.fi/","Keski-Pohjanmaan Kamariorkesteri","Valtakunnalliset palvelut","constants.tsx","https","ok","","200","764","1","https://kamariorkesteri.fi/","ei",""
"https://www.kangasniemi.fi/sosiaali-ja-terveyspalvelut/ikaantyneet/","www.kangasniemi.fi","Senioripalvelut","localSeniorLinks.ts","https","ok","","200","79","1","https://www.kangasniemi.fi/sosiaali-ja-terveyspalvelut/ikaantyneet/","ei",""
"https://www.kankaanpaa.fi/","www.kankaanpaa.fi","Kuntien verkkosivut","municipalityWebsites.ts","https","ok","","200","187","1","https://www.kankaanpaa.fi/","ei",""
"https://www.kangasniemi.fi/en/home/","www.kangasniemi.fi","Kuntien kieliversiot","municipalityWebsiteLocales.ts","https","ok","","200","105","1","https://www.kangasniemi.fi/en/home/","ei",""
"https://www.kankaanpaa.fi/kaupunki-ja-hallinto/kankaanpaa-info/liikenneyhteydet/","Kankaanpään liikenneyhteydet","Paikalliset palvelut","localServices.ts","https","ok","","200","44","1","https://www.kankaanpaa.fi/kaupunki-ja-hallinto/kankaanpaa-info/liikenneyhteydet/","ei",""
"https://www.kangasniemi.fi/vapaa-aika-ja-liikunta/liikunta/kayttovuorot-tilavaraukset-ja-hinnasto/liikuntaryhmat/","www.kangasniemi.fi","Liikunta","localExerciseLinks.ts","https","ok","","200","72","1","https://www.kangasniemi.fi/vapaa-aika-ja-liikunta/liikunta/kayttovuorot-tilavaraukset-ja-hinnasto/liikuntaryhmat/","ei",""
"https://www.kankaanpaa.fi/kulttuuri-liikunta-ja-nuoriso/liikunta/ohjatut-liikuntaryhmat/","www.kankaanpaa.fi","Liikunta","localExerciseLinks.ts","https","ok","","200","44","1","https://www.kankaanpaa.fi/kulttuuri-liikunta-ja-nuoriso/liikunta/ohjatut-liikuntaryhmat/","ei",""
"https://www.kansallisgalleria.fi/","Kansallisgalleria","Valtakunnalliset palvelut","constants.tsx","https","ok","","200","66","1","https://kansallisgalleria.fi/","ei",""
"https://www.kangasniemi.fi/asuminen-ja-ymparisto/liikenne/monipalveluauto-onnikka/","Kangasniemi Onnikka","Liikenne","localServiceTransportLinks.ts","https","ok","","200","140","1","https://www.kangasniemi.fi/asuminen-ja-ymparisto/liikenne/monipalveluauto-onnikka/","ei",""
"https://www.kankaanpaanseutu.fi/","www.kankaanpaanseutu.fi","Paikallislehdet","localNewspaperLinks.ts","https","ok","","206","284","1","https://www.kankaanpaanseutu.fi/","ei",""
"https://www.kansallisteatteri.fi/","Suomen Kansallisteatteri","Valtakunnalliset palvelut","constants.tsx","https","ok","","200","129","1","https://www.kansallisteatteri.fi/","ei",""
"https://www.kangasniemi.fi/sv/framsidan/","www.kangasniemi.fi","Kuntien kieliversiot","municipalityWebsiteLocales.ts","https","ok","","200","35","1","https://www.kangasniemi.fi/sv/framsidan/","ei",""
"https://www.karjalainen.fi/","www.karjalainen.fi","Paikalliset palvelut","localServices.ts","https","ok","","206","147","1","https://www.karjalainen.fi/","ei",""
"https://www.kanta.fi/omakanta","OmaKanta","Valtakunnalliset palvelut","constants.tsx","https","ok","","200","119","1","https://www.kanta.fi/omakanta","ei",""
"https://www.karkkilalainen.fi/feed/rss","www.karkkilalainen.fi","Paikallisuutiset","localNewspaperFeeds.ts","https","ok","","206","185","1","https://www.karkkilalainen.fi/feed/rss","ei",""
"https://www.karjalansivistysseura.fi/verkkoaineistot/karjalatietoa/karjalan-kieli/","Karjalan Sivistysseura - karjalan kieli","Valtakunnalliset palvelut","constants.tsx","https","ok","","200","280","1","https://www.karjalansivistysseura.fi/verkkoaineistot/karjalatietoa/karjalan-kieli/","ei",""
"https://www.karpatiat.fi/","Karpatiat","Yhdistykset ja yhteisöt","communityLinks.ts","https","failed","enotfound","","18","1","","ei",""
"https://www.kankaanpaa.fi/feed/","www.kankaanpaa.fi","Kuntauutiset","municipalityNewsFeeds.ts","https","ok","","200","334","1","https://www.kankaanpaa.fi/feed/","ei",""
"https://www.karunginpalvelukotiry.fi/torniotupa","www.karunginpalvelukotiry.fi","Digiopastus","seniorSurfGuidancePlaces.ts","https","ok","","200","116","1","https://www.karunginpalvelukotiry.fi/torniotupa","ei",""
"https://www.kainuunsanomat.fi/","www.kainuunsanomat.fi","Paikalliset palvelut","localServices.ts","https","ok","","200","2285","1","https://www.kainuunsanomat.fi/","ei",""
"https://www.karkkilantienoo.fi/","www.karkkilantienoo.fi","Paikallislehdet","localNewspaperLinks.ts","https","ok","","206","355","1","https://www.karkkilalainen.fi/","kyllä",""
"https://www.kauhajoki-lehti.fi/","www.kauhajoki-lehti.fi","Paikallislehdet","localNewspaperLinks.ts","https","ok","","206","198","1","https://www.kauhajoki-lehti.fi/etusivu-6.3.c1ecc2a125","ei",""
"https://www.kalajoki.fi/fi/kaupunki-ja-hallinto/tietoa-kalajoesta/liikenneyhteydet-kalajoelle","Kalajoen liikenneyhteydet","Paikalliset palvelut","localServices.ts","https","ok","","200","538","1","https://www.kalajoki.fi/fi/kaupunki-ja-hallinto/tietoa-kalajoesta/liikenneyhteydet-kalajoelle","ei",""
"https://www.kauniainen.fi/","Kauniaisten palvelut","Paikalliset palvelut","localServices.ts","https","ok","","200","32","1","https://www.kauniainen.fi/","ei",""
"https://www.kansallismuseo.fi/","Suomen kansallismuseo","Yhdistykset ja yhteisöt","communityLinks.ts","https","ok","","200","831","1","https://www.kansallismuseo.fi/","ei",""
"https://www.karkkila.fi/","www.karkkila.fi","Kuntien verkkosivut","municipalityWebsites.ts","https","ok","","200","665","1","https://karkkila.fi/","ei",""
"https://www.kauniainen.fi/sv/","www.kauniainen.fi","Kuntien kieliversiot","municipalityWebsiteLocales.ts","https","ok","","200","5","1","https://www.kauniainen.fi/sv/","ei",""
"https://www.kauniainen.fi/asuminen-ja-ymparisto/liikenne/joukkoliikenne/","Kauniaisten lähibussi","Liikenne","localServiceTransportLinks.ts","https","ok","","200","4","1","https://www.kauniainen.fi/asuminen-ja-ymparisto/liikenne/joukkoliikenne/","ei",""
"https://www.kauhava.fi/","www.kauhava.fi","Kuntien verkkosivut","municipalityWebsites.ts","https","ok","","200","706","1","https://kauhava.fi/","ei",""
"https://www.kauniainen.fi/feed/","www.kauniainen.fi","Kuntauutiset","municipalityNewsFeeds.ts","https","ok","","200","185","1","https://www.kauniainen.fi/feed/","ei",""
"https://www.karkola.fi/","www.karkola.fi","Kuntien verkkosivut","municipalityWebsites.ts","https","ok","","200","1000","1","https://karkola.fi/","ei",""
"https://www.kauppalehti.fi/","Kauppalehti","Valtakunnalliset palvelut","constants.tsx","https","ok","","206","526","1","https://www.kauppalehti.fi/","ei",""
"https://www.kansallismuseo.fi/seurasaari","Seurasaaren ulkomuseo","Yhdistykset ja yhteisöt","communityLinks.ts","https","failed","http_status_error","404","464","1","https://www.kansallismuseo.fi/seurasaari","ei",""
"https://www.keitele.fi/","www.keitele.fi","Kuntien verkkosivut","municipalityWebsites.ts","https","ok","","200","173","1","https://keitele.fi/","ei",""
"https://www.kauniainen.fi/hyvinvointi/lansi-uudenmaan-hyvinvointialue/villa-breda-ja-seniorit/","www.kauniainen.fi","Senioripalvelut","localSeniorLinks.ts","https","ok","","200","19","1","https://www.kauniainen.fi/hyvinvointi/lansi-uudenmaan-hyvinvointialue/villa-breda-ja-seniorit/","ei",""
"https://www.kemi.fi/","www.kemi.fi","Kuntien verkkosivut","municipalityWebsites.ts","https","ok","","200","81","1","https://www.kemi.fi/","ei",""
"https://www.kemi.fi/feed/","www.kemi.fi","Kuntauutiset","municipalityNewsFeeds.ts","https","ok","","200","124","1","https://www.kemi.fi/feed/","ei",""
"https://www.kela.fi/soita-kelaan","Kela - eläkkeet ja eläkkeensaajan asumistuki","Valtakunnalliset palvelut","constants.tsx","https","ok","","200","179","1","https://www.kela.fi/soita-kelaan","ei",""
"https://www.kemi.fi/sv/","www.kemi.fi","Kuntien kieliversiot","municipalityWebsiteLocales.ts","https","ok","","200","16","1","https://www.kemi.fi/sv/","ei",""
"https://www.kemi.fi/vapaa-aika-ja-kulttuuri/liikunta-ja-luonto/liikuntaneuvonta-ja-ohjatut-liikuntaryhmat/","www.kemi.fi","Liikunta","localExerciseLinks.ts","https","ok","","200","63","1","https://www.kemi.fi/vapaa-aika-ja-kulttuuri/liikunta-ja-luonto/liikuntaneuvonta-ja-ohjatut-liikuntaryhmat/","ei",""
"https://www.kauhava.fi/palvelut/kirjasto_ja_tietopalvelut","www.kauhava.fi","Digiopastus","seniorSurfGuidancePlaces.ts","https","failed","http_status_error","404","474","1","https://kauhava.fi/palvelut/kirjasto_ja_tietopalvelut","ei",""
"https://www.keminmaa.fi/","www.keminmaa.fi","Kuntien verkkosivut","municipalityWebsites.ts","https","ok","","200","92","1","https://www.keminmaa.fi/","ei",""
"https://www.keminmaa.fi/asuminen-ja-ymparisto/kadut-ja-liikenne/joukkoliikenne/","Keminmaa palveluliikenne","Liikenne","localServiceTransportLinks.ts","https","ok","","200","6","1","https://www.keminmaa.fi/asuminen-ja-ymparisto/kadut-ja-liikenne/joukkoliikenne/","ei",""
"https://www.keminmaa.fi/vapaa-aika/kirjasto/","www.keminmaa.fi","Digiopastus","seniorSurfGuidancePlaces.ts","https","ok","","200","6","1","https://www.keminmaa.fi/vapaa-aika/kirjasto/","ei",""
"https://www.kellomuseo.fi/","Suomen kello- ja korumuseo","Yhdistykset ja yhteisöt","communityLinks.ts","https","ok","","200","572","1","https://www.museokruunu.fi/","kyllä",""
"https://www.keminteatteri.fi/","Kemin teatteri","Valtakunnalliset palvelut","constants.tsx","https","ok","","200","44","1","https://www.keminteatteri.fi/","ei",""
"https://www.kemi.fi/vapaa-aika-ja-kulttuuri/kulttuuri/kirjasto/palvelut-ja-tilat/palvelut/","www.kemi.fi","Digiopastus","seniorSurfGuidancePlaces.ts","https","ok","","200","141","1","https://www.kemi.fi/tiedotteet/palvelutarjonta-metsa-fibren-biotuotetehtaan-tyontekijoille-tallenne-17-2-2022-infotilaisuudesta-yrittajille/","ei",""
"https://www.kemi.fi/asuminen-ja-ymparisto/kadut-ja-liikenne/joukkoliikenne/onnikka/","Kemi asiointilinja Onnikka","Liikenne","localServiceTransportLinks.ts","https","ok","","200","5","1","https://www.kemi.fi/asuminen-ja-ymparisto/kadut-ja-liikenne/joukkoliikenne/onnikka/","ei",""
"https://www.kempele.fi/","www.kempele.fi","Kuntien verkkosivut","municipalityWebsites.ts","https","ok","","200","129","1","https://kempele.fi/","ei",""
"https://www.kemi.fi/asuminen-ja-ymparisto/asuminen/ikaihmiset/","www.kemi.fi","Senioripalvelut","localSeniorLinks.ts","https","ok","","200","96","1","https://www.kemi.fi/asuminen-ja-ymparisto/asuminen/ikaihmiset/","ei",""
"https://www.kela.fi/web/sgn-fi/viittomakieli","Kela viittomakielellä","Valtakunnalliset palvelut","constants.tsx","https","ok","","200","437","1","https://www.kela.fi/web/sgn-fi/viittomakieli","ei",""
"https://www.keski-uusimaa.fi/","www.keski-uusimaa.fi","Paikallislehdet","localNewspaperLinks.ts","https","ok","","206","85","1","https://www.keski-uusimaa.fi/","ei",""
"https://www.keski-hame.fi/","www.keski-hame.fi","Paikallislehdet","localNewspaperLinks.ts","https","ok","","206","158","1","https://www.keski-hame.fi/","ei",""
"https://www.kemionsaari.fi/vapaa-aika-ja-kulttuuri/urheilu-liikunta/liikunta/","www.kemionsaari.fi","Liikunta","localExerciseLinks.ts","https","ok","","200","102","1","https://www.kemionsaari.fi/vapaa-aika-ja-kulttuuri/urheilu-liikunta/liikunta/","ei",""
"https://www.kemi.fi/en/","www.kemi.fi","Kuntien kieliversiot","municipalityWebsiteLocales.ts","https","ok","","200","16","1","https://www.kemi.fi/en/","ei",""
"https://www.kerava.fi/","www.kerava.fi","Kuntien verkkosivut","municipalityWebsites.ts","https","ok","","200","215","1","https://www.kerava.fi/","ei",""
"https://www.keski-uusimaa.fi/feed/rss/","www.keski-uusimaa.fi","Paikallisuutiset","localNewspaperFeeds.ts","https","ok","","206","64","1","https://www.keski-uusimaa.fi/feed/rss/","ei",""
"https://www.keskilaakso.fi/","www.keskilaakso.fi","Paikallislehdet","localNewspaperLinks.ts","https","ok","","206","198","1","https://www.keskilaakso.fi/","ei",""
"https://www.kielitoimistonsanakirja.fi/","Kielitoimiston sanakirja","Valtakunnalliset palvelut","constants.tsx","https","ok","","206","170","1","https://www.kielitoimistonsanakirja.fi/","ei",""
"https://www.keusote.fi/","www.keusote.fi","Paikalliset palvelut","localServices.ts","https","ok","","200","40","1","https://www.keusote.fi/","ei",""
"https://www.kemijarvi.fi/fi/asukkaalle/hyvinvointipalvelut/kulttuuri_ja_vapaa-ajanpalvelut/kirjasto/","www.kemijarvi.fi","Digiopastus","seniorSurfGuidancePlaces.ts","https","ok","","200","836","1","https://kemijarvi.fi/vapaa-aika-ja-matkailu/kirjasto/","ei",""
"https://www.kela.fi/taksimatkat","www.kela.fi","Kela-taksit","localKelaTaxiNumbers.ts","https","ok","","200","206","1","https://www.kela.fi/taksimatkat","ei",""
"https://www.keuruu.fi/","www.keuruu.fi","Kuntien verkkosivut","municipalityWebsites.ts","https","ok","","200","239","1","https://keuruu.fi/","ei",""
"https://www.kirjasampo.fi/","Kirjasampo","Valtakunnalliset palvelut","constants.tsx","https","ok","","200","37","1","https://www.kirjasampo.fi/","ei",""
"https://www.kinnula.fi/","www.kinnula.fi","Kuntien verkkosivut","municipalityWebsites.ts","https","ok","","206","88","1","https://www.kinnula.fi/","ei",""
"https://www.keusote.fi/ajankohtaista/","www.keusote.fi","Paikalliset palvelut","localServices.ts","https","ok","","200","9","1","https://www.keusote.fi/ajankohtaista/","ei",""
"https://www.kihnio.fi/","www.kihnio.fi","Kuntien verkkosivut","municipalityWebsites.ts","https","ok","","200","357","1","https://www.kihnio.fi/fi","ei",""
"https://www.kimitoon.fi/","www.kimitoon.fi","Kuntien kieliversiot","municipalityWebsiteLocales.ts","https","ok","","200","106","1","https://www.kimitoon.fi/","ei",""
"https://www.keuruu.fi/vapaa-aika-ja-kulttuuri/kirjasto/palvelut/asiakaskoneet-ja-digipalvelut","www.keuruu.fi","Digiopastus","seniorSurfGuidancePlaces.ts","https","failed","http_status_error","404","272","1","https://keuruu.fi/vapaa-aika-ja-kulttuuri/kirjasto/palvelut/asiakaskoneet-ja-digipalvelut","ei",""
"https://www.kela.fi/soita-kelaan/","Kela - eläkkeet ja eläkkeensaajan asumistuki","Valtakunnalliset palvelut","constants.tsx","https","ok","","200","87","1","https://www.kela.fi/soita-kelaan","ei",""
"https://www.kitee.fi/","www.kitee.fi","Kuntien verkkosivut","municipalityWebsites.ts","https","ok","","200","125","1","https://www.kitee.fi/","ei",""
"https://www.kitee.fi/ru/web/rus","www.kitee.fi","Kuntien kieliversiot","municipalityWebsiteLocales.ts","https","ok","","200","108","1","https://www.kitee.fi/ru/web/rus","ei",""
"https://www.kiasma.fi/","Kiasma","Yhdistykset ja yhteisöt","communityLinks.ts","https","ok","","200","880","1","https://kiasma.fi/","ei",""
"https://www.kirjastot.fi/","Kirjastot.fi","Valtakunnalliset palvelut","constants.tsx","https","ok","","200","609","1","https://www.kirjastot.fi/","ei",""
"https://www.kivijarvi.fi/","www.kivijarvi.fi","Kuntien verkkosivut","municipalityWebsites.ts","https","ok","","200","96","1","https://www.kivijarvi.fi/","ei",""
"https://www.kivijarvi.fi/rss.xml","www.kivijarvi.fi","Kuntauutiset","municipalityNewsFeeds.ts","https","ok","","200","23","1","https://www.kivijarvi.fi/rss.xml","ei",""
"https://www.kitee.fi/joukkoliikenne","Kitee palveluliikenne","Liikenne","localServiceTransportLinks.ts","https","ok","","200","126","1","https://www.kitee.fi/joukkoliikenne","ei",""
"https://www.kivijarvi.fi/english","www.kivijarvi.fi","Kuntien kieliversiot","municipalityWebsiteLocales.ts","https","ok","","200","58","1","https://www.kivijarvi.fi/english","ei",""
"https://www.kirkkojakaupunki.fi/","Kirkko ja kaupunki","Valtakunnalliset palvelut","constants.tsx","https","ok","","200","800","1","https://www.kirkkojakaupunki.fi/","ei",""
"https://www.kitee.fi/ohjattu-liikunta","www.kitee.fi","Liikunta","localExerciseLinks.ts","https","ok","","200","121","1","https://www.kitee.fi/ohjattu-liikunta","ei",""
"https://www.koillis-savo.fi/","www.koillis-savo.fi","Paikallislehdet","localNewspaperLinks.ts","https","ok","","206","250","1","https://www.koillis-savo.fi/","ei",""
"https://www.kitee.fi/en/web/eng","www.kitee.fi","Kuntien kieliversiot","municipalityWebsiteLocales.ts","https","ok","","200","82","1","https://www.kitee.fi/en/web/eng","ei",""
"https://www.koillis-savo.fi/feed/rss/","www.koillis-savo.fi","Paikallisuutiset","localNewspaperFeeds.ts","https","ok","","206","125","1","https://www.koillis-savo.fi/feed/rss/","ei",""
"https://www.koivistonauto.fi/","Koiviston Auto","Valtakunnalliset palvelut","constants.tsx","https","ok","","200","201","1","https://www.koivistonauto.fi/","ei",""
"https://www.kkv.fi/kuluttajaneuvonta/","Kuluttajaneuvonta","Valtakunnalliset palvelut","constants.tsx","https","ok","","200","604","1","https://www.kkv.fi/kuluttaja-asiat/kuluttajaneuvonta/","ei",""
"https://www.koillismaanseudunmuisti.fi/","Koillismaan Seudun Muisti ry","Yhdistykset ja yhteisöt","communityLinks.ts","https","ok","","200","248","1","https://www.koillismaanseudunmuisti.fi/","ei",""
"https://www.keskipohjanmaa.fi/","www.keskipohjanmaa.fi","Paikalliset palvelut","localServices.ts","https","ok","","200","1869","1","https://www.keskipohjanmaa.fi/","ei",""
"https://www.klockrike.fi/sv/start/","Klockriketeatern","Valtakunnalliset palvelut","constants.tsx","https","ok","","200","779","1","https://klockrike.fi/en/","ei",""
"https://www.koillissanomat.fi/","www.koillissanomat.fi","Paikallislehdet","localNewspaperLinks.ts","https","ok","","200","311","1","https://www.koillissanomat.fi/","ei",""
"https://www.kiuruvesi.fi/","www.kiuruvesi.fi","Kuntien verkkosivut","municipalityWebsites.ts","https","ok","","200","2068","1","https://kiuruvesi.fi/","ei",""
"https://www.kirkkonummi.verkkokirjasto.fi/","Kirkkonummen kirjasto","Paikalliset palvelut","localServices.ts","https","ok","","200","2608","1","https://www.kirkkonummi.verkkokirjasto.fi/","ei",""
"https://www.kirkkonummi.verkkokirjasto.fi/-/digineuvonta","www.kirkkonummi.verkkokirjasto.fi","Digiopastus","seniorSurfGuidancePlaces.ts","https","ok","","200","242","1","https://www.kirkkonummi.verkkokirjasto.fi/-/digineuvonta","ei",""
"https://www.kokar.ax/","www.kokar.ax","Kuntien kieliversiot","municipalityWebsiteLocales.ts","https","ok","","200","2249","1","https://www.kokar.ax/","ei",""
"https://www.kokar.ax/blog-feed.xml","www.kokar.ax","Kuntauutiset","municipalityNewsFeeds.ts","https","ok","","206","205","1","https://www.kokar.ax/blog-feed.xml","ei",""
"https://www.komediateatteri.fi/","Tampereen Komediateatteri","Valtakunnalliset palvelut","constants.tsx","https","ok","","200","134","1","https://www.komediateatteri.fi/","ei",""
"https://www.kokkola.fi/","www.kokkola.fi","Kuntien verkkosivut","municipalityWebsites.ts","https","ok","","200","3094","1","https://www.kokkola.fi/","ei",""
"https://www.kolari.fi/","www.kolari.fi","Kuntien verkkosivut","municipalityWebsites.ts","https","ok","","200","1374","1","https://www.kolari.fi/fi","ei",""
"https://www.kontiolahti.fi/","www.kontiolahti.fi","Kuntien verkkosivut","municipalityWebsites.ts","https","ok","","200","25","1","https://www.kontiolahti.fi/","ei",""
"https://www.komiat.fi/","www.komiat.fi","Paikallislehdet","localNewspaperLinks.ts","https","ok","","200","255","1","https://www.komiat.fi/","ei",""
"https://www.kontiolahti.fi/feed/","www.kontiolahti.fi","Kuntauutiset","municipalityNewsFeeds.ts","https","ok","","200","145","1","https://www.kontiolahti.fi/feed/","ei",""
"https://www.kontiolahti.fi/asuminen-ja-ymparisto/asuinymparisto-ja-liikenne/asiointiliikenne/","Kontiolahti palveluliikenne","Liikenne","localServiceTransportLinks.ts","https","ok","","200","24","1","https://www.kontiolahti.fi/asuminen-ja-ymparisto/asuinymparisto-ja-liikenne/asiointiliikenne/","ei",""
"https://www.kontiolahti.fi/ohjattu-liikunta","www.kontiolahti.fi","Liikunta","localExerciseLinks.ts","https","ok","","200","152","1","https://www.kontiolahti.fi/hyvinvointi-ja-vapaa-aika/liikunta/ohjattu-liikunta-ja-liikuntaneuvonta/","ei",""
"https://www.kokar.ax/kommunens-service","www.kokar.ax","Digiopastus","seniorSurfGuidancePlaces.ts","https","ok","","200","1060","1","https://www.kokar.ax/kommunens-service","ei",""
"https://www.kolari.fi/fi/asuminen-ja-ymparisto/asuminen/palveluliikenne","Kolari palveluliikenne","Liikenne","localServiceTransportLinks.ts","https","ok","","200","1176","1","https://www.kolari.fi/fi/asuminen-ja-ymparisto/asuminen/palveluliikenne","ei",""
"https://www.kotikarjala.fi/","www.kotikarjala.fi","Paikallislehdet","localNewspaperLinks.ts","https","ok","","206","237","1","https://www.kotikarjala.fi/","ei",""
"https://www.korsnas.fi/","www.korsnas.fi","Kuntien kieliversiot","municipalityWebsiteLocales.ts","https","ok","","200","888","1","https://www.korsnas.fi/","ei",""
"https://www.kotikokki.net/","Kotikokki","Valtakunnalliset palvelut","constants.tsx","https","ok","","200","100","1","https://www.kotikokki.net/","ei",""
"https://www.kotka.fi/","www.kotka.fi","Kuntien verkkosivut","municipalityWebsites.ts","https","ok","","200","105","1","https://www.kotka.fi/","ei",""
"https://www.kokkola.fi/asuminen-ja-ymparisto/kadut-ja-liikenne/joukkoliikenne/","Kokkolan kaupunkiliikenne BYSSE","Paikalliset palvelut","localServices.ts","https","ok","","200","1395","1","https://www.kokkola.fi/asuminen-ja-ymparisto/kadut-ja-liikenne/joukkoliikenne/","ei",""
"https://www.kotka.fi/ikaantyneet/","www.kotka.fi","Senioripalvelut","localSeniorLinks.ts","https","ok","","200","8","1","https://www.kotka.fi/ikaantyneet/","ei",""
"https://www.korsnas.fi/feed/","www.korsnas.fi","Kuntauutiset","municipalityNewsFeeds.ts","https","ok","","200","339","1","https://www.korsnas.fi/feed/","ei",""
"https://www.kotkanteatteri.fi/","Kotkan Kaupunginteatteri","Valtakunnalliset palvelut","constants.tsx","https","ok","","200","218","1","https://www.kotkanteatteri.fi/","ei",""
"https://www.kokkola.fi/feed/","www.kokkola.fi","Kuntauutiset","municipalityNewsFeeds.ts","https","ok","","200","884","1","https://www.kokkola.fi/feed/","ei",""
"https://www.kouvola.fi/","www.kouvola.fi","Kuntien verkkosivut","municipalityWebsites.ts","https","ok","","200","33","1","https://www.kouvola.fi/","ei",""
"https://www.kouvola.fi/asuminen-ja-ymparisto/kadut-ja-liikenne/joukkoliikenne/","Kouvola palveluliikenne","Liikenne","localServiceTransportLinks.ts","https","ok","","200","4","1","https://www.kouvola.fi/asuminen-ja-ymparisto/kadut-ja-liikenne/joukkoliikenne/","ei",""
"https://www.kouvola.fi/en/","www.kouvola.fi","Kuntien kieliversiot","municipalityWebsiteLocales.ts","https","ok","","200","3","1","https://www.kouvola.fi/en/","ei",""
"https://www.kouvola.fi/feed/","www.kouvola.fi","Kuntauutiset","municipalityNewsFeeds.ts","https","ok","","200","954","1","https://www.kouvola.fi/feed/","ei",""
"https://www.kotka.fi/vapaa-aika/liikunta/liikuntaryhmat/","www.kotka.fi","Liikunta","localExerciseLinks.ts","https","ok","","200","7","1","https://www.kotka.fi/vapaa-aika/liikunta/liikuntaryhmat/","ei",""
"https://www.kotka.fi/en/","www.kotka.fi","Kuntien kieliversiot","municipalityWebsiteLocales.ts","https","ok","","200","8","1","https://www.kotka.fi/en/","ei",""
"https://www.kokkola.fi/en/","www.kokkola.fi","Kuntien kieliversiot","municipalityWebsiteLocales.ts","https","ok","","200","1236","1","https://www.kokkola.fi/en/","ei",""
"https://www.kouvola.fi/ikaantyneet","www.kouvola.fi","Senioripalvelut","localSeniorLinks.ts","https","ok","","200","353","1","https://www.kouvola.fi/hyvinvointi-ja-terveys/voi-hyvin/ikaantyneet/","ei",""
"https://www.kouvola.fi/vapaa-aika/liikunta/liikkumaan/liikuntaneuvonta/","www.kouvola.fi","Liikunta","localExerciseLinks.ts","https","ok","","200","6","1","https://www.kouvola.fi/vapaa-aika/liikunta/liikkumaan/liikuntaneuvonta/","ei",""
"https://www.kotka.fi/feed/","www.kotka.fi","Kuntauutiset","municipalityNewsFeeds.ts","https","ok","","200","135","1","https://www.kotka.fi/feed/","ei",""
"https://www.kouvolansanomat.fi/","www.kouvolansanomat.fi","Paikalliset palvelut","localServices.ts","https","ok","","206","81","1","https://www.kouvolansanomat.fi/","ei",""
"https://www.kotka.fi/ru/","www.kotka.fi","Kuntien kieliversiot","municipalityWebsiteLocales.ts","https","ok","","200","36","1","https://www.kotka.fi/ru/","ei",""
"https://www.kotka.fi/asioi-ja-osallistu/digituki/taalta-loydat-digitukea/","www.kotka.fi","Digiopastus","seniorSurfGuidancePlaces.ts","https","ok","","200","9","1","https://www.kotka.fi/asioi-ja-osallistu/digituki/taalta-loydat-digitukea/","ei",""
"https://www.krell.fi/","KRELLI Kristilliset Eläkeläiset ry","Yhdistykset ja yhteisöt","communityLinks.ts","https","ok","","200","153","1","https://www.krell.fi/","ei",""
"https://www.kotokartanosaatio.fi/toiminta/digiopastus/","www.kotokartanosaatio.fi","Digiopastus","seniorSurfGuidancePlaces.ts","https","ok","","200","2119","1","https://www.kotokartanosaatio.fi/toiminta/digiopastus/","ei",""
"https://www.kouvola.fi/kouvolankaupunki/asiointi/digituki-2/digituki-yhteisotiloissa/","www.kouvola.fi","Digiopastus","seniorSurfGuidancePlaces.ts","https","failed","http_status_error","404","339","1","https://www.kouvola.fi/kouvolankaupunki/asiointi/digituki-2/digituki-yhteisotiloissa/","ei",""
"https://www.kouvola.fi/ru/","www.kouvola.fi","Kuntien kieliversiot","municipalityWebsiteLocales.ts","https","ok","","200","6","1","https://www.kouvola.fi/ru/","ei",""
"https://www.krell.fi/yhdistykset/","KRELLI paikallisyhdistykset","Yhdistykset ja yhteisöt","communityLinks.ts","https","ok","","200","27","1","https://www.krell.fi/yhdistykset/","ei",""
"https://www.kouvolanteatteri.fi/","Kouvolan Teatteri","Valtakunnalliset palvelut","constants.tsx","https","ok","","200","481","1","https://kouvolanteatteri.fi/","ei",""
"https://www.kouvola.fi/koutsi/","Koutsi","Valtakunnalliset palvelut","constants.tsx","https","ok","","200","115","1","https://www.kouvola.fi/asuminen-ja-ymparisto/kadut-ja-liikenne/joukkoliikenne/","ei",""
"https://www.ksml.fi/","www.ksml.fi","Paikallislehdet","localNewspaperLinks.ts","https","ok","","206","110","1","https://www.ksml.fi/","ei",""
"https://www.ksml.fi/feed/rss/","www.ksml.fi","Paikallisuutiset","localNewspaperFeeds.ts","https","ok","","206","47","1","https://www.ksml.fi/feed/rss/","ei",""
"https://www.ktpbasket.fi/","KTP-Basket","Urheiluseurat","localSportsClubs.ts","https","ok","","200","398","1","https://ktpbasket.fi/","ei",""
"https://www.kssry.fi/j%C3%A4seninfo/tietotekniikkatuki","www.kssry.fi","Digiopastus","seniorSurfGuidancePlaces.ts","https","ok","","200","376","1","https://www.kssry.fi/j%C3%A4seninfo/tietotekniikkatuki","ei",""
"https://www.kuhmo.fi/","www.kuhmo.fi","Kuntien verkkosivut","municipalityWebsites.ts","https","ok","","200","479","1","https://www.kuhmo.fi/","ei",""
"https://www.kristinestad.fi/","www.kristinestad.fi","Kuntien kieliversiot","municipalityWebsiteLocales.ts","https","ok","","200","1440","1","https://www.kristinestad.fi/","ei",""
"https://www.kuhmoinen.fi/","www.kuhmoinen.fi","Kuntien verkkosivut","municipalityWebsites.ts","https","ok","","200","191","1","https://www.kuhmoinen.fi/","ei","empty_page"
"https://www.kristinestad.fi/asuminen-ja-ymparisto/palveluliikenne","Kristiinankaupunki palveluliikenne","Liikenne","localServiceTransportLinks.ts","https","ok","","200","198","1","https://www.kristinestad.fi/asuminen-ja-ymparisto/palveluliikenne","ei",""
"https://www.kronoby.fi/","www.kronoby.fi","Kuntien verkkosivut","municipalityWebsites.ts","https","ok","","200","1598","1","https://www.kronoby.fi/","ei",""
"https://www.kuhmoinen.fi/asuminen%20ja%20ymp%C3%A4rist%C3%B6/kadut%20ja%20liikenne/julkinen%20liikenne/","Kuhmoisten julkinen liikenne","Paikalliset palvelut","localServices.ts","https","ok","","200","90","1","https://www.kuhmoinen.fi/asuminen%20ja%20ymp%C3%A4rist%C3%B6/kadut%20ja%20liikenne/julkinen%20liikenne/","ei","empty_page"
"https://www.kuhmo.fi/kulttuuri-ja-vapaa-aika/liikunta/liikuntaneuvonta/terveysliikunta/","www.kuhmo.fi","Liikunta","localExerciseLinks.ts","https","ok","","200","360","1","https://www.kuhmo.fi/kulttuuri-ja-vapaa-aika/liikunta/liikuntaneuvonta/terveysliikunta/","ei",""
"https://www.kristinestad.fi/start/","www.kristinestad.fi","Kuntien kieliversiot","municipalityWebsiteLocales.ts","https","ok","","200","104","1","https://www.kristinestad.fi/start/","ei",""
"https://www.kuhmoinen.fi/content/fi/1/373161/Digiopastus.html","www.kuhmoinen.fi","Digiopastus","seniorSurfGuidancePlaces.ts","https","ok","","200","249","1","https://www.kuhmoinen.fi/vapaa-aika%20ja%20liikunta/kirjasto%20ja%20kulttuuri/digiopastus/","ei","empty_page"
"https://www.kuluttajaliitto.fi/hankkeet/huijausinfo/","Huijausinfo","Valtakunnalliset palvelut","constants.tsx","https","ok","","200","48","1","https://www.kuluttajaliitto.fi/hankkeet/huijausinfo/","ei",""
"https://www.kuhmoinen.fi/tapahtumat/Liikuntatapahtumat/198%20-%20Tuolijumppa","www.kuhmoinen.fi","Liikunta","localExerciseLinks.ts","https","ok","","200","110","1","https://www.kuhmoinen.fi/tapahtumat/Liikuntatapahtumat/198%20-%20Tuolijumppa","ei","empty_page"
"https://www.kokkola.fi/sv/","www.kokkola.fi","Kuntien kieliversiot","municipalityWebsiteLocales.ts","https","ok","","200","2490","1","https://www.kokkola.fi/sv/","ei",""
"https://www.kp-75.fi/","KP-75","Urheiluseurat","localSportsClubs.ts","https","ok","","200","2365","1","https://www.kp-75.fi/","ei",""
"https://www.kumppanuustalohilma.fi/hilma/","www.kumppanuustalohilma.fi","Digiopastus","seniorSurfGuidancePlaces.ts","https","ok","","200","47","1","https://www.kumppanuustalohilma.fi/hilma/","ei",""
"https://www.kuhmo.fi/kulttuuri-ja-vapaa-aika/kirjasto/","www.kuhmo.fi","Digiopastus","seniorSurfGuidancePlaces.ts","https","ok","","200","391","1","https://www.kuhmo.fi/kulttuuri-ja-vapaa-aika/kirjasto/","ei",""
"https://www.kuntsari.fi/","www.kuntsari.fi","Paikallislehdet","localNewspaperLinks.ts","https","ok","","206","48","1","https://www.kuntsari.fi/","ei",""
"https://www.kumlinge.ax/","www.kumlinge.ax","Kuntien kieliversiot","municipalityWebsiteLocales.ts","https","ok","","200","187","1","https://www.kumlinge.ax/","ei",""
"https://www.kulukuri.com/fi/joukkoliikenne/bussireitit-juuri-nyt","Kulukuri","Paikalliset palvelut","localServices.ts","https","ok","","200","618","1","https://www.kulukuri.com/fi/joukkoliikenne/bussireitit-juuri-nyt","ei",""
"https://www.kumlinge.ax/en/","www.kumlinge.ax","Kuntien kieliversiot","municipalityWebsiteLocales.ts","https","ok","","200","53","1","https://www.kumlinge.ax/en/","ei",""
"https://www.kumlinge.ax/social-omsorg/aldreomsorg","www.kumlinge.ax","Senioripalvelut","localSeniorLinks.ts","https","ok","","200","62","1","https://www.kumlinge.ax/social-omsorg/aldreomsorg","ei",""
"https://www.kuntsari.fi/feed/","www.kuntsari.fi","Paikallisuutiset","localNewspaperFeeds.ts","https","ok","","200","238","1","https://www.kuntsari.fi/feed/","ei",""
"https://www.kuhmolainen.fi/","www.kuhmolainen.fi","Paikallislehdet","localNewspaperLinks.ts","https","ok","","200","934","1","https://www.kuhmolainen.fi/","ei",""
"https://www.kuopionkaupunginorkesteri.fi/","Kuopion kaupunginorkesteri","Valtakunnalliset palvelut","constants.tsx","https","ok","","200","232","1","https://www.kuopionkaupunginorkesteri.fi/","ei",""
"https://www.kurikankirjastot.fi/","www.kurikankirjastot.fi","Digiopastus","seniorSurfGuidancePlaces.ts","https","ok","","200","28","1","https://www.kurikankirjastot.fi/","ei",""
"https://www.kurikka-lehti.fi/","www.kurikka-lehti.fi","Paikallislehdet","localNewspaperLinks.ts","https","ok","","206","199","1","https://www.kurikka-lehti.fi/","ei",""
"https://www.kuhmolainen.fi/feed","www.kuhmolainen.fi","Paikallisuutiset","localNewspaperFeeds.ts","https","ok","","200","321","1","https://www.kuhmolainen.fi/feed","ei",""
"https://www.kronoby.fi/sv","www.kronoby.fi","Kuntien kieliversiot","municipalityWebsiteLocales.ts","https","ok","","200","1444","1","https://www.kronoby.fi/sv","ei",""
"https://www.kuusamo.fi/","www.kuusamo.fi","Kuntien verkkosivut","municipalityWebsites.ts","https","ok","","200","156","1","https://www.kuusamo.fi/","ei",""
"https://www.kuusamo.fi/asuminen-ja-ymparisto/asuminen/paikallisliikenne/","Kuusamon paikallisliikenne","Paikalliset palvelut","localServices.ts","https","ok","","200","52","1","https://www.kuusamo.fi/asuminen-ja-ymparisto/asuminen/paikallisliikenne/","ei",""
"https://www.kyberturvallisuuskeskus.fi/","Kyberturvallisuuskeskus","Valtakunnalliset palvelut","constants.tsx","https","ok","","200","212","1","https://www.kyberturvallisuuskeskus.fi/fi","ei",""
"https://www.kuy.fi/","Keski-Uudenmaan Yleisurheilu","Urheiluseurat","localSportsClubs.ts","https","ok","","200","294","1","https://www.kuy.fi/","ei",""
"https://www.kyberturvallisuuskeskus.fi/fi/varoitukset","www.kyberturvallisuuskeskus.fi","Huijausvaroitukset","components/ScamAlertsBanner.tsx","https","ok","","200","39","1","https://www.kyberturvallisuuskeskus.fi/fi/varoitukset","ei",""
"https://www.kymensanomat.fi/","www.kymensanomat.fi","Paikalliset palvelut","localServices.ts","https","ok","","206","107","1","https://www.kymensanomat.fi/","ei",""
"https://www.kyronmaa-lehti.fi/","www.kyronmaa-lehti.fi","Paikallislehdet","localNewspaperLinks.ts","https","ok","","206","109","1","https://www.kyronmaa-lehti.fi/","ei",""
"https://www.kyrkslatt.fi/","www.kyrkslatt.fi","Kuntien verkkosivut","municipalityWebsites.ts","https","ok","","200","212","1","https://kyrkslatt.fi/","ei",""
"https://www.kyyjarvi.fi/","www.kyyjarvi.fi","Kuntien verkkosivut","municipalityWebsites.ts","https","ok","","200","123","1","https://www.kyyjarvi.fi/","ei",""
"https://www.kyyjarvi.fi/ikaihmiset","www.kyyjarvi.fi","Senioripalvelut","localSeniorLinks.ts","https","ok","","200","37","1","https://www.kyyjarvi.fi/ikaihmiset","ei",""
"https://www.kyyjarvi.fi/rss.xml","www.kyyjarvi.fi","Kuntauutiset","municipalityNewsFeeds.ts","https","ok","","200","36","1","https://www.kyyjarvi.fi/rss.xml","ei",""
"https://www.kuopio.fi/","Kuopion palvelut","Paikalliset palvelut","localServices.ts","https","ok","","200","1610","1","https://www.kuopio.fi/","ei",""
"https://www.lahdenahkera.fi/","Lahden Ahkera","Urheiluseurat","localSportsClubs.ts","https","ok","","200","188","1","https://www.lahdenahkera.fi/","ei",""
"https://www.lahella.fi/","Lähellä.fi","Valtakunnalliset palvelut","constants.tsx","https","ok","","200","100","1","https://www.lahella.fi/","ei",""
"https://www.kokkola.fi/vapaa-aika/liikunta/ohjattu-liikunta/soveltava-liikunta/","www.kokkola.fi","Liikunta","localExerciseLinks.ts","https","ok","","200","1863","1","https://www.kokkola.fi/vapaa-aika/liikunta/ohjattu-liikunta/soveltava-liikunta/","ei",""
"https://www.lahdenkaupunginteatteri.fi/","Lahden kaupunginteatteri","Valtakunnalliset palvelut","constants.tsx","https","ok","","200","483","1","https://lahdenkaupunginteatteri.fi/","ei",""
"https://www.kut.fi/","Keski-Uudenmaan Teatteri KUT","Valtakunnalliset palvelut","constants.tsx","https","ok","","200","1148","1","https://www.kut.fi/","ei",""
"https://www.kuopio.fi/en/frontpage/","www.kuopio.fi","Kuntien kieliversiot","municipalityWebsiteLocales.ts","https","ok","","200","783","1","https://www.kuopio.fi/en/frontpage/","ei",""
"https://www.lahti.fi/","www.lahti.fi","Kuntien verkkosivut","municipalityWebsites.ts","https","ok","","200","886","1","https://www.lahti.fi/","ei",""
"https://www.laitila.fi/","www.laitila.fi","Kuntien verkkosivut","municipalityWebsites.ts","https","ok","","200","237","1","https://www.laitila.fi/","ei",""
"https://www.laitila.fi/en/","www.laitila.fi","Kuntien kieliversiot","municipalityWebsiteLocales.ts","https","ok","","200","223","1","https://www.laitila.fi/en/","ei",""
"https://www.lahitaksi.fi/","Lähitaksi","Valtakunnalliset palvelut","constants.tsx","https","ok","","200","1393","1","https://www.lahitaksi.fi/fi/","ei",""
"https://www.laitila.fi/palvelut/kirjastopalvelut/","www.laitila.fi","Digiopastus","seniorSurfGuidancePlaces.ts","https","failed","http_status_error","404","164","1","https://www.laitila.fi/palvelut/kirjastopalvelut/","ei",""
"https://www.kuopio.fi/feed/","www.kuopio.fi","Kuntauutiset","municipalityNewsFeeds.ts","https","ok","","200","625","1","https://www.kuopio.fi/feed/","ei",""
"https://www.laitilansanomat.fi/","www.laitilansanomat.fi","Paikallislehdet","localNewspaperLinks.ts","https","ok","","206","49","1","https://www.laitilansanomat.fi/","ei",""
"https://www.lansi-savo.fi/","www.lansi-savo.fi","Paikalliset palvelut","localServices.ts","https","ok","","206","83","1","https://www.lansi-savo.fi/","ei",""
"https://www.laitila.fi/uk/","www.laitila.fi","Kuntien kieliversiot","municipalityWebsiteLocales.ts","https","ok","","200","213","1","https://www.laitila.fi/uk/","ei",""
"https://www.lansi-uusimaa.fi/","www.lansi-uusimaa.fi","Paikalliset palvelut","localServices.ts","https","ok","","206","148","1","https://www.lansi-uusimaa.fi/","ei",""
"https://www.laitilansanomat.fi/feed/","www.laitilansanomat.fi","Paikallisuutiset","localNewspaperFeeds.ts","https","ok","","206","241","1","https://www.laitilansanomat.fi/feed/","ei",""
"https://www.lansivayla.fi/","www.lansivayla.fi","Paikallislehdet","localNewspaperLinks.ts","https","ok","","206","115","1","https://www.lansivayla.fi/","ei",""
"https://www.lahti.fi/kaupunki-ja-paatoksenteko/palvelutori/","www.lahti.fi","Digiopastus","seniorSurfGuidancePlaces.ts","https","ok","","200","1040","1","https://www.lahti.fi/kaupunki-ja-paatoksenteko/palvelutori/","ei",""
"https://www.lansivayla.fi/feed/rss/","www.lansivayla.fi","Paikallisuutiset","localNewspaperFeeds.ts","https","ok","","206","57","1","https://www.lansivayla.fi/feed/rss/","ei",""
"https://www.lansilinjat.fi/","Länsilinjat","Valtakunnalliset palvelut","constants.tsx","https","ok","","200","275","1","https://lansilinjat.fi/","ei",""
"https://www.laitila.fi/asiointiliikenne/","Laitila palveluliikenne","Liikenne","localServiceTransportLinks.ts","https","ok","","200","208","1","https://www.laitila.fi/asiointiliikenne/","ei",""
"https://www.laukaa-konnevesi.fi/","www.laukaa-konnevesi.fi","Paikallislehdet","localNewspaperLinks.ts","https","ok","","206","218","1","https://www.laukaa-konnevesi.fi/","ei",""
"https://www.lapuansanomat.fi/","www.lapuansanomat.fi","Paikallislehdet","localNewspaperLinks.ts","https","ok","","206","239","1","https://www.lapuansanomat.fi/etusivu-6.8.a67b46ef78","ei",""
"https://www.laukaa.fi/","www.laukaa.fi","Kuntien verkkosivut","municipalityWebsites.ts","https","ok","","200","45","1","https://www.laukaa.fi/","ei",""
"https://www.laukaa.fi/asukkaat/palvelut-kohderyhmittain/ikaihmiset/","www.laukaa.fi","Senioripalvelut","localSeniorLinks.ts","https","ok","","200","3","1","https://www.laukaa.fi/asukkaat/palvelut-kohderyhmittain/ikaihmiset/","ei",""
"https://www.laukaa.fi/en/","www.laukaa.fi","Kuntien kieliversiot","municipalityWebsiteLocales.ts","https","ok","","200","93","1","https://www.laukaa.fi/en/","ei",""
"https://www.lapinkansa.fi/","www.lapinkansa.fi","Paikalliset palvelut","localServices.ts","https","ok","","200","379","1","https://www.lapinkansa.fi/","ei",""
"https://www.laukaa-konnevesi.fi/feed/rss","www.laukaa-konnevesi.fi","Paikallisuutiset","localNewspaperFeeds.ts","https","ok","","206","169","1","https://www.laukaa-konnevesi.fi/feed/rss","ei",""
"https://www.lappeenranta.fi/fi/kulttuuri-ja-liikunta/lappeenrannan-museot/museot/lappeenrannan-taidemuseo","Lappeenrannan taidemuseo","Yhdistykset ja yhteisöt","communityLinks.ts","https","ok","","200","243","1","https://www.lappeenranta.fi/fi/kulttuuri-ja-liikunta/lappeenrannan-museot/museot/lappeenrannan-taidemuseo","ei",""
"https://www.lemland.ax/","www.lemland.ax","Kuntien kieliversiot","municipalityWebsiteLocales.ts","https","ok","","200","105","1","https://www.lemland.ax/","ei",""
"https://www.lempaala.fi/","www.lempaala.fi","Kuntien verkkosivut","municipalityWebsites.ts","https","ok","","200","73","1","https://www.lempaala.fi/","ei",""
"https://www.lempaala.fi/briefly-in-english/","www.lempaala.fi","Kuntien kieliversiot","municipalityWebsiteLocales.ts","https","ok","","200","10","1","https://www.lempaala.fi/briefly-in-english/","ei",""
"https://www.kuopio.fi/ru/%d0%b3%d0%bb%d0%b0%d0%b2%d0%bd%d0%b0%d1%8f-%d1%81%d1%82%d1%80%d0%b0%d0%bd%d0%b8%d1%86%d0%b0-%d1%81%d0%b0%d0%b9%d1%82%d0%b0/","www.kuopio.fi","Kuntien kieliversiot","municipalityWebsiteLocales.ts","https","ok","","200","1075","1","https://www.kuopio.fi/ru/%d0%b3%d0%bb%d0%b0%d0%b2%d0%bd%d0%b0%d1%8f-%d1%81%d1%82%d1%80%d0%b0%d0%bd%d0%b8%d1%86%d0%b0-%d1%81%d0%b0%d0%b9%d1%82%d0%b0/","ei",""
"https://www.lempaala.fi/hyvinvointi-ja-vapaa-aika/liikunta-ja-ulkoilu/ohjattu-liikunta/","www.lempaala.fi","Liikunta","localExerciseLinks.ts","https","ok","","200","33","1","https://www.lempaala.fi/hyvinvointi-ja-vapaa-aika/liikunta-ja-ulkoilu/ohjattu-liikunta/","ei",""
"https://www.laukaa.fi/sv/","www.laukaa.fi","Kuntien kieliversiot","municipalityWebsiteLocales.ts","https","ok","","200","401","1","https://www.laukaa.fi/","ei",""
"https://www.lempaala.fi/tiedotteet/lempaalanpalveluliikenne/","Lempäälä palveluliikenne","Liikenne","localServiceTransportLinks.ts","https","ok","","200","80","1","https://www.lempaala.fi/tiedotteet/lempaalanpalveluliikenne/","ei",""
"https://www.lahti.fi/vapaa-aika/liikunta-ja-ulkoilu/ohjattu-liikunta-ja-liikuntaneuvonta/","www.lahti.fi","Liikunta","localExerciseLinks.ts","https","ok","","200","813","1","https://www.lahti.fi/vapaa-aika/liikunta-ja-ulkoilu/ohjattu-liikunta-ja-liikuntaneuvonta/","ei",""
"https://www.lemland.ax/aldreomsorg","www.lemland.ax","Senioripalvelut","localSeniorLinks.ts","https","ok","","200","30","1","https://www.lemland.ax/aldreomsorg","ei",""
"https://www.laukaa.fi/asukkaat/asuminen-ja-ymparisto/kadut-ja-liikenne/joukkoliikenne/","Laukaa palvelulinja","Liikenne","localServiceTransportLinks.ts","https","ok","","200","51","1","https://www.laukaa.fi/asukkaat/asuminen-ja-ymparisto/kadut-ja-liikenne/joukkoliikenne/","ei",""
"https://www.laukaa.fi/vapaa-aika/liikunta/ohjattu-liikunta/","www.laukaa.fi","Liikunta","localExerciseLinks.ts","https","ok","","200","4","1","https://www.laukaa.fi/vapaa-aika/liikunta/ohjattu-liikunta/","ei",""
"https://www.lempaala.fi/kohderyhmat/ikaihmiset/","www.lempaala.fi","Senioripalvelut","localSeniorLinks.ts","https","ok","","200","31","1","https://www.lempaala.fi/kohderyhmat/ikaihmiset/","ei",""
"https://www.lieksa.fi/","www.lieksa.fi","Kuntien verkkosivut","municipalityWebsites.ts","https","ok","","200","133","1","https://www.lieksa.fi/","ei",""
"https://www.lieksanlehti.fi/","www.lieksanlehti.fi","Paikallislehdet","localNewspaperLinks.ts","https","ok","","206","189","1","https://www.lieksanlehti.fi/","ei",""
"https://www.lieksa.fi/asuminen-ja-ymparisto/asuminen/kuljetus-liikennointi-joukkoliikenne/","Lieksa asiointiliikenne","Liikenne","localServiceTransportLinks.ts","https","ok","","200","65","1","https://www.lieksa.fi/asuminen-ja-ymparisto/asuminen/kuljetus-liikennointi-joukkoliikenne/","ei",""
"https://www.liminka.fi/","www.liminka.fi","Kuntien verkkosivut","municipalityWebsites.ts","https","ok","","200","57","1","https://www.liminka.fi/","ei",""
"https://www.lieto.fi/feed/","www.lieto.fi","Kuntauutiset","municipalityNewsFeeds.ts","https","ok","","200","277","1","https://www.lieto.fi/feed/","ei",""
"https://www.kuopio.fi/vapaa-aika-ja-hyvinvointi/liikkuva-kuopio/vertaisohjattu-liikunta/vertaisohjatut-liikuntarymat/","www.kuopio.fi","Liikunta","localExerciseLinks.ts","https","failed","http_status_error","404","584","1","https://www.kuopio.fi/vapaa-aika-ja-hyvinvointi/liikkuva-kuopio/vertaisohjattu-liikunta/vertaisohjatut-liikuntarymat/","ei",""
"https://www.lieksanlehti.fi/feed/rss","www.lieksanlehti.fi","Paikallisuutiset","localNewspaperFeeds.ts","https","ok","","206","158","1","https://www.lieksanlehti.fi/feed/rss","ei",""
"https://www.lieksa.fi/asuminen-ja-ymparisto/asuminen/kuljetus-liikennointi-joukkoliikenne/linja-autot/","Lieksan linja-autot","Paikalliset palvelut","localServices.ts","https","ok","","200","56","1","https://www.lieksa.fi/asuminen-ja-ymparisto/asuminen/kuljetus-liikennointi-joukkoliikenne/linja-autot/","ei",""
"https://www.lieto.fi/palvelut-ja-asiointi/ikaihmisten-palvelut/","www.lieto.fi","Senioripalvelut","localSeniorLinks.ts","https","ok","","200","229","1","https://www.lieto.fi/palvelut-ja-asiointi/ikaihmisten-palvelut/","ei",""
"https://www.liperi.fi/","www.liperi.fi","Kuntien verkkosivut","municipalityWebsites.ts","https","ok","","200","134","1","https://www.liperi.fi/","ei",""
"https://www.linjaliikennenyholm.fi/","V-S Bussipalvelut","Valtakunnalliset palvelut","constants.tsx","https","ok","","206","464","1","https://linjaliikennenyholm.fi/","ei",""
"https://www.liperi.fi/vapaa-aika/liikunta-ja-ulkoilu/ohjattu-liikunta/","www.liperi.fi","Liikunta","localExerciseLinks.ts","https","ok","","200","45","1","https://www.liperi.fi/vapaa-aika/liikunta-ja-ulkoilu/ohjattu-liikunta/","ei",""
"https://www.lahti.fi/en/","www.lahti.fi","Kuntien kieliversiot","municipalityWebsiteLocales.ts","https","ok","","200","861","1","https://www.lahti.fi/en/","ei",""
"https://www.linkedin.com/","LinkedIn","Valtakunnalliset palvelut","constants.tsx","https","ok","","200","312","1","https://www.linkedin.com/","ei",""
"https://www.lohja.fi/","www.lohja.fi","Kuntien verkkosivut","municipalityWebsites.ts","https","ok","","200","71","1","https://www.lohja.fi/","ei",""
"https://www.liminka.fi/kulttuuri-ja-vapaa-aika/liikuntapalvelut/soveltava-liikunta/","www.liminka.fi","Liikunta","localExerciseLinks.ts","https","ok","","200","953","1","https://www.liminka.fi/kulttuuri-ja-vapaa-aika/liikuntapalvelut/soveltava-liikunta/","ei",""
"https://www.lahti.fi/feed/","www.lahti.fi","Kuntauutiset","municipalityNewsFeeds.ts","https","ok","","200","456","1","https://www.lahti.fi/feed/","ei",""
"https://www.lohja.fi/kulttuuri-vapaa-aika-liikunta/liikunta/senioriliikunta/","www.lohja.fi","Liikunta","localExerciseLinks.ts","https","ok","","200","682","1","https://www.lohja.fi/kulttuuri-vapaa-aika-liikunta/liikunta/senioriliikunta/","ei",""
"https://www.lohjansydan.fi/toiminta/digitoiminta","www.lohjansydan.fi","Digiopastus","seniorSurfGuidancePlaces.ts","https","failed","http_status_error","404","321","1","https://www.lohjansydan.fi/toiminta/digitoiminta","ei",""
"https://www.liminka.fi/feed/","www.liminka.fi","Kuntauutiset","municipalityNewsFeeds.ts","https","ok","","200","483","1","https://www.liminka.fi/feed/","ei",""
"https://www.lohja.fi/sv/","www.lohja.fi","Kuntien kieliversiot","municipalityWebsiteLocales.ts","https","ok","","200","6","1","https://www.lohja.fi/sv/","ei",""
"https://www.loimaa.fi/","www.loimaa.fi","Kuntien verkkosivut","municipalityWebsites.ts","https","ok","","200","68","1","https://www.loimaa.fi/","ei",""
"https://www.loimaa.fi/vapaa-aika/liikunta/ohjattu-liikunta/","www.loimaa.fi","Liikunta","localExerciseLinks.ts","https","ok","","200","4","1","https://www.loimaa.fi/vapaa-aika/liikunta/ohjattu-liikunta/","ei",""
"https://www.loimaanlehti.fi/","www.loimaanlehti.fi","Paikallislehdet","localNewspaperLinks.ts","https","ok","","206","49","1","https://www.loimaanlehti.fi/","ei",""
"https://www.loimaa.fi/asuminen-ja-ymparisto/asuminen-ja-tontit/liikenneyhteydet/","Loimaa kutsutaksiliikenne","Liikenne","localServiceTransportLinks.ts","https","ok","","200","126","1","https://www.loimaa.fi/asuminen-ja-ymparisto/asuminen-ja-tontit/liikenneyhteydet/","ei",""
"https://www.loimaa.fi/en/","www.loimaa.fi","Kuntien kieliversiot","municipalityWebsiteLocales.ts","https","ok","","200","118","1","https://www.loimaa.fi/en/","ei",""
"https://www.loimaanlehti.fi/feed/","www.loimaanlehti.fi","Paikallisuutiset","localNewspaperFeeds.ts","https","ok","","200","278","1","https://www.loimaanlehti.fi/feed/","ei",""
"https://www.lopenlehti.fi/","www.lopenlehti.fi","Paikallislehdet","localNewspaperLinks.ts","https","ok","","206","198","1","https://www.lopenlehti.fi/","ei",""
"https://www.loimaa.fi/vapaa-aika/kirjasto/","www.loimaa.fi","Digiopastus","seniorSurfGuidancePlaces.ts","https","ok","","200","57","1","https://www.loimaa.fi/vapaa-aika/kirjasto/","ei",""
"https://www.lohja.fi/asuminen-ja-ymparisto/kadut-ja-liikenne/joukkoliikenne/","Lohja palveluliikenne","Liikenne","localServiceTransportLinks.ts","https","ok","","200","31","1","https://www.lohja.fi/asuminen-ja-ymparisto/kadut-ja-liikenne/joukkoliikenne/","ei",""
"https://www.lopenlehti.fi/feed/rss","www.lopenlehti.fi","Paikallisuutiset","localNewspaperFeeds.ts","https","ok","","206","47","1","https://www.lopenlehti.fi/feed/rss","ei",""
"https://www.loviisa.fi/","www.loviisa.fi","Kuntien verkkosivut","municipalityWebsites.ts","https","ok","","200","92","1","https://www.loviisa.fi/","ei",""
"https://www.loviisa.fi/sv/","www.loviisa.fi","Kuntien kieliversiot","municipalityWebsiteLocales.ts","https","ok","","200","3","1","https://www.loviisa.fi/sv/","ei",""
"https://www.loviisa.fi/tiedotteet/kylakyyti-starttaa-tammikuun-puolessa-valissa/","Loviisa palveluliikenne","Liikenne","localServiceTransportLinks.ts","https","ok","","200","3","1","https://www.loviisa.fi/tiedotteet/kylakyyti-starttaa-tammikuun-puolessa-valissa/","ei",""
"https://www.loppi.fi/","www.loppi.fi","Kuntien verkkosivut","municipalityWebsites.ts","https","ok","","200","193","1","https://www.loppi.fi/","ei",""
"https://www.loviisa.fi/en/","www.loviisa.fi","Kuntien kieliversiot","municipalityWebsiteLocales.ts","https","ok","","200","101","1","https://www.loviisa.fi/en/","ei",""
"https://www.lestijoki.fi/","www.lestijoki.fi","Paikallislehdet","localNewspaperLinks.ts","https","ok","","200","2616","1","https://www.lestijoki.fi/","ei",""
"https://www.loviisansanomat.fi/","www.loviisansanomat.fi","Paikallislehdet","localNewspaperLinks.ts","https","ok","","206","198","1","https://www.loviisansanomat.fi/","ei",""
"https://www.loppi.fi/asuminen-ja-ymparisto/joukkoliikenne/","Lopen joukkoliikenne","Paikalliset palvelut","localServices.ts","https","ok","","200","73","1","https://www.loppi.fi/asuminen-ja-ymparisto/joukkoliikenne/","ei",""
"https://www.lohja.fi/feed/","www.lohja.fi","Kuntauutiset","municipalityNewsFeeds.ts","https","ok","","200","521","1","https://www.lohja.fi/feed/","ei",""
"https://www.loviisa.fi/asuminen-ja-ymparisto/liikenne/joukkoliikenne/","Loviisan joukkoliikenne","Paikalliset palvelut","localServices.ts","https","ok","","200","162","1","https://www.loviisa.fi/asuminen-ja-ymparisto/liikenne/joukkoliikenne/","ei",""
"https://www.loviisansanomat.fi/feed/rss","www.loviisansanomat.fi","Paikallisuutiset","localNewspaperFeeds.ts","https","ok","","206","171","1","https://www.loviisansanomat.fi/feed/rss","ei",""
"https://www.luhanka.fi/","www.luhanka.fi","Kuntien verkkosivut","municipalityWebsites.ts","https","ok","","200","564","1","https://www.luhanka.fi/","ei",""
"https://www.lprorkesteri.fi/","Lappeenrannan kaupunginorkesteri","Valtakunnalliset palvelut","constants.tsx","https","ok","","200","686","1","https://www.lprorkesteri.fi/fi","ei",""
"https://www.liperi.fi/vapaa-aika/ikaihmiset/","www.liperi.fi","Senioripalvelut","localSeniorLinks.ts","https","ok","","200","2316","1","https://www.liperi.fi/vapaa-aika/ikaihmiset/","ei",""
"https://www.liperi.fi/feed/","www.liperi.fi","Kuntauutiset","municipalityNewsFeeds.ts","https","ok","","200","51","1","https://www.liperi.fi/feed/","ei",""
"https://www.lsl.fi/","Lahden seudun liikenne","Paikalliset palvelut","localServices.ts","https","ok","","200","651","1","https://www.lsl.fi/","ei",""
"https://www.lumparland.ax/","www.lumparland.ax","Kuntien kieliversiot","municipalityWebsiteLocales.ts","https","ok","","200","104","1","https://www.lumparland.ax/","ei",""
"https://www.lumparland.ax/omsorg/aldreomsorg","www.lumparland.ax","Senioripalvelut","localSeniorLinks.ts","https","ok","","200","31","1","https://www.lumparland.ax/omsorg/aldreomsorg","ei",""
"https://www.luhanka.fi/liikenne/","Luhangan liikenne","Paikalliset palvelut","localServices.ts","https","ok","","200","425","1","https://www.luhanka.fi/liikenne/","ei",""
"https://www.luomus.fi/","Luonnontieteellinen keskusmuseo LUOMUS","Yhdistykset ja yhteisöt","communityLinks.ts","https","ok","","206","200","1","https://www.helsinki.fi/fi/luomus","kyllä",""
"https://www.lumijoki.fi/","www.lumijoki.fi","Kuntien verkkosivut","municipalityWebsites.ts","https","ok","","200","591","1","https://www.lumijoki.fi/","ei",""
"https://www.luontoon.fi/","Luontoon.fi","Valtakunnalliset palvelut","constants.tsx","https","ok","","206","353","1","https://www.luontoon.fi/fi","ei",""
"https://www.lumijoki.fi/feed/","www.lumijoki.fi","Kuntauutiset","municipalityNewsFeeds.ts","https","ok","","206","88","1","https://www.lumijoki.fi/feed/","ei",""
"https://www.luumaenlehti.fi/","www.luumaenlehti.fi","Paikallislehdet","localNewspaperLinks.ts","https","ok","","206","192","1","https://www.luumaenlehti.fi/","ei",""
"https://www.lumijoki.fi/event/tuolijumppa-4-2-2-2-2/","www.lumijoki.fi","Liikunta","localExerciseLinks.ts","https","ok","","200","107","1","https://www.lumijoki.fi/event/tuolijumppa-4-2-2-2-2/","ei",""
"https://www.luumaki.fi/","www.luumaki.fi","Kuntien verkkosivut","municipalityWebsites.ts","https","ok","","200","224","1","https://www.luumaki.fi/fi","ei",""
"https://www.luontoportti.com/","Luontoportti","Valtakunnalliset palvelut","constants.tsx","https","ok","","200","609","1","https://luontoportti.com/","ei",""
"https://www.luumaenlehti.fi/feed/rss/","www.luumaenlehti.fi","Paikallisuutiset","localNewspaperFeeds.ts","https","ok","","206","131","1","https://www.luumaenlehti.fi/feed/rss/","ei",""
"https://www.luhanka.fi/kirjasto","www.luhanka.fi","Digiopastus","seniorSurfGuidancePlaces.ts","https","ok","","200","701","1","https://www.luhanka.fi/kirjasto/","ei",""
"https://www.lymfayhdistys.fi/","Suomen lymfayhdistys","Yhdistykset ja yhteisöt","communityLinks.ts","https","ok","","200","30","1","https://www.lymfayhdistys.fi/","ei",""
"https://www.luvn.fi/","www.luvn.fi","Paikalliset palvelut","localServices.ts","https","ok","","200","296","1","https://www.luvn.fi/fi","ei",""
"https://www.maaseuduntulevaisuus.fi/","Maaseudun Tulevaisuus","Valtakunnalliset palvelut","constants.tsx","https","ok","","206","95","1","https://www.maaseuduntulevaisuus.fi/","ei",""
"https://www.lyhytkasvuiset.fi/","Lyhytkasvuiset","Yhdistykset ja yhteisöt","communityLinks.ts","https","ok","","200","181","1","https://www.lyhytkasvuiset.fi/","ei",""
"https://www.luvn.fi/fi/toimipisteet/palvelukeskus-villa-breda","www.luvn.fi","Digiopastus","seniorSurfGuidancePlaces.ts","https","ok","","200","64","1","https://www.luvn.fi/fi/toimipisteet/palvelukeskus-villa-breda","ei",""
"https://www.luhanka.fi/feed/","www.luhanka.fi","Kuntauutiset","municipalityNewsFeeds.ts","https","ok","","200","257","1","https://www.luhanka.fi/feed/","ei",""
"https://www.maaseuduntulevaisuus.fi/uutiset","www.maaseuduntulevaisuus.fi","Paikalliset palvelut","localServices.ts","https","ok","","206","130","1","https://www.maaseuduntulevaisuus.fi/uutiset","ei",""
"https://www.luvn.fi/fi/haku?q=&type=news","www.luvn.fi","Paikalliset palvelut","localServices.ts","https","ok","","200","79","1","https://www.luvn.fi/fi/haku?q=&type=news","ei",""
"https://www.malax.fi/","www.malax.fi","Kuntien kieliversiot","municipalityWebsiteLocales.ts","https","ok","","200","298","1","https://www.malax.fi/","ei",""
"https://www.malax.fi/en/","www.malax.fi","Kuntien kieliversiot","municipalityWebsiteLocales.ts","https","ok","","200","182","1","https://www.malax.fi/en/","ei",""
"https://www.luhanka.fi/ikaihmiset/","www.luhanka.fi","Senioripalvelut","localSeniorLinks.ts","https","ok","","200","347","1","https://www.luhanka.fi/ikaihmiset/","ei",""
"https://www.mantsalanuutiset.fi/","www.mantsalanuutiset.fi","Paikallislehdet","localNewspaperLinks.ts","https","ok","","206","273","1","https://www.mantsalanuutiset.fi/","ei",""
"https://www.malax.fi/fritid-och-kultur/aktiva-seniorer/","www.malax.fi","Senioripalvelut","localSeniorLinks.ts","https","ok","","200","303","1","https://www.malax.fi/fritid-och-kultur/seniorer/","ei",""
"https://www.mantsalanuutiset.fi/feed/rss/","www.mantsalanuutiset.fi","Paikallisuutiset","localNewspaperFeeds.ts","https","ok","","206","159","1","https://www.mantsalanuutiset.fi/feed/rss/","ei",""
"https://www.manttavilppula.fi/","www.manttavilppula.fi","Kuntien verkkosivut","municipalityWebsites.ts","https","ok","","200","50","1","https://manttavilppula.fi/","ei",""
"https://www.mantsalanuutiset.fi/feed/rss","www.mantsalanuutiset.fi","Paikallisuutiset","localNewspaperFeeds.ts","https","ok","","206","55","1","https://www.mantsalanuutiset.fi/feed/rss","ei",""
"https://www.mantyharju.fi/","www.mantyharju.fi","Kuntien verkkosivut","municipalityWebsites.ts","https","ok","","200","86","1","https://www.mantyharju.fi/","ei",""
"https://www.marfanyhdistys.fi/","Marfan ja sen kaltaiset sairaudet ry","Yhdistykset ja yhteisöt","communityLinks.ts","https","failed","enotfound","","15","1","","ei",""
"https://www.mariehamn.ax/","www.mariehamn.ax","Kuntien kieliversiot","municipalityWebsiteLocales.ts","https","ok","","200","158","1","https://www.mariehamn.ax/","ei",""
"https://www.mariehamn.ax/aldre-och-omsorg","www.mariehamn.ax","Senioripalvelut","localSeniorLinks.ts","https","ok","","200","40","1","https://www.mariehamn.ax/aldre-och-omsorg","ei",""
"https://www.mariehamn.ax/fi","www.mariehamn.ax","Kuntien verkkosivut","municipalityWebsites.ts","https","ok","","200","34","1","https://www.mariehamn.ax/fi","ei",""
"https://www.mantyharju.fi/feed/","www.mantyharju.fi","Kuntauutiset","municipalityNewsFeeds.ts","https","ok","","200","293","1","https://www.mantyharju.fi/feed/","ei",""
"https://www.martat.fi/","Martat","Valtakunnalliset palvelut","constants.tsx","https","ok","","200","54","1","https://www.martat.fi/","ei",""
"https://www.mantyharju.fi/sivut/asuminen-ymparisto/ymparistopalvelut/julkinen-liikenne/","Mäntyharju asiointiliikenne","Liikenne","localServiceTransportLinks.ts","https","ok","","200","21","1","https://www.mantyharju.fi/sivut/asuminen-ymparisto/ymparistopalvelut/julkinen-liikenne/","ei",""
"https://www.lupussuomi.fi/","Lupus Suomi","Yhdistykset ja yhteisöt","communityLinks.ts","https","ok","","200","2322","1","https://lupussuomi.fi/","ei",""
"https://www.martat.fi/marttakoulu/kodinhoito/","Martat - Kodinhoito","Valtakunnalliset palvelut","constants.tsx","https","ok","","200","76","1","https://www.martat.fi/kodinhoito/","ei",""
"https://www.masku.fi/","www.masku.fi","Kuntien verkkosivut","municipalityWebsites.ts","https","ok","","200","73","1","https://masku.fi/","ei",""
"https://www.matkahuolto.fi/","Matkahuolto","Valtakunnalliset palvelut","constants.tsx","https","ok","","206","218","1","https://www.matkahuolto.fi/","ei",""
"https://www.matkahuolto.fi/matkustajat/lamminmaen-liput-kankaanpaa-parkano","A. Lamminmäki Kihniö-Parkano","Paikalliset palvelut","localServices.ts","https","ok","","206","73","1","https://www.matkahuolto.fi/matkustajat/lamminmaen-liput-kankaanpaa-parkano","ei",""
"https://www.matkahuolto.fi/matkustajat/pohjois-savo-joukkis-liput","Joukkis","Paikalliset palvelut","localServices.ts","https","ok","","206","124","1","https://www.matkahuolto.fi/matkustajat/pohjois-savo-joukkis-liput","ei",""
"https://www.matkahuolto.fi/matkustajat/etela-savo-joukkis-liput","Joukkis","Paikalliset palvelut","localServices.ts","https","ok","","206","123","1","https://www.matkahuolto.fi/matkustajat/etela-savo-joukkis-liput","ei",""
"https://www.mattijaliisa.fi/","www.mattijaliisa.fi","Paikallislehdet","localNewspaperLinks.ts","https","ok","","206","200","1","https://www.mattijaliisa.fi/","ei",""
"https://www.matkahuolto.fi/matkustajat/keski-suomen-liput","Keski-Suomen liput","Paikalliset palvelut","localServices.ts","https","ok","","206","84","1","https://www.matkahuolto.fi/matkustajat/keski-suomen-liput","ei",""
"https://www.matkahuolto.fi/matkustajat/kokkola-kristiinankaupunki","INGSVA Go","Paikalliset palvelut","localServices.ts","https","ok","","206","74","1","https://www.matkahuolto.fi/matkustajat/kokkola-kristiinankaupunki","ei",""
"https://www.mattijaliisa.fi/feed/rss/","www.mattijaliisa.fi","Paikallisuutiset","localNewspaperFeeds.ts","https","ok","","206","162","1","https://www.mattijaliisa.fi/feed/rss/","ei",""
"https://www.mehilainen.fi/","Mehiläinen","Valtakunnalliset palvelut","constants.tsx","https","warning","access_limited","429","111","1","https://www.mehilainen.fi/","ei",""
"https://www.mediawiki.org/","www.mediawiki.org","Paikallislehdet","localNewspaperLinks.ts","https","ok","","200","358","1","https://www.mediawiki.org/wiki/MediaWiki","ei",""
"https://www.mantsala.fi/","www.mantsala.fi","Kuntien verkkosivut","municipalityWebsites.ts","https","ok","","200","2737","1","https://www.mantsala.fi/","ei",""
"https://www.mehyvat.fi/","MeHyvät","Yhdistykset ja yhteisöt","communityLinks.ts","https","ok","","200","337","1","https://www.mehyvat.fi/","ei",""
"https://www.merikarvialehti.fi/","www.merikarvialehti.fi","Paikallislehdet","localNewspaperLinks.ts","https","ok","","206","67","1","https://www.merikarvialehti.fi/","ei",""
"https://www.merijarvi.fi/","www.merijarvi.fi","Kuntien verkkosivut","municipalityWebsites.ts","https","ok","","200","134","1","https://www.merijarvi.fi/","ei",""
"https://www.metsa.fi/","Metsähallitus","Valtakunnalliset palvelut","constants.tsx","https","ok","","200","74","1","https://www.metsa.fi/","ei",""
"https://www.merijarvi.fi/hallinto-ja-paatoksenteko/kuntainfo","Merijärven liikenneyhteydet","Paikalliset palvelut","localServices.ts","https","ok","","200","23","1","https://www.merijarvi.fi/hallinto-ja-paatoksenteko/kuntainfo","ei",""
"https://www.mg-yhdistys.fi/","Suomen MG-yhdistys","Yhdistykset ja yhteisöt","communityLinks.ts","https","failed","enotfound","","13","1","","ei",""
"https://www.miehikkala.fi/","www.miehikkala.fi","Kuntien verkkosivut","municipalityWebsites.ts","https","ok","","200","47","1","https://www.miehikkala.fi/","ei",""
"https://www.miehikkala.fi/palvelut/muut-palvelut/joukkoliikenne/","Miehikkälä palveluliikenne","Liikenne","localServiceTransportLinks.ts","https","ok","","200","4","1","https://www.miehikkala.fi/palvelut/muut-palvelut/joukkoliikenne/","ei",""
"https://www.maunula.net/maunula-seura/asukastila-maunulan-mediapaja/","www.maunula.net","Digiopastus","seniorSurfGuidancePlaces.ts","https","ok","","200","1076","1","https://kaupunginosat.fi/maunula/","kyllä",""
"https://www.miilu.fi/","www.miilu.fi","Paikallislehdet","localNewspaperLinks.ts","https","ok","","206","221","1","https://www.miilu.fi/","ei",""
"https://www.mfa.fi/","Arkkitehtuurimuseo","Yhdistykset ja yhteisöt","communityLinks.ts","https","ok","","200","421","1","https://admuseo.fi/","kyllä",""
"https://www.mikkelinsetlementti.fi/ikadigi/sdfghjk/","www.mikkelinsetlementti.fi","Digiopastus","seniorSurfGuidancePlaces.ts","https","failed","http_status_error","404","175","1","https://www.mikkelinsetlementti.fi/ikadigi/sdfghjk/","ei",""
"https://www.miilu.fi/feed/rss/","www.miilu.fi","Paikallisuutiset","localNewspaperFeeds.ts","https","ok","","206","169","1","https://www.miilu.fi/feed/rss/","ei",""
"https://www.mikkeli.fi/mikkelin-taidemuseo","Mikkelin taidemuseo","Yhdistykset ja yhteisöt","communityLinks.ts","https","ok","","200","508","1","https://mikkeli.fi/kulttuuri-ja-vapaa-aika/mikkelin-kaupungin-museot-2/mikkelin-taidemuseo/","ei",""
"https://www.mitokondrioyhdistys.fi/","Mitokondrioyhdistys","Yhdistykset ja yhteisöt","communityLinks.ts","https","failed","enotfound","","12","1","","ei",""
"https://www.meantornionlaakso.fi/","www.meantornionlaakso.fi","Paikallislehdet","localNewspaperLinks.ts","https","ok","","200","2165","1","https://www.meantornionlaakso.fi/","ei",""
"https://www.motiva.fi/","Motiva","Valtakunnalliset palvelut","constants.tsx","https","ok","","200","42","1","https://www.motiva.fi/","ei",""
"https://www.minimi.fi/","Tanssiteatteri Minimi","Valtakunnalliset palvelut","constants.tsx","https","ok","","200","824","1","https://minimi.fi/","ei",""
"https://www.mtv.fi/","MTV Katsomo","Valtakunnalliset palvelut","constants.tsx","https","ok","","206","73","1","https://www.mtv.fi/","ei",""
"https://www.momondo.fi/","Momondo","Valtakunnalliset palvelut","constants.tsx","https","ok","","200","430","1","https://www.momondo.fi/","ei",""
"https://www.mtv.fi/urheilu","MTV Urheilu","Valtakunnalliset palvelut","constants.tsx","https","ok","","206","39","1","https://www.mtv.fi/urheilu","ei",""
"https://www.mukanetti.net/","Mukanetti - ATK-apua","Valtakunnalliset palvelut","constants.tsx","https","ok","","200","153","1","https://www.mukanetti.net/","ei",""
"https://www.mukanetti.net/opastuspaikat/","www.mukanetti.net","Digiopastus","seniorSurfGuidancePlaces.ts","https","ok","","200","33","1","https://www.mukanetti.net/opastuspaikat/","ei",""
"https://www.muonio.fi/","www.muonio.fi","Kuntien verkkosivut","municipalityWebsites.ts","https","ok","","200","132","1","https://www.muonio.fi/","ei",""
"https://www.muistiturku.fi/fi/","Varsinais-Suomen Muistiyhdistys ry / Egentliga Finlands Minnesförening rf","Yhdistykset ja yhteisöt","communityLinks.ts","https","ok","","200","400","1","https://www.muistiturku.fi/fi/","ei",""
"https://www.muonio.fi/en/home.html","www.muonio.fi","Kuntien kieliversiot","municipalityWebsiteLocales.ts","https","ok","","200","46","1","https://www.muonio.fi/en/home.html","ei",""
"https://www.museum.ax/","Ahvenanmaan museo","Yhdistykset ja yhteisöt","communityLinks.ts","https","ok","","200","123","1","https://www.museum.ax/","ei",""
"https://www.museot.fi/","Museot.fi","Valtakunnalliset palvelut","constants.tsx","https","ok","","200","123","1","https://www.museot.fi/","ei",""
"https://www.muonio.fi/asuminen-ja-ymparisto/joukkoliikenne.html","Muonio palveluliikenne","Liikenne","localServiceTransportLinks.ts","https","ok","","200","49","1","https://www.muonio.fi/asuminen-ja-ymparisto/joukkoliikenne.html","ei",""
"https://www.muurame.fi/","www.muurame.fi","Kuntien verkkosivut","municipalityWebsites.ts","https","ok","","200","84","1","https://www.muurame.fi/","ei",""
"https://www.mikkelinteatteri.fi/","Mikkelin Teatteri","Valtakunnalliset palvelut","constants.tsx","https","ok","","200","1855","1","https://mikkelinteatteri.fi/","ei",""
"https://www.muslimifoorumi.fi/kopio-asiantuntijaverkostomme/","Suomen Muslimifoorumi - muslimiyhteisöjä","Valtakunnalliset palvelut","constants.tsx","https","ok","","200","406","1","https://www.muslimifoorumi.fi/kopio-asiantuntijaverkostomme/","ei",""
"https://www.mantsala.fi/asuminen-ja-ymparisto/liikenne-ja-kadut/joukkoliikenne/","Mäntsälän joukkoliikenne","Paikalliset palvelut","localServices.ts","https","ok","","200","2880","1","https://www.mantsala.fi/asuminen-ja-ymparisto/liikenne-ja-kadut/joukkoliikenne/","ei",""
"https://www.muurame.fi/palvelut/ikaihmiset/","www.muurame.fi","Senioripalvelut","localSeniorLinks.ts","https","ok","","200","286","1","https://www.muurame.fi/palvelut/ikaihmiset/","ei",""
"https://www.mynamaki.fi/","www.mynamaki.fi","Kuntien verkkosivut","municipalityWebsites.ts","https","ok","","200","65","1","https://www.mynamaki.fi/","ei",""
"https://www.mynamaki.fi/asuminen-ja-ymparisto/liikenne/joukkoliikenne/","Mynämäki palveluliikenne","Liikenne","localServiceTransportLinks.ts","https","ok","","200","4","1","https://www.mynamaki.fi/asuminen-ja-ymparisto/liikenne/joukkoliikenne/","ei",""
"https://www.mynamaki.fi/english/","www.mynamaki.fi","Kuntien kieliversiot","municipalityWebsiteLocales.ts","https","ok","","200","4","1","https://www.mynamaki.fi/english/","ei",""
"https://www.myheritage.fi/","MyHeritage","Valtakunnalliset palvelut","constants.tsx","https","ok","","200","280","1","https://www.myheritage.fi/","ei",""
"https://www.mynamaki.fi/feed/","www.mynamaki.fi","Kuntauutiset","municipalityNewsFeeds.ts","https","ok","","200","4","1","https://www.mynamaki.fi/feed/","ei",""
"https://www.mynamaki.fi/vapaa-aika-ja-kulttuuri/liikunta/ikaihmisten-liikunta-ja-vapaa-aika/","www.mynamaki.fi","Liikunta","localExerciseLinks.ts","https","ok","","200","5","1","https://www.mynamaki.fi/vapaa-aika-ja-kulttuuri/liikunta/ikaihmisten-liikunta-ja-vapaa-aika/","ei",""
"https://www.mynamaki.fi/vapaa-aika-ja-kulttuuri/ikaihmiset/","www.mynamaki.fi","Senioripalvelut","localSeniorLinks.ts","https","ok","","200","4","1","https://www.mynamaki.fi/vapaa-aika-ja-kulttuuri/ikaihmiset/","ei",""
"https://www.muurame.fi/palvelut/ukraina-1/","www.muurame.fi","Kuntien kieliversiot","municipalityWebsiteLocales.ts","https","ok","","200","177","1","https://www.muurame.fi/palvelut/ukraina-1/","ei",""
"https://www.naantali.fi/","www.naantali.fi","Kuntien verkkosivut","municipalityWebsites.ts","https","ok","","200","147","1","https://www.naantali.fi/fi","ei",""
"https://www.naantali.fi/fi/ikaihmiset","www.naantali.fi","Senioripalvelut","localSeniorLinks.ts","https","ok","","200","61","1","https://www.naantali.fi/fi/ikaihmiset","ei",""
"https://www.naantali.fi/fi/kulttuuri-ja-liikunta/liikunta-ja-ulkoilu/liikuntapalvelut-tyoikaisille","www.naantali.fi","Liikunta","localExerciseLinks.ts","https","ok","","200","55","1","https://www.naantali.fi/fi/kulttuuri-ja-liikunta/liikunta-ja-ulkoilu/liikuntapalvelut-tyoikaisille","ei",""
"https://www.muurame.fi/feed/","www.muurame.fi","Kuntauutiset","municipalityNewsFeeds.ts","https","ok","","200","390","1","https://www.muurame.fi/feed/","ei",""
"https://www.naantali.fi/fi/kulttuuri-ja-vapaa-aika/kirjasto","www.naantali.fi","Digiopastus","seniorSurfGuidancePlaces.ts","https","ok","","200","67","1","https://www.naantali.fi/fi/kulttuuri-ja-liikunta/kirjasto","ei",""
"https://www.merimuseo.fi/","Suomen merimuseo","Yhdistykset ja yhteisöt","communityLinks.ts","https","ok","","200","4031","1","https://www.kansallismuseo.fi/fi/suomenmerimuseo","kyllä",""
"https://www.naantali.fi/sv","www.naantali.fi","Kuntien kieliversiot","municipalityWebsiteLocales.ts","https","ok","","200","94","1","https://www.naantali.fi/sv","ei",""
"https://www.naantali.fi/en","www.naantali.fi","Kuntien kieliversiot","municipalityWebsiteLocales.ts","https","ok","","200","14","1","https://www.naantali.fi/en","ei",""
"https://www.muurame.fi/palvelut/liikenne/","Muurame palveluliikenne","Liikenne","localServiceTransportLinks.ts","https","ok","","200","61","1","https://www.muurame.fi/palvelut/liikenne/","ei",""
"https://www.naantali.fi/fi/news/rss.xml","www.naantali.fi","Kuntauutiset","municipalityNewsFeeds.ts","https","ok","","200","13","1","https://www.naantali.fi/fi/news/rss.xml","ei",""
"https://www.narkolepsia.fi/","Suomen Narkolepsiayhdistys","Yhdistykset ja yhteisöt","communityLinks.ts","https","ok","","200","338","1","https://www.narkolepsia.fi/","ei",""
"https://www.naantali.fi/fi/asuminen-ja-ymparisto/liikenne-ja-veneily/joukkoliikenne","Naantali palveluliikenne","Liikenne","localServiceTransportLinks.ts","https","ok","","200","51","1","https://www.naantali.fi/fi/asuminen-ja-ymparisto/liikenne-ja-veneily/joukkoliikenne","ei",""
"https://www.narpes.fi/","www.narpes.fi","Kuntien kieliversiot","municipalityWebsiteLocales.ts","https","ok","","200","578","1","https://www.narpes.fi/","ei",""
"https://www.nf-yhdistys.fi/","Suomen NF-yhdistys","Yhdistykset ja yhteisöt","communityLinks.ts","https","failed","enotfound","","16","1","","ei",""
"https://www.nivala-lehti.fi/","www.nivala-lehti.fi","Paikallislehdet","localNewspaperLinks.ts","https","ok","","200","126","1","https://www.nivala-lehti.fi/","ei",""
"https://www.nivala.fi/","www.nivala.fi","Kuntien verkkosivut","municipalityWebsites.ts","https","ok","","200","107","1","https://www.nivala.fi/","ei",""
"https://www.narpes.fi/fi/invanare/fritid-kultur/kirjasto/narpion-kirjastot","www.narpes.fi","Digiopastus","seniorSurfGuidancePlaces.ts","https","failed","http_status_error","404","324","1","https://www.narpes.fi/fi/invanare/fritid-kultur/kirjasto/narpion-kirjastot","ei",""
"https://www.nivala.fi/asuminen-ja-ymp%C3%A4risto/nivalan-palveluliikenne-kylakyyti","Nivala palveluliikenne","Liikenne","localServiceTransportLinks.ts","https","ok","","200","39","1","https://www.nivala.fi/asuminen-ja-ymp%C3%A4risto/nivalan-palveluliikenne-kylakyyti","ei",""
"https://www.nokiankaupunki.fi/","www.nokiankaupunki.fi","Kuntien verkkosivut","municipalityWebsites.ts","https","ok","","200","34","1","https://www.nokiankaupunki.fi/","ei",""
"https://www.nokiankaupunki.fi/asuminen-ja-ymparisto/liikenne/joukkoliikenne/","Nokia palveluliikenne","Liikenne","localServiceTransportLinks.ts","https","ok","","200","4","1","https://www.nokiankaupunki.fi/asuminen-ja-ymparisto/liikenne/joukkoliikenne/","ei",""
"https://www.nokiankaupunki.fi/feed/","www.nokiankaupunki.fi","Kuntauutiset","municipalityNewsFeeds.ts","https","ok","","200","3","1","https://www.nokiankaupunki.fi/feed/","ei",""
"https://www.nokiankaupunki.fi/hyvinvointi-ja-vapaa-aika/liikunta-ja-ulkoilu/ohjattu-liikunta/","www.nokiankaupunki.fi","Liikunta","localExerciseLinks.ts","https","ok","","200","3","1","https://www.nokiankaupunki.fi/hyvinvointi-ja-vapaa-aika/liikunta-ja-ulkoilu/ohjattu-liikunta/","ei",""
"https://www.nobina.fi/","Nobina Finland","Valtakunnalliset palvelut","constants.tsx","https","ok","","200","133","1","https://www.nobina.fi/","ei",""
"https://www.lippu.fi/","Lippu.fi","Valtakunnalliset palvelut","constants.tsx","https","failed","timeout","","12012","1","","ei",""
"https://www.narpes.fi/feed/","www.narpes.fi","Kuntauutiset","municipalityNewsFeeds.ts","https","ok","","200","176","1","https://www.narpes.fi/feed/","ei",""
"https://www.narpes.fi/wp-content/uploads/2026/02/Service_Bilaga-A-Rutter.pdf","Närpiö palveluliikenne","Liikenne","localServiceTransportLinks.ts","https","ok","","206","21","1","https://www.narpes.fi/wp-content/uploads/2026/02/Service_Bilaga-A-Rutter.pdf","ei",""
"https://www.nokianuutiset.fi/","www.nokianuutiset.fi","Paikallislehdet","localNewspaperLinks.ts","https","ok","","206","273","1","https://www.nokianuutiset.fi/","ei",""
"https://www.nurmes.fi/","www.nurmes.fi","Kuntien verkkosivut","municipalityWebsites.ts","https","ok","","200","198","1","https://www.nurmes.fi/","ei",""
"https://www.nurmes.fi/asuminen-ja-ymparisto/asuminen/joukkoliikenne/","Nurmeksen joukkoliikenne","Paikalliset palvelut","localServices.ts","https","ok","","200","56","1","https://www.nurmes.fi/asuminen-ja-ymparisto/asuminen/joukkoliikenne/","ei",""
"https://www.nurmes.fi/feed/","www.nurmes.fi","Kuntauutiset","municipalityNewsFeeds.ts","https","ok","","200","17","1","https://www.nurmes.fi/feed/","ei",""
"https://www.narpes.fi/fi/kulttuuri-vapaa-aika-ja-nuoriso/liikunta-ja-ulkoilu/soveltava-liikunta-ja-liikunta-senioreille/","www.narpes.fi","Liikunta","localExerciseLinks.ts","https","ok","","200","368","1","https://www.narpes.fi/fi/kulttuuri-vapaa-aika-ja-nuoriso/liikunta-ja-ulkoilu/soveltava-liikunta-ja-liikunta-senioreille/","ei",""
"https://www.nurmijarvi.fi/","www.nurmijarvi.fi","Kuntien verkkosivut","municipalityWebsites.ts","https","ok","","200","342","1","https://www.nurmijarvi.fi/","ei",""
"https://www.nordea.fi/henkiloasiakkaat/palvelumme/verkko-mobiilipalvelut/digineuvontaa.html","Nordea asiakaspalvelu ja seniorilinja","Valtakunnalliset palvelut","constants.tsx","https","ok","","200","633","1","https://www.nordea.fi/henkiloasiakkaat/palvelumme/verkko-mobiilipalvelut/digineuvontaa.html","ei",""
"https://www.noonan.fi/","Suomen Noonan-yhdistys","Yhdistykset ja yhteisöt","communityLinks.ts","https","ok","","200","774","1","https://www.noonansuomi.net/","kyllä",""
"https://www.mantsala.fi/hyvinvointi-ja-terveys/seniorityo/","www.mantsala.fi","Senioripalvelut","localSeniorLinks.ts","https","ok","","200","3167","1","https://www.mantsala.fi/hyvinvointi-ja-terveys/seniorityo/","ei",""
"https://www.nurmijarvi.fi/kuntalaisen-palvelut/kulttuuri-ja-vapaa-aika/liikunta-ja-ulkoilu/soveltava-liikunta/","www.nurmijarvi.fi","Liikunta","localExerciseLinks.ts","https","ok","","200","312","1","https://www.nurmijarvi.fi/kuntalaisen-palvelut/kulttuuri-ja-vapaa-aika/liikunta-ja-ulkoilu/soveltava-liikunta/","ei",""
"https://www.nyan.ax/","www.nyan.ax","Paikallislehdet","localNewspaperLinks.ts","https","ok","","200","94","1","https://www.nyan.ax/","ei",""
"https://www.nurmijarvi.fi/pa-svenska/","www.nurmijarvi.fi","Kuntien kieliversiot","municipalityWebsiteLocales.ts","https","ok","","200","273","1","https://www.nurmijarvi.fi/pa-svenska/","ei",""
"https://www.netflix.com/","Netflix","Valtakunnalliset palvelut","constants.tsx","https","ok","","200","952","1","https://www.netflix.com/fi/","ei",""
"https://www.nurmijarvi.fi/nurmijarvi-in-english/","www.nurmijarvi.fi","Kuntien kieliversiot","municipalityWebsiteLocales.ts","https","ok","","200","274","1","https://www.nurmijarvi.fi/nurmijarvi-in-english/","ei",""
"https://www.nykarleby.fi/","www.nykarleby.fi","Kuntien kieliversiot","municipalityWebsiteLocales.ts","https","ok","","206","65","1","https://www.nykarleby.fi/","ei",""
"https://www.nysse.fi/","Nysse","Valtakunnalliset palvelut","constants.tsx","https","ok","","200","133","1","https://www.nysse.fi/","ei",""
"https://www.nurmijarvi.fi/kuntalaisen-palvelut/maankaytto-ja-liikenne/joukkoliikenne/","Nurmijärvi palveluliikenne","Liikenne","localServiceTransportLinks.ts","https","ok","","200","267","1","https://www.nurmijarvi.fi/kuntalaisen-palvelut/maankaytto-ja-liikenne/joukkoliikenne/","ei",""
"https://www.oikeus.fi/","Oikeus.fi","Valtakunnalliset palvelut","constants.tsx","https","ok","","200","232","1","https://www.oikeus.fi/","ei",""
"https://www.nurmijarvi.fi/kuntalaisen-palvelut/kulttuuri-ja-vapaa-aika/kirjasto/tervetuloa-kirjastoon/laitteet-ja-opastukset/","www.nurmijarvi.fi","Digiopastus","seniorSurfGuidancePlaces.ts","https","ok","","200","302","1","https://www.nurmijarvi.fi/kuntalaisen-palvelut/kulttuuri-ja-vapaa-aika/kirjasto/tervetuloa-kirjastoon/laitteet-ja-opastukset/","ei",""
"https://www.nurmijarvi.fi/ikaihmiset/","www.nurmijarvi.fi","Senioripalvelut","localSeniorLinks.ts","https","ok","","200","265","1","https://www.nurmijarvi.fi/ikaihmiset/","ei",""
"https://www.oikeusasiamies.fi/","Eduskunnan oikeusasiamies","Valtakunnalliset palvelut","constants.tsx","https","ok","","200","409","1","https://oikeusasiamies.fi/etusivu","ei",""
"https://www.onnibus.com/","OnniBus","Valtakunnalliset palvelut","constants.tsx","https","warning","access_limited","403","68","1","https://www.onnibus.com/","ei",""
"https://www.onnibus.com/kyyjarvi-kauppakeskus-paletti","OnniBus Kyyjärvi","Paikalliset palvelut","localServices.ts","https","warning","access_limited","403","36","1","https://www.onnibus.com/kyyjarvi-kauppakeskus-paletti","ei",""
"https://www.nyaostis.fi/","www.nyaostis.fi","Paikallislehdet","localNewspaperLinks.ts","https","ok","","200","1422","1","https://www.nyaostis.fi/","ei",""
"https://www.nurmijarvi.fi/feed/","www.nurmijarvi.fi","Kuntauutiset","municipalityNewsFeeds.ts","https","ok","","200","210","1","https://www.nurmijarvi.fi/feed/","ei",""
"https://www.op.fi/henkiloasiakkaat/asiakaspalvelu/ota-yhteytta","OP henkilöasiakkaat","Valtakunnalliset palvelut","constants.tsx","https","ok","","206","174","1","https://www.op.fi/henkiloasiakkaat/asiakaspalvelu/ota-yhteytta","ei",""
"https://www.oivaseutu.fi/","www.oivaseutu.fi","Paikallislehdet","localNewspaperLinks.ts","https","ok","","200","667","1","https://oivaseutu.fi/","ei",""
"https://www.orimattilansanomat.fi/","www.orimattilansanomat.fi","Paikallislehdet","localNewspaperLinks.ts","https","ok","","206","128","1","https://www.orimattilansanomat.fi/","ei",""
"https://www.op.fi/osuuspankit/op-keski-suomi/pankin-palvelut/paikallista-asiakaspalvelua/","OP Keski-Suomi – seniorit ja erityistä tukea tarvitsevat","Valtakunnalliset palvelut","constants.tsx","https","ok","","206","369","1","https://www.op.fi/osuuspankit/op-keski-suomi/pankin-palvelut/paikallista-asiakaspalvelua/","ei",""
"https://www.oi-yhdistys.fi/","Suomen Osteogenesis Imperfecta –yhdistys","Yhdistykset ja yhteisöt","communityLinks.ts","https","ok","","200","1509","1","https://oi-yhdistys.fi/","ei",""
"https://www.mantsala.fi/vapaa-aika-ja-matkailu/liikunta/liikuntaryhmat/","www.mantsala.fi","Liikunta","localExerciseLinks.ts","https","ok","","200","2455","1","https://www.mantsala.fi/vapaa-aika-ja-matkailu/liikunta/liikuntaryhmat/","ei",""
"https://www.omaishoitokeskus.fi/tukihenkilot-mentorit-ja-digiapu/","www.omaishoitokeskus.fi","Digiopastus","seniorSurfGuidancePlaces.ts","https","ok","","200","875","1","https://www.omaishoitokeskus.fi/tukihenkilot-mentorit-ja-digiapu/","ei",""
"https://www.op.fi/henkiloasiakkaat/paivittaiset/kortit/kortin-katoaminen","OP kortin sulkupalvelu","Valtakunnalliset palvelut","constants.tsx","https","ok","","206","229","1","https://www.op.fi/henkiloasiakkaat/paivittaiset/kortit/kortin-katoaminen","ei",""
"https://www.ouka.fi/","Oulun palvelut","Paikalliset palvelut","localServices.ts","https","ok","","206","22","1","https://www.ouka.fi/","ei",""
"https://www.ouka.fi/en/etusivu","www.ouka.fi","Kuntien kieliversiot","municipalityWebsiteLocales.ts","https","ok","","206","16","1","https://www.ouka.fi/en","ei",""
"https://www.osmy.fi/","Oulun Seudun Muistiyhdistys ry","Yhdistykset ja yhteisöt","communityLinks.ts","https","ok","","200","297","1","https://www.osmy.fi/","ei",""
"https://www.ouka.fi/ikaantyneet","www.ouka.fi","Senioripalvelut","localSeniorLinks.ts","https","ok","","206","4","1","https://www.ouka.fi/ikaantyneet","ei",""
"https://www.ouka.fi/liikuntaryhmat","www.ouka.fi","Liikunta","localExerciseLinks.ts","https","ok","","206","4","1","https://www.ouka.fi/liikuntaryhmat","ei",""
"https://www.ouka.fi/news/feed?audience=All&region=All&topic=All","Oulun kaupungin uutiset","Paikalliset palvelut","localServices.ts","https","ok","","206","5","1","https://www.ouka.fi/news/feed?audience=All&region=All&topic=All","ei",""
"https://www.ouka.fi/oulu/asiointi-ja-neuvonta/etusivu","www.ouka.fi","Digiopastus","seniorSurfGuidancePlaces.ts","https","ok","","206","30","1","https://www.ouka.fi/asiakaspalvelu","ei",""
"https://www.ouka.fi/oulu/kirjasto/digiopastukset","www.ouka.fi","Digiopastus","seniorSurfGuidancePlaces.ts","https","ok","","206","17","1","https://www.ouka.fi/kirjasto","ei",""
"https://www.ouka.fi/oulun-taidemuseo","Oulun taidemuseo","Yhdistykset ja yhteisöt","communityLinks.ts","https","failed","http_status_error","404","4","1","https://www.ouka.fi/oulun-taidemuseo","ei",""
"https://www.osterbottenstidning.fi/","www.osterbottenstidning.fi","Paikallislehdet","localNewspaperLinks.ts","https","ok","","206","304","1","https://www.osterbottenstidning.fi/","ei",""
"https://www.ouka.fi/sv/framsida","www.ouka.fi","Kuntien kieliversiot","municipalityWebsiteLocales.ts","https","ok","","206","17","1","https://www.ouka.fi/sv","ei",""
"https://www.ouka.fi/yhteystiedot-ja-palaute","Oulu10-asiakaspalvelu","Valtakunnalliset palvelut","constants.tsx","https","ok","","206","3","1","https://www.ouka.fi/yhteystiedot-ja-palaute","ei",""
"https://www.oukali.fi/","OUKALI ry","Yhdistykset ja yhteisöt","communityLinks.ts","https","failed","enotfound","","14","1","","ei",""
"https://www.ouka.fi/liikenne","Oulu palveluliikenne","Liikenne","localServiceTransportLinks.ts","https","ok","","206","5","1","https://www.ouka.fi/liikenne","ei",""
"https://www.nyaostis.fi/feed/","www.nyaostis.fi","Paikallisuutiset","localNewspaperFeeds.ts","https","ok","","200","1009","1","https://www.nyaostis.fi/feed/","ei",""
"https://www.ort.fi/","Ortodoksinen kirkko","Valtakunnalliset palvelut","constants.tsx","https","ok","","200","908","1","https://ort.fi/","ei",""
"https://www.oulainen.fi/","www.oulainen.fi","Kuntien verkkosivut","municipalityWebsites.ts","https","ok","","200","161","1","https://www.oulainen.fi/","ei",""
"https://www.nyan.ax/feed/rss/","www.nyan.ax","Paikallisuutiset","localNewspaperFeeds.ts","https","ok","","200","2783","1","https://www.nyan.ax/feed/","ei",""
"https://www.osterbottenstidning.fi/feed/","www.osterbottenstidning.fi","Paikallisuutiset","localNewspaperFeeds.ts","https","ok","","200","443","1","https://www.osterbottenstidning.fi/feed","ei",""
"https://www.oulunjoukkoliikenne.fi/","Oulun joukkoliikenne","Paikalliset palvelut","localServices.ts","https","ok","","206","114","1","https://www.osl.fi/","kyllä",""
"https://www.osl.fi/","Oulun seudun liikenne","Valtakunnalliset palvelut","constants.tsx","https","ok","","200","1346","1","https://www.osl.fi/","ei",""
"https://www.oulusinfonia.fi/","Oulu Sinfonia","Valtakunnalliset palvelut","constants.tsx","https","ok","","200","115","1","https://oulusinfonia.fi/","ei",""
"https://www.outokummunkaupunki.fi/","www.outokummunkaupunki.fi","Kuntien verkkosivut","municipalityWebsites.ts","https","ok","","200","135","1","https://www.outokummunkaupunki.fi/","ei",""
"https://www.oulainen.fi/rss.xml","www.oulainen.fi","Kuntauutiset","municipalityNewsFeeds.ts","https","ok","","200","893","1","https://www.oulainen.fi/rss.xml","ei",""
"https://www.oulainen.fi/liikuntapalvelut","www.oulainen.fi","Liikunta","localExerciseLinks.ts","https","ok","","200","96","1","https://www.oulainen.fi/liikuntapalvelut","ei",""
"https://www.mantsala.fi/feed/","www.mantsala.fi","Kuntauutiset","municipalityNewsFeeds.ts","https","ok","","200","1655","1","https://www.mantsala.fi/feed/","ei",""
"https://www.ouka.fi/taidemuseo","Oulun taidemuseo","Yhdistykset ja yhteisöt","communityLinks.ts","https","ok","","200","1346","1","https://ouluntaidemuseo.fi/","kyllä",""
"https://www.outokummunseutu.fi/","www.outokummunseutu.fi","Paikallislehdet","localNewspaperLinks.ts","https","ok","","206","189","1","https://www.outokummunseutu.fi/","ei",""
"https://www.padasjoki.fi/","www.padasjoki.fi","Kuntien verkkosivut","municipalityWebsites.ts","https","ok","","206","61","1","https://www.padasjoki.fi/","ei",""
"https://www.outokummunseutu.fi/feed/rss","www.outokummunseutu.fi","Paikallisuutiset","localNewspaperFeeds.ts","https","ok","","206","45","1","https://www.outokummunseutu.fi/feed/rss","ei",""
"https://www.oulainen.fi/palveluliikenne","Oulainen palveluliikenne","Liikenne","localServiceTransportLinks.ts","https","ok","","200","527","1","https://www.oulainen.fi/palveluliikenne","ei",""
"https://www.osl.fi/aikataulut-ja-linjat/","Oulun reittiopas","Valtakunnalliset palvelut","constants.tsx","https","ok","","200","1301","1","https://www.osl.fi/aikataulut-ja-linjat/","ei",""
"https://www.padasjoki.fi/feed","www.padasjoki.fi","Kuntauutiset","municipalityNewsFeeds.ts","https","ok","","200","671","1","https://www.padasjoki.fi/feed","ei",""
"https://www.paimio.fi/","www.paimio.fi","Kuntien verkkosivut","municipalityWebsites.ts","https","ok","","200","158","1","https://www.paimio.fi/","ei",""
"https://www.paimio.fi/palvelu/palveluliikenne/","Paimio palveluliikenne","Liikenne","localServiceTransportLinks.ts","https","ok","","200","46","1","https://www.paimio.fi/palvelu/palveluliikenne/","ei",""
"https://www.outokummunkaupunki.fi/hyvinvointi-ja-terveys/ikaihmisten-palvelut/","www.outokummunkaupunki.fi","Senioripalvelut","localSeniorLinks.ts","https","ok","","200","2044","1","https://www.outokummunkaupunki.fi/hyvinvointi-ja-terveys/ikaihmisten-palvelut/","ei",""
"https://www.padasjoki.fi/elinvoima-ja-tyollisyys/joukkoliikenne","Padasjoki palveluliikenne","Liikenne","localServiceTransportLinks.ts","https","ok","","200","701","1","https://www.padasjoki.fi/elinvoima-ja-tyollisyys/joukkoliikenne","ei",""
"https://www.palkane.fi/","www.palkane.fi","Kuntien verkkosivut","municipalityWebsites.ts","https","ok","","200","29","1","https://www.palkane.fi/","ei",""
"https://www.padasjoki.fi/hyvinvointi-ja-kulttuuri/ikaantyneet","www.padasjoki.fi","Senioripalvelut","localSeniorLinks.ts","https","ok","","206","9","1","https://www.padasjoki.fi/hyvinvointi-ja-kulttuuri/ikaantyneet","ei",""
"https://www.palovammayhdistys.fi/","Suomen Palovammayhdistys","Yhdistykset ja yhteisöt","communityLinks.ts","https","failed","enotfound","","19","1","","ei",""
"https://www.paltamo.fi/","www.paltamo.fi","Kuntien verkkosivut","municipalityWebsites.ts","https","ok","","206","67","1","https://www.paltamo.fi/","ei",""
"https://www.paltamo.fi/asuminen-ja-ymparisto/asiointiliikenne.html","Paltamo palveluliikenne","Liikenne","localServiceTransportLinks.ts","https","ok","","200","55","1","https://www.paltamo.fi/asuminen-ja-ymparisto/asiointiliikenne.html","ei",""
"https://www.paltamo.fi/en/home.html","www.paltamo.fi","Kuntien kieliversiot","municipalityWebsiteLocales.ts","https","ok","","200","62","1","https://www.paltamo.fi/en/home.html","ei",""
"https://www.palkane.fi/liikennekatkos-peruttu-lauantailta/","Pälkäne palveluliikenne","Liikenne","localServiceTransportLinks.ts","https","ok","","200","7","1","https://www.palkane.fi/liikennekatkos-peruttu-lauantailta/","ei",""
"https://www.panspandas.fi/","Suomen PANS/PANDAS","Yhdistykset ja yhteisöt","communityLinks.ts","https","failed","enotfound","","16","1","","ei",""
"https://www.paltamo.fi/hyvinvointi-ja-terveys/ikaihmisten-liikuntavinkit.html","www.paltamo.fi","Liikunta","localExerciseLinks.ts","https","ok","","200","47","1","https://www.paltamo.fi/hyvinvointi-ja-terveys/ikaihmisten-liikuntavinkit.html","ei",""
"https://www.palkane.fi/feed/","www.palkane.fi","Kuntauutiset","municipalityNewsFeeds.ts","https","ok","","200","105","1","https://www.palkane.fi/feed/","ei",""
"https://www.pargas.fi/","www.pargas.fi","Kuntien verkkosivut","municipalityWebsites.ts","https","ok","","200","196","1","https://www.pargas.fi/sv/framsida","ei",""
"https://www.pargas.fi/fi/seniorit","www.pargas.fi","Senioripalvelut","localSeniorLinks.ts","https","ok","","200","56","1","https://www.pargas.fi/fi/seniorit","ei",""
"https://www.pargas.fi/sv","www.pargas.fi","Kuntien kieliversiot","municipalityWebsiteLocales.ts","https","ok","","200","88","1","https://www.pargas.fi/sv/framsida","ei",""
"https://www.pah.fi/","Suomen PAH-potilasyhdistys","Yhdistykset ja yhteisöt","communityLinks.ts","https","ok","","206","1681","1","https://catcha.fi/verkkotunnukset/pah.fi","kyllä",""
"https://www.pargas.fi/sv/ukraina-info","www.pargas.fi","Kuntien kieliversiot","municipalityWebsiteLocales.ts","https","ok","","200","54","1","https://www.pargas.fi/sv/ukraina-info","ei",""
"https://www.palkane.fi/kulttuuri-ja-vapaa-aika/liikunta/ikaihmisten-liikunta/","www.palkane.fi","Liikunta","localExerciseLinks.ts","https","ok","","200","27","1","https://www.palkane.fi/kulttuuri-ja-vapaa-aika/liikunta/ikaihmisten-liikunta/","ei",""
"https://www.pargas.fi/sv/web/pargas/motions-radgivning","www.pargas.fi","Liikunta","localExerciseLinks.ts","https","ok","","200","57","1","https://www.pargas.fi/sv/web/pargas/motions-radgivning","ei",""
"https://www.padasjoki.fi/hyvinvointi-ja-kulttuuri/vapaa-aika-ja-liikunta/liikuntaryhmat-ja-liikuntaneuvonta","www.padasjoki.fi","Liikunta","localExerciseLinks.ts","https","ok","","200","753","1","https://www.padasjoki.fi/hyvinvointi-ja-kulttuuri/vapaa-aika-ja-liikunta/liikuntaryhmat-ja-liikuntaneuvonta","ei",""
"https://www.patmos.fi/","Patmos","Valtakunnalliset palvelut","constants.tsx","https","ok","","200","88","1","https://www.patmos.fi/","ei",""
"https://www.pargas.fi/en/web/pargas-eng","www.pargas.fi","Kuntien kieliversiot","municipalityWebsiteLocales.ts","https","ok","","200","90","1","https://www.pargas.fi/en/web/pargas-eng","ei",""
"https://www.pargas.fi/fi/kaupungin-sisainen-liikenne","Parainen sisäinen liikenne","Liikenne","localServiceTransportLinks.ts","https","ok","","200","58","1","https://www.pargas.fi/fi/kaupungin-sisainen-liikenne","ei",""
"https://www.oulainen.fi/en","www.oulainen.fi","Kuntien kieliversiot","municipalityWebsiteLocales.ts","https","ok","","200","2190","1","https://www.oulainen.fi/en","ei",""
"https://www.pargas.fi/sv/web/pargas/handledning-och-radgivning?inheritRedirect=true","www.pargas.fi","Digiopastus","seniorSurfGuidancePlaces.ts","https","failed","http_status_error","404","38","1","https://www.pargas.fi/sv/web/pargas/handledning-och-radgivning?inheritRedirect=true","ei",""
"https://www.pello.fi/","www.pello.fi","Kuntien verkkosivut","municipalityWebsites.ts","https","ok","","200","114","1","https://www.pello.fi/","ei",""
"https://www.pello.fi/asuminen-ja-rakentaminen/tiet-ja-liikenne/julkinen-liikenne.html","Pellon julkinen liikenne","Paikalliset palvelut","localServices.ts","https","ok","","200","41","1","https://www.pello.fi/asuminen-ja-rakentaminen/tiet-ja-liikenne/julkinen-liikenne.html","ei",""
"https://www.pello.fi/en/home.html","www.pello.fi","Kuntien kieliversiot","municipalityWebsiteLocales.ts","https","ok","","200","42","1","https://www.pello.fi/en/home.html","ei",""
"https://www.pello.fi/kulttuuri-ja-vapaa-aika/liikuntapalvelut/ohjattu-liikunta.html","www.pello.fi","Liikunta","localExerciseLinks.ts","https","ok","","200","36","1","https://www.pello.fi/kulttuuri-ja-vapaa-aika/liikuntapalvelut/ohjattu-liikunta.html","ei",""
"https://www.perhonjokilaakso.fi/","www.perhonjokilaakso.fi","Paikallislehdet","localNewspaperLinks.ts","https","ok","","200","102","1","https://www.perhonjokilaakso.fi/","ei",""
"https://www.parkano.fi/","www.parkano.fi","Kuntien verkkosivut","municipalityWebsites.ts","https","ok","","200","764","1","https://parkano.fi/","ei",""
"https://www.oulainen.fi/ru","www.oulainen.fi","Kuntien kieliversiot","municipalityWebsiteLocales.ts","https","ok","","200","355","1","https://www.oulainen.fi/ru","ei",""
"https://www.pernionseudunlehti.fi/","www.pernionseudunlehti.fi","Paikallislehdet","localNewspaperLinks.ts","https","ok","","206","143","1","https://www.pernionseudunlehti.fi/","ei",""
"https://www.perthes.fi/","Suomen Perthes","Yhdistykset ja yhteisöt","communityLinks.ts","https","ok","","206","152","1","https://perthes.fi/","ei",""
"https://www.petajavesi.fi/","www.petajavesi.fi","Kuntien verkkosivut","municipalityWebsites.ts","https","ok","","200","55","1","https://www.petajavesi.fi/","ei",""
"https://www.petajavesi.fi/info-ja-asiointi/asiontiliikenne/","Petäjävesi asiointiliikenne","Liikenne","localServiceTransportLinks.ts","https","ok","","200","5","1","https://www.petajavesi.fi/info-ja-asiointi/asiontiliikenne/","ei",""
"https://www.petajavesi.fi/vapaa-aika-ja-hyvinvointi/senioreille/","www.petajavesi.fi","Senioripalvelut","localSeniorLinks.ts","https","ok","","200","7","1","https://www.petajavesi.fi/vapaa-aika-ja-hyvinvointi/senioreille/","ei",""
"https://www.petajavesi.fi/vapaa-aika-ja-kulttuuri/vapaa-ajan-palvelut2017/soveltava-liikunta","www.petajavesi.fi","Liikunta","localExerciseLinks.ts","https","failed","http_status_error","404","4","1","https://www.petajavesi.fi/vapaa-aika-ja-kulttuuri/vapaa-ajan-palvelut2017/soveltava-liikunta","ei",""
"https://www.petajavesi.fi/feed/","www.petajavesi.fi","Kuntauutiset","municipalityNewsFeeds.ts","https","ok","","200","15","1","https://www.petajavesi.fi/feed/","ei",""
"https://www.pelimuseo.fi/","Suomen pelimuseo","Yhdistykset ja yhteisöt","communityLinks.ts","https","ok","","200","341","1","https://www.vapriikki.fi/nayttelyt/suomen-pelimuseo-nayttelyt/","kyllä",""
"https://www.pernionseudunlehti.fi/feed/rss/","www.pernionseudunlehti.fi","Paikallisuutiset","localNewspaperFeeds.ts","https","ok","","206","84","1","https://www.pernionseudunlehti.fi/feed/rss/","ei",""
"https://www.pieksamaki.fi/","www.pieksamaki.fi","Kuntien kieliversiot","municipalityWebsiteLocales.ts","https","ok","","200","159","1","https://www.pieksamaki.fi/","ei",""
"https://www.pieksamaki.fi/asukkaat-ja-ymparisto/liikenne/","Pieksämäki palveluliikenne","Liikenne","localServiceTransportLinks.ts","https","ok","","200","100","1","https://www.pieksamaki.fi/asukkaat-ja-ymparisto/liikenne/","ei",""
"https://www.pieksamaenlehti.fi/","www.pieksamaenlehti.fi","Paikalliset palvelut","localServices.ts","https","ok","","206","278","1","https://www.pieksamaenlehti.fi/","ei",""
"https://www.petripekkala.com/asiointiliikenne.html","Ähtäri asiointiliikenne","Liikenne","localServiceTransportLinks.ts","https","failed","http_status_error","404","414","1","https://www.petripekkala.com/asiointiliikenne.html","ei",""
"https://www.pieksamaki.fi/feed/","www.pieksamaki.fi","Kuntauutiset","municipalityNewsFeeds.ts","https","ok","","200","63","1","https://www.pieksamaki.fi/feed/","ei",""
"https://www.outokummunkaupunki.fi/in-english/","www.outokummunkaupunki.fi","Kuntien kieliversiot","municipalityWebsiteLocales.ts","https","ok","","200","2341","1","https://www.outokummunkaupunki.fi/in-english/","ei",""
"https://www.pielavesi-keitele.fi/","www.pielavesi-keitele.fi","Paikallislehdet","localNewspaperLinks.ts","https","ok","","206","255","1","https://www.pielavesi-keitele.fi/","ei",""
"https://www.pieksamaki.fi/terveys-ja-hyvinvointi/ikaneuvola/","www.pieksamaki.fi","Senioripalvelut","localSeniorLinks.ts","https","ok","","200","158","1","https://www.pieksamaki.fi/terveys-ja-hyvinvointi/ikaneuvola/","ei",""
"https://www.pielavesi-keitele.fi/feed/rss","www.pielavesi-keitele.fi","Paikallisuutiset","localNewspaperFeeds.ts","https","ok","","206","144","1","https://www.pielavesi-keitele.fi/feed/rss","ei",""
"https://www.pietarsaarensanomat.fi/feed","www.pietarsaarensanomat.fi","Paikallisuutiset","localNewspaperFeeds.ts","https","ok","","200","356","1","https://www.pietarsaarensanomat.fi/feed","ei",""
"https://www.pirkanmaantanssinkeskus.fi/","Pirkanmaan Tanssin Keskus","Valtakunnalliset palvelut","constants.tsx","https","ok","","200","37","1","https://www.pirkanmaantanssinkeskus.fi/","ei",""
"https://www.pirkanmaanmuistiyhdistys.fi/","Pirkanmaan Muistiyhdistys ry","Yhdistykset ja yhteisöt","communityLinks.ts","https","ok","","200","185","1","https://www.pirkanmaanmuistiyhdistys.fi/","ei",""
"https://www.pirha.fi/","www.pirha.fi","Paikalliset palvelut","localServices.ts","https","ok","","200","347","1","https://www.pirha.fi/","ei",""
"https://www.pedersore.fi/","www.pedersore.fi","Kuntien verkkosivut","municipalityWebsites.ts","https","ok","","200","2360","1","https://www.pedersore.fi/","ei",""
"https://www.pirha.fi/ajankohtaista/pirha-nyt","www.pirha.fi","Paikalliset palvelut","localServices.ts","https","ok","","200","264","1","https://www.pirha.fi/ajankohtaista/pirha-nyt","ei",""
"https://www.pirkkala.fi/","www.pirkkala.fi","Kuntien verkkosivut","municipalityWebsites.ts","https","ok","","200","1024","1","https://www.pirkkala.fi/","ei",""
"https://www.pitajalainen.fi/","www.pitajalainen.fi","Paikallislehdet","localNewspaperLinks.ts","https","ok","","206","196","1","https://www.pitajalainen.fi/","ei",""
"https://www.pitajanuutiset.fi/","www.pitajanuutiset.fi","Paikallislehdet","localNewspaperLinks.ts","https","ok","","206","229","1","https://www.pitajanuutiset.fi/","ei",""
"https://www.pitajalainen.fi/feed/rss/","www.pitajalainen.fi","Paikallisuutiset","localNewspaperFeeds.ts","https","ok","","206","167","1","https://www.pitajalainen.fi/feed/rss/","ei",""
"https://www.outokummunkaupunki.fi/asuminen-ja-ymparisto/kadut-ja-liikenne/joukkoliikenne/","Outokumpu palveluliikenne","Liikenne","localServiceTransportLinks.ts","https","ok","","200","1600","1","https://www.outokummunkaupunki.fi/asuminen-ja-ymparisto/kadut-ja-liikenne/joukkoliikenne/","ei",""
"https://www.pkmuistiry.fi/","Pohjois-Karjalan Muisti ry","Yhdistykset ja yhteisöt","communityLinks.ts","https","ok","","200","419","1","https://www.pkmuistiry.fi/","ei",""
"https://www.pirkkala.fi/en/front-page/","www.pirkkala.fi","Kuntien kieliversiot","municipalityWebsiteLocales.ts","https","ok","","200","668","1","https://www.pirkkala.fi/en/front-page/","ei",""
"https://www.pedersore.fi/sv/valfard/seniorer/","www.pedersore.fi","Senioripalvelut","localSeniorLinks.ts","https","ok","","200","1263","1","https://www.pedersore.fi/sv/valfard/seniorer/","ei",""
"https://www.pl.fi/","Pohjolan Liikenne","Valtakunnalliset palvelut","constants.tsx","https","ok","","200","239","1","https://www.pl.fi/","ei",""
"https://www.pogostansanomat.fi/","www.pogostansanomat.fi","Paikallislehdet","localNewspaperLinks.ts","https","ok","","206","217","1","https://www.pogostansanomat.fi/","ei",""
"https://www.pohjankyro-lehti.fi/","www.pohjankyro-lehti.fi","Paikallislehdet","localNewspaperLinks.ts","https","ok","","206","102","1","https://www.pohjankyro-lehti.fi/","ei",""
"https://www.pohjanmaanmuseo.fi/","Pohjanmaan museo","Yhdistykset ja yhteisöt","communityLinks.ts","https","failed","enotfound","","95","1","","ei",""
"https://www.polvijarvi.fi/","www.polvijarvi.fi","Kuntien verkkosivut","municipalityWebsites.ts","https","ok","","200","96","1","https://www.polvijarvi.fi/","ei",""
"https://www.ph-muistiyhdistys.fi/","Päijät-Hämeen Muistiyhdistys ry","Yhdistykset ja yhteisöt","communityLinks.ts","https","ok","","200","3161","1","https://www.ph-muistiyhdistys.fi/","ei",""
"https://www.pku.fi/","www.pku.fi","Paikallislehdet","localNewspaperLinks.ts","https","ok","","200","950","1","https://www.pku.fi/","ei",""
"https://www.pksotu.fi/toiminta/jarjestot/kathy-toiminta/matalan-kynnyksen-digineuvonta/","www.pksotu.fi","Digiopastus","seniorSurfGuidancePlaces.ts","https","ok","","200","1069","1","https://www.pksotu.fi/toiminta/jarjestot/kathy-toiminta/matalan-kynnyksen-digineuvonta/","ei",""
"https://www.polvijarvi.fi/julkinen-liikenne-ja-asiointiliikenne","Polvijärvi palveluliikenne","Liikenne","localServiceTransportLinks.ts","https","ok","","200","111","1","https://www.polvijarvi.fi/julkinen-liikenne-ja-asiointiliikenne","ei",""
"https://www.pirkkala.fi/liikenne-ja-kadut/palvelubussi/","Pirkkala palveluliikenne","Liikenne","localServiceTransportLinks.ts","https","ok","","200","701","1","https://www.pirkkala.fi/liikenne-ja-kadut/palvelubussi/","ei",""
"https://www.pomarkku.fi/","www.pomarkku.fi","Kuntien verkkosivut","municipalityWebsites.ts","https","ok","","200","298","1","https://www.pomarkku.fi/","ei",""
"https://www.pku.fi/feed/","www.pku.fi","Paikallisuutiset","localNewspaperFeeds.ts","https","ok","","200","210","1","https://www.pku.fi/feed/","ei",""
"https://www.pomarkku.fi/feed/","www.pomarkku.fi","Kuntauutiset","municipalityNewsFeeds.ts","https","ok","","200","157","1","https://www.pomarkku.fi/feed/","ei",""
"https://www.pedersore.fi/fi/asuminen-ja-ymparisto/tekninen-virasto/tie-ja-liikenne/palvelulinja/","Pedersöre palvelulinja","Liikenne","localServiceTransportLinks.ts","https","ok","","200","991","1","https://www.pedersore.fi/fi/asuminen-ja-ymparisto/tekninen-virasto/tie-ja-liikenne/palvelulinja/","ei",""
"https://www.porinteatteri.fi/","Porin Teatteri","Valtakunnalliset palvelut","constants.tsx","https","ok","","200","286","1","https://porinteatteri.fi/","ei",""
"https://www.poppankki.fi/","POP Pankki","Valtakunnalliset palvelut","constants.tsx","https","ok","","200","631","1","https://www.poppankki.fi/","ei",""
"https://www.porvoo.fi/","www.porvoo.fi","Kuntien verkkosivut","municipalityWebsites.ts","https","ok","","200","309","1","https://www.porvoo.fi/","ei",""
"https://www.porvoo.fi/feed/","www.porvoo.fi","Kuntauutiset","municipalityNewsFeeds.ts","https","ok","","200","154","1","https://www.porvoo.fi/feed/","ei",""
"https://www.pirkkala.fi/liikunta/ohjatut-ryhmat/soveltava-liikunta/","www.pirkkala.fi","Liikunta","localExerciseLinks.ts","https","ok","","200","708","1","https://www.pirkkala.fi/liikunta/ohjatut-ryhmat/soveltava-liikunta/","ei",""
"https://www.pori.fi/","www.pori.fi","Kuntien verkkosivut","municipalityWebsites.ts","https","ok","","200","1006","1","https://www.pori.fi/","ei",""
"https://www.porvoo.fi/kulttuuri-ja-vapaa-aika/kirjasto/kirjaston-palvelut/","www.porvoo.fi","Digiopastus","seniorSurfGuidancePlaces.ts","https","ok","","200","282","1","https://www.porvoo.fi/kulttuuri-ja-vapaa-aika/kirjasto/kirjaston-palvelut/","ei",""
"https://www.pedersore.fi/sv/soek/","www.pedersore.fi","Kuntien kieliversiot","municipalityWebsiteLocales.ts","https","ok","","200","886","1","https://www.pedersore.fi/sv/soek/","ei",""
"https://www.pori.fi/en/","www.pori.fi","Kuntien kieliversiot","municipalityWebsiteLocales.ts","https","ok","","200","520","1","https://www.pori.fi/en/","ei",""
"https://www.porvoo.fi/sv/valmaende-och-sakerhet/seniorernas-valmaende/","www.porvoo.fi","Senioripalvelut","localSeniorLinks.ts","https","ok","","200","486","1","https://www.porvoo.fi/sv/valmaende-och-sakerhet/seniorernas-valmaende/","ei",""
"https://www.posio.fi/","www.posio.fi","Kuntien kieliversiot","municipalityWebsiteLocales.ts","https","ok","","200","275","1","https://www.posio.fi/","ei",""
"https://www.porvoo.fi/en/","www.porvoo.fi","Kuntien kieliversiot","municipalityWebsiteLocales.ts","https","ok","","200","7","1","https://www.porvoo.fi/en/","ei",""
"https://www.posio.fi/ikaihmiset/","www.posio.fi","Senioripalvelut","localSeniorLinks.ts","https","ok","","200","7","1","https://www.posio.fi/ikaihmiset/","ei",""
"https://www.posio.fi/asiointiliikenne/","Posio palveluliikenne","Liikenne","localServiceTransportLinks.ts","https","ok","","200","6","1","https://www.posio.fi/asiointiliikenne/","ei",""
"https://www.posti.fi/","Posti","Valtakunnalliset palvelut","constants.tsx","https","ok","","206","237","1","https://www.posti.fi/","ei",""
"https://www.pori.fi/feed/","www.pori.fi","Kuntauutiset","municipalityNewsFeeds.ts","https","ok","","200","640","1","https://www.pori.fi/feed/","ei",""
"https://www.postimuseo.fi/","Suomen postimuseo","Yhdistykset ja yhteisöt","communityLinks.ts","https","ok","","200","74","1","https://www.postimuseo.fi/","ei",""
"https://www.porvoo.fi/asiointi-ja-paatoksenteko/neuvonta-ja-asiointi/digitaaliset-palvelut/digituki/","www.porvoo.fi","Digiopastus","seniorSurfGuidancePlaces.ts","https","ok","","200","422","1","https://www.porvoo.fi/asiointi-ja-paatoksenteko/neuvonta-ja-asiointi/digitaaliset-asiointikanavat/digituki/","ei",""
"https://www.posio.fi/vapaa-aika/kirjasto/","www.posio.fi","Digiopastus","seniorSurfGuidancePlaces.ts","https","ok","","200","173","1","https://www.posio.fi/vapaa-aika/kirjasto/","ei",""
"https://www.prisma.fi/","Prisma.fi","Valtakunnalliset palvelut","constants.tsx","https","ok","","200","108","1","https://www.prisma.fi/","ei",""
"https://www.posio.fi/feed/","www.posio.fi","Kuntauutiset","municipalityNewsFeeds.ts","https","ok","","200","109","1","https://www.posio.fi/feed/","ei",""
"https://www.prsanomat.fi/","www.prsanomat.fi","Paikallislehdet","localNewspaperLinks.ts","https","ok","","206","110","1","https://www.prsanomat.fi/","ei",""
"https://www.prsanomat.fi/feed/rss","www.prsanomat.fi","Paikallisuutiset","localNewspaperFeeds.ts","https","ok","","206","47","1","https://www.prsanomat.fi/feed/rss","ei",""
"https://www.porvoo.fi/sv/","www.porvoo.fi","Kuntien kieliversiot","municipalityWebsiteLocales.ts","https","ok","","200","439","1","https://www.porvoo.fi/sv/","ei",""
"https://www.pudasjarvi.fi/","www.pudasjarvi.fi","Kuntien verkkosivut","municipalityWebsites.ts","https","ok","","200","166","1","https://www.pudasjarvi.fi/","ei",""
"https://www.poytya.fi/","www.poytya.fi","Kuntien verkkosivut","municipalityWebsites.ts","https","ok","","200","127","1","https://www.poytya.fi/","ei",""
"https://www.psmuisti.fi/","Pohjois-Savon Muisti ry","Yhdistykset ja yhteisöt","communityLinks.ts","https","ok","","200","514","1","https://www.psmuisti.fi/","ei",""
"https://www.pukkila.fi/","www.pukkila.fi","Kuntien verkkosivut","municipalityWebsites.ts","https","ok","","200","69","1","https://www.pukkila.fi/","ei",""
"https://www.porvoo.fi/asuminen-ymparisto/kadut-ja-liikenne/porvoon-bussi/kylakyyti/","Porvoo palveluliikenne","Liikenne","localServiceTransportLinks.ts","https","ok","","200","329","1","https://www.porvoo.fi/asuminen-ymparisto/kadut-ja-liikenne/porvoon-bussi/kylakyyti/","ei",""
"https://www.pori.fi/vapaa-aika/liikunta/ohjattu-liikunta/kesaliikunta/","www.pori.fi","Liikunta","localExerciseLinks.ts","https","failed","http_status_error","404","1121","1","https://www.pori.fi/vapaa-aika/liikunta/ohjattu-liikunta/kesaliikunta/","ei",""
"https://www.pukkila.fi/tapahtumat/?eventid=518&newstitle=Aivojumppa","www.pukkila.fi","Liikunta","localExerciseLinks.ts","https","ok","","200","54","1","https://www.pukkila.fi/tapahtumat/?eventid=518&newstitle=Aivojumppa","ei",""
"https://www.porvoo.fi/kulttuuri-ja-vapaa-aika/liikunta-ja-ulkoilu/liikuntaa-ohjatusti-ja-omatoimisesti/liikuntaneuvonta/","www.porvoo.fi","Liikunta","localExerciseLinks.ts","https","ok","","200","310","1","https://www.porvoo.fi/kulttuuri-ja-vapaa-aika/liikunta-ja-ulkoilu/liikuntaa-ohjatusti-ja-omatoimisesti/liikuntaneuvonta/","ei",""
"https://www.punkalaidun.fi/","www.punkalaidun.fi","Kuntien verkkosivut","municipalityWebsites.ts","https","ok","","200","369","1","https://www.punkalaidun.fi/","ei",""
"https://www.pukkila.fi/hyvinvointi-ja-kulttuuri/senioripalvelut/65-toiminta/","www.pukkila.fi","Senioripalvelut","localSeniorLinks.ts","https","ok","","200","50","1","https://www.pukkila.fi/hyvinvointi-ja-kulttuuri/senioripalvelut/65-toiminta/","ei",""
"https://www.pws.fi/","Suomen PWS-yhdistys","Yhdistykset ja yhteisöt","communityLinks.ts","https","failed","enotfound","","69","1","","ei",""
"https://www.poytya.fi/asu-ja-rakenna/asuminen/asiointiliikenne-ja-julkinen-liikenne/","Pöytyä palveluliikenne","Liikenne","localServiceTransportLinks.ts","https","ok","","200","103","1","https://www.poytya.fi/asu-ja-rakenna/asuminen/asiointiliikenne-ja-julkinen-liikenne/","ei",""
"https://www.puruvesi.net/","www.puruvesi.net","Paikallislehdet","localNewspaperLinks.ts","https","ok","","206","198","1","https://www.puruvesi.net/","ei",""
"https://www.punkalaidun.fi/sivu.tmpl?sivu_id=12249","www.punkalaidun.fi","Liikunta","localExerciseLinks.ts","https","ok","","200","167","1","https://www.punkalaidun.fi/sivu.tmpl?sivu_id=12249","ei",""
"https://www.puruvesi.net/feed/rss/","www.puruvesi.net","Paikallisuutiset","localNewspaperFeeds.ts","https","ok","","206","45","1","https://www.puruvesi.net/feed/rss/","ei",""
"https://www.pyhajarvi.fi/","www.pyhajarvi.fi","Kuntien verkkosivut","municipalityWebsites.ts","https","ok","","200","215","1","https://www.pyhajarvi.fi/fi/etusivu","ei",""
"https://www.pyhajoki.fi/","www.pyhajoki.fi","Kuntien verkkosivut","municipalityWebsites.ts","https","ok","","200","164","1","https://www.pyhajoki.fi/","ei",""
"https://www.pyhajoki.fi/ikaihmiset","www.pyhajoki.fi","Senioripalvelut","localSeniorLinks.ts","https","ok","","200","26","1","https://www.pyhajoki.fi/ikaihmiset","ei",""
"https://www.pyhajarvi.fi/fi/palveluliikenne","Pyhäjärvi palveluliikenne","Liikenne","localServiceTransportLinks.ts","https","ok","","200","38","1","https://www.pyhajarvi.fi/fi/palveluliikenne","ei",""
"https://www.pyhajoki.fi/rss.xml","www.pyhajoki.fi","Kuntauutiset","municipalityNewsFeeds.ts","https","ok","","200","26","1","https://www.pyhajoki.fi/rss.xml","ei",""
"https://www.punkalaidun.fi/sivu.tmpl?sivu_id=9364","Punkalaitumen joukkoliikenne","Paikalliset palvelut","localServices.ts","https","ok","","200","135","1","https://www.punkalaidun.fi/sivu.tmpl?sivu_id=9364","ei",""
"https://www.pyhajoki.fi/ajankohtaista/uudet-linja-autovuorot-taydentavat-vuorotarjontaa-pyhajoen-raahen-ja-oulun-valilla","Pyhäjoki-Raahe-Oulu","Paikalliset palvelut","localServices.ts","https","ok","","200","26","1","https://www.pyhajoki.fi/ajankohtaista/uudet-linja-autovuorot-taydentavat-vuorotarjontaa-pyhajoen-raahen-ja-oulun-valilla","ei",""
"https://www.pyhajoki.fi/en","www.pyhajoki.fi","Kuntien kieliversiot","municipalityWebsiteLocales.ts","https","ok","","200","27","1","https://www.pyhajoki.fi/en","ei",""
"https://www.pyhajarvi.fi/fi/ohjattu-liikunta","www.pyhajarvi.fi","Liikunta","localExerciseLinks.ts","https","ok","","200","37","1","https://www.pyhajarvi.fi/fi/ohjattu-liikunta","ei",""
"https://www.pyhajoki.fi/sv","www.pyhajoki.fi","Kuntien kieliversiot","municipalityWebsiteLocales.ts","https","ok","","200","26","1","https://www.pyhajoki.fi/sv","ei",""
"https://www.pyhanta.fi/","www.pyhanta.fi","Kuntien verkkosivut","municipalityWebsites.ts","https","ok","","200","122","1","https://www.pyhanta.fi/","ei",""
"https://www.pyhanta.fi/rss.xml","www.pyhanta.fi","Kuntauutiset","municipalityNewsFeeds.ts","https","ok","","200","35","1","https://www.pyhanta.fi/rss.xml","ei",""
"https://www.poytya.fi/voi-hyvin/vanhustyo/","www.poytya.fi","Senioripalvelut","localSeniorLinks.ts","https","ok","","200","105","1","https://www.poytya.fi/voi-hyvin/vanhustyo/","ei",""
"https://www.pyhajokiseutu.fi/","www.pyhajokiseutu.fi","Paikallislehdet","localNewspaperLinks.ts","https","ok","","200","375","1","https://www.pyhajokiseutu.fi/","ei",""
"https://www.q-teatteri.fi/","Q-teatteri","Valtakunnalliset palvelut","constants.tsx","https","ok","","200","117","1","https://www.q-teatteri.fi/","ei",""
"https://www.pyharanta.fi/","www.pyharanta.fi","Kuntien verkkosivut","municipalityWebsites.ts","https","ok","","200","584","1","https://www.pyharanta.fi/","ei",""
"https://www.raahe.fi/","www.raahe.fi","Kuntien verkkosivut","municipalityWebsites.ts","https","ok","","200","144","1","https://www.raahe.fi/","ei",""
"https://www.pyhajokiseutu.fi/feedit/rss/managed-listing/uusimmat/","www.pyhajokiseutu.fi","Paikallisuutiset","localNewspaperFeeds.ts","https","ok","","206","118","1","https://www.pyhajokiseutu.fi/feedit/rss/managed-listing/uusimmat/","ei",""
"https://www.raahe.fi/ikaihmiset","www.raahe.fi","Senioripalvelut","localSeniorLinks.ts","https","ok","","200","57","1","https://www.raahe.fi/ikaihmiset","ei",""
"https://www.raahe.fi/rss.xml","www.raahe.fi","Kuntauutiset","municipalityNewsFeeds.ts","https","ok","","200","50","1","https://www.raahe.fi/rss.xml","ei",""
"https://www.pyharanta.fi/feed/","www.pyharanta.fi","Kuntauutiset","municipalityNewsFeeds.ts","https","ok","","200","241","1","https://www.pyharanta.fi/feed/","ei",""
"https://www.raahe.fi/ru/node/295","www.raahe.fi","Kuntien kieliversiot","municipalityWebsiteLocales.ts","https","ok","","200","205","1","https://www.raahe.fi/ru","ei",""
"https://www.raahe.fi/en/node/295","www.raahe.fi","Kuntien kieliversiot","municipalityWebsiteLocales.ts","https","ok","","200","107","1","https://www.raahe.fi/en","ei",""
"https://www.raahe.fi/sv/node/295","www.raahe.fi","Kuntien kieliversiot","municipalityWebsiteLocales.ts","https","ok","","200","112","1","https://www.raahe.fi/sv","ei",""
"https://www.raakkyla.fi/","www.raakkyla.fi","Kuntien verkkosivut","municipalityWebsites.ts","https","ok","","200","161","1","https://www.raakkyla.fi/","ei",""
"https://www.raahenseutu.fi/","www.raahenseutu.fi","Paikallislehdet","localNewspaperLinks.ts","https","ok","","200","294","1","https://www.raahenseutu.fi/","ei",""
"https://www.raahe.fi/kirjasto/digitukea-kirjastosta","www.raahe.fi","Digiopastus","seniorSurfGuidancePlaces.ts","https","ok","","200","90","1","https://www.raahe.fi/kirjasto/digitukea-kirjastosta","ei",""
"https://www.raahe.fi/asuminen/liikenne","Raahe palveluliikenne","Liikenne","localServiceTransportLinks.ts","https","ok","","200","89","1","https://www.raahe.fi/asuminen/liikenne","ei",""
"https://www.pyharanta.fi/sosiaali-ja-terveyspalvelut/ikaihmisten-palvelut/","www.pyharanta.fi","Senioripalvelut","localSeniorLinks.ts","https","ok","","200","614","1","https://www.pyharanta.fi/sosiaali-ja-terveyspalvelut/ikaihmisten-palvelut/","ei",""
"https://www.raisio.fi/fi/kulttuuri-ja-vapaa-aika/kirjasto","www.raisio.fi","Digiopastus","seniorSurfGuidancePlaces.ts","https","ok","","206","80","1","https://raisio.fi/fi/kulttuuri-ja-vapaa-aika/kirjasto","ei",""
"https://www.rannikkoseutu.fi/","www.rannikkoseutu.fi","Paikallislehdet","localNewspaperLinks.ts","https","ok","","206","138","1","https://www.rannikkoseutu.fi/","ei",""
"https://www.raakkyla.fi/feed/","www.raakkyla.fi","Kuntauutiset","municipalityNewsFeeds.ts","https","ok","","206","652","1","https://www.raakkyla.fi/feed/","ei",""
"https://www.rantapallo.fi/","Rantapallo","Valtakunnalliset palvelut","constants.tsx","https","ok","","206","135","1","https://www.rantapallo.fi/","ei",""
"https://www.rantalakeus.fi/","www.rantalakeus.fi","Paikallislehdet","localNewspaperLinks.ts","https","ok","","200","427","1","https://www.rantalakeus.fi/","ei",""
"https://www.pyharanta.fi/asuminen/liikenne/joukkoliikenne/","Pyhäranta palveluliikenne","Liikenne","localServiceTransportLinks.ts","https","ok","","200","569","1","https://www.pyharanta.fi/asuminen/liikenne/joukkoliikenne/","ei",""
"https://www.raatikko.fi/","Tanssiteatteri Raatikko","Valtakunnalliset palvelut","constants.tsx","https","ok","","200","1256","1","https://www.raatikko.fi/","ei",""
"https://www.ranua.fi/","www.ranua.fi","Kuntien verkkosivut","municipalityWebsites.ts","https","ok","","200","28","1","https://ranua.fi/","ei",""
"https://www.rantasalmi.fi/","www.rantasalmi.fi","Kuntien verkkosivut","municipalityWebsites.ts","https","ok","","200","645","1","https://rantasalmi.fi/","ei",""
"https://www.raseborg.fi/","www.raseborg.fi","Kuntien verkkosivut","municipalityWebsites.ts","https","ok","","200","49","1","https://www.raseborg.fi/","ei",""
"https://www.rantasalmi.fi/en/","www.rantasalmi.fi","Kuntien kieliversiot","municipalityWebsiteLocales.ts","https","failed","http_status_error","404","220","1","https://rantasalmi.fi/en/","ei",""
"https://www.raseborg.fi/feed/","www.raseborg.fi","Kuntauutiset","municipalityNewsFeeds.ts","https","ok","","200","175","1","https://www.raseborg.fi/feed/","ei",""
"https://www.pudasjarvi.fi/liikuntapalvelut/liikuntatarjonta/","www.pudasjarvi.fi","Liikunta","localExerciseLinks.ts","https","failed","http_status_error","404","4704","1","https://www.pudasjarvi.fi/liikuntapalvelut/liikuntatarjonta/","ei",""
"https://www.ranua.fi/Kirjasto-Liikunta-Nuoret/Kirjastopalvelut","www.ranua.fi","Digiopastus","seniorSurfGuidancePlaces.ts","https","ok","","200","214","1","https://ranua.fi/vapaa-aika/kirjasto/","ei",""
"https://www.raakkyla.fi/kulttuuri-ja-vapaa-aika/liikunta/ohjattu-liikunta/","www.raakkyla.fi","Liikunta","localExerciseLinks.ts","https","ok","","200","1109","1","https://www.raakkyla.fi/kulttuuri-ja-vapaa-aika/liikunta/ohjattu-liikunta/","ei",""
"https://www.rauma.fi/","www.rauma.fi","Kuntien verkkosivut","municipalityWebsites.ts","https","ok","","200","61","1","https://www.rauma.fi/","ei",""
"https://www.rantalakeus.fi/feedit/rss/managed-listing/uusimmat/","www.rantalakeus.fi","Paikallisuutiset","localNewspaperFeeds.ts","https","ok","","206","1029","1","https://www.rantalakeus.fi/feedit/rss/managed-listing/uusimmat/","ei",""
"https://www.rateva.fi/Ite-ja-yhess%C3%A4","www.rateva.fi","Digiopastus","seniorSurfGuidancePlaces.ts","https","ok","","200","159","1","https://www.rateva.fi/Ite-ja-Yhess%C3%A4/","ei",""
"https://www.raumanlukko.fi/","Rauman Lukko","Urheiluseurat","localSportsClubs.ts","https","ok","","200","189","1","https://www.raumanlukko.fi/","ei",""
"https://www.rauma.fi/feed/","www.rauma.fi","Kuntauutiset","municipalityNewsFeeds.ts","https","ok","","200","313","1","https://www.rauma.fi/feed/","ei",""
"https://www.raseborg.fi/skolor/karis-svenska-hogstadium/","www.raseborg.fi","Kuntien kieliversiot","municipalityWebsiteLocales.ts","https","ok","","200","419","1","https://www.raseborg.fi/skolor/karis-svenska-hogstadium/","ei",""
"https://www.rauma.fi/kulttuuri-ja-vapaa-aika/liikunta/ohjattu-liikunta/aikuiset-ja-seniorit/","www.rauma.fi","Liikunta","localExerciseLinks.ts","https","ok","","200","31","1","https://www.rauma.fi/kulttuuri-ja-vapaa-aika/liikunta/ohjattu-liikunta/aikuiset-ja-seniorit/","ei",""
"https://www.rauma.fi/asuminen-ja-rakentaminen/kadut-ja-liikenne/joukkoliikenne/reitit-ja-aikataulut/","Rauman Gyyt","Paikalliset palvelut","localServices.ts","https","ok","","200","6","1","https://www.rauma.fi/asuminen-ja-rakentaminen/kadut-ja-liikenne/joukkoliikenne/reitit-ja-aikataulut/","ei",""
"https://www.rauma.fi/en/","www.rauma.fi","Kuntien kieliversiot","municipalityWebsiteLocales.ts","https","ok","","200","6","1","https://www.rauma.fi/en/","ei",""
"https://www.rautalampi.fi/","www.rautalampi.fi","Kuntien verkkosivut","municipalityWebsites.ts","https","ok","","200","123","1","https://www.rautalampi.fi/","ei",""
"https://www.raumanteatteri.fi/","Rauman teatteri","Valtakunnalliset palvelut","constants.tsx","https","ok","","200","458","1","https://raumanteatteri.fi/","ei",""
"https://www.rautavaara.fi/","www.rautavaara.fi","Kuntien verkkosivut","municipalityWebsites.ts","https","ok","","200","49","1","https://www.rautavaara.fi/","ei",""
"https://www.rautavaara.fi/asukkaille/asuminen-ja-ymparisto/kadut-ja-liikenne/joukkoliikenne/","Rautavaara palveluliikenne","Liikenne","localServiceTransportLinks.ts","https","ok","","200","4","1","https://www.rautavaara.fi/asukkaille/asuminen-ja-ymparisto/kadut-ja-liikenne/joukkoliikenne/","ei",""
"https://www.rautalampi.fi/english/","www.rautalampi.fi","Kuntien kieliversiot","municipalityWebsiteLocales.ts","https","ok","","200","25","1","https://www.rautalampi.fi/english/","ei",""
"https://www.rautatiemuseo.fi/","Suomen rautatiemuseo","Yhdistykset ja yhteisöt","communityLinks.ts","https","ok","","200","471","1","https://rautatiemuseo.fi/","ei",""
"https://www.rautjarvi.fi/","www.rautjarvi.fi","Kuntien verkkosivut","municipalityWebsites.ts","https","ok","","200","412","1","https://www.rautjarvi.fi/fi","ei",""
"https://www.redy.fi/","REDY","Yhdistykset ja yhteisöt","communityLinks.ts","https","ok","","200","153","1","https://www.redy.fi/","ei",""
"https://www.rautjarvi.fi/fi/asuminen-ja-ymparisto/asiointiliikenne","Rautjärvi palveluliikenne","Liikenne","localServiceTransportLinks.ts","https","ok","","200","83","1","https://www.rautjarvi.fi/fi/asuminen-ja-ymparisto/asiointiliikenne","ei",""
"https://www.rednose.fi/","Red Nose Company","Valtakunnalliset palvelut","constants.tsx","https","ok","","200","274","1","https://rednose.fi/","ei",""
"https://www.reisjarvi.fi/","www.reisjarvi.fi","Kuntien verkkosivut","municipalityWebsites.ts","https","ok","","200","151","1","https://www.reisjarvi.fi/","ei",""
"https://www.reisjarvi.fi/rss.xml","www.reisjarvi.fi","Kuntauutiset","municipalityNewsFeeds.ts","https","ok","","200","35","1","https://www.reisjarvi.fi/rss.xml","ei",""
"https://www.rautalampi.fi/feed/","www.rautalampi.fi","Kuntauutiset","municipalityNewsFeeds.ts","https","ok","","200","314","1","https://www.rautalampi.fi/feed/","ei",""
"https://www.reisjarvi.fi/tagit/julkinen-liikenne-linja-auto","Reisjärven linja-autokuljetukset","Paikalliset palvelut","localServices.ts","https","ok","","200","75","1","https://www.reisjarvi.fi/tagit/julkinen-liikenne-linja-auto","ei",""
"https://www.reisjarvi.fi/ajankohtaista/reisjarven-asiointikuljetuspalvelut-jatkuvat-972026-uusi-puhelinnumero","Reisjärvi asiointikuljetus","Liikenne","localServiceTransportLinks.ts","https","ok","","200","41","1","https://www.reisjarvi.fi/ajankohtaista/reisjarven-asiointikuljetuspalvelut-jatkuvat-972026-uusi-puhelinnumero","ei",""
"https://www.reisjarvi.fi/contact-english","www.reisjarvi.fi","Kuntien kieliversiot","municipalityWebsiteLocales.ts","https","ok","","200","37","1","https://www.reisjarvi.fi/contact-english","ei",""
"https://www.raakkyla.fi/asuminen-rakentaminen-ja-ymparisto/liikenne-satama-ja-tieverkko/joukkoliikenne-ja-taksit/","Rääkkylä palveluliikenne","Liikenne","localServiceTransportLinks.ts","https","ok","","200","1772","1","https://www.raakkyla.fi/asuminen-rakentaminen-ja-ymparisto/liikenne-satama-ja-tieverkko/joukkoliikenne-ja-taksit/","ei",""
"https://www.riihimaki.fi/","www.riihimaki.fi","Kuntien verkkosivut","municipalityWebsites.ts","https","ok","","200","116","1","https://www.riihimaki.fi/","ei",""
"https://www.riihimaki.fi/ela-ja-voi-hyvin/hyvinvointi/aktiivisuutta-arkeen/avoin-senioritoiminta/","www.riihimaki.fi","Senioripalvelut","localSeniorLinks.ts","https","failed","http_status_error","404","96","1","https://www.riihimaki.fi/ela-ja-voi-hyvin/hyvinvointi/aktiivisuutta-arkeen/avoin-senioritoiminta/","ei",""
"https://www.refluksilapset.fi/","Refluksilapset","Yhdistykset ja yhteisöt","communityLinks.ts","https","ok","","200","834","1","https://refluksilapset.fi/","ei",""
"https://www.ristijarvi.fi/","www.ristijarvi.fi","Kuntien verkkosivut","municipalityWebsites.ts","https","ok","","206","67","1","https://www.ristijarvi.fi/","ei",""
"https://www.rautalampi.fi/asuminen-ja-ymparisto/liikenne/joukkoliikenne/","Rautalampi asiointiliikenne","Liikenne","localServiceTransportLinks.ts","https","ok","","200","580","1","https://www.rautalampi.fi/uutiset/joukkoliikenne-rautalammilla-toimii-myos-poliittisen-tyotaistelun-aikana-ke-to-14-15-02-2024/","ei",""
"https://www.ristijarvi.fi/asuminen-ja-ymparisto/asiointi-ja-joukkoliikenne.html","Ristijärvi palveluliikenne","Liikenne","localServiceTransportLinks.ts","https","ok","","200","36","1","https://www.ristijarvi.fi/asuminen-ja-ymparisto/asiointi-ja-joukkoliikenne.html","ei",""
"https://www.riihimaki.fi/asu-ja-rakenna/liikenne-ja-kadut/joukkoliikenne/r-kyyti/","Riihimäki R-kyyti","Liikenne","localServiceTransportLinks.ts","https","ok","","200","196","1","https://www.riihimaki.fi/asu-ja-rakenna/liikenne-ja-kadut/joukkoliikenne/r-kyyti/","ei",""
"https://www.ristijarvi.fi/perhe-ja-hyvinvointi/vanhuspalvelut.html","www.ristijarvi.fi","Senioripalvelut","localSeniorLinks.ts","https","ok","","200","38","1","https://www.ristijarvi.fi/perhe-ja-hyvinvointi/vanhuspalvelut.html","ei",""
"https://www.rimpparemmi.fi/","Tanssiteatteri Rimpparemmi","Valtakunnalliset palvelut","constants.tsx","https","ok","","206","350","1","https://rimpparemmi.fi/","ei",""
"https://www.retina.fi/","Retina","Yhdistykset ja yhteisöt","communityLinks.ts","https","ok","","200","817","1","https://retina.fi/","ei",""
"https://www.romanifoorumi.fi/","Suomen Romanifoorumi","Valtakunnalliset palvelut","constants.tsx","https","ok","","200","97","1","https://www.romanifoorumi.fi/","ei",""
"https://www.rollo.fi/","Teatteri Rollo","Valtakunnalliset palvelut","constants.tsx","https","ok","","200","190","1","https://www.rollo.fi/","ei",""
"https://www.riihimaki.fi/asu-ja-rakenna/liikenne-ja-kadut/joukkoliikenne/","Riihimäen joukkoliikenne","Paikalliset palvelut","localServices.ts","https","ok","","200","98","1","https://www.riihimaki.fi/asu-ja-rakenna/liikenne-ja-kadut/joukkoliikenne/","ei",""
"https://www.rovaniementeatteri.fi/","Rovaniemen Teatteri","Valtakunnalliset palvelut","constants.tsx","https","ok","","200","431","1","https://rovaniementeatteri.fi/","ei",""
"https://www.riihimaenteatteri.fi/","Riihimäen Teatteri","Valtakunnalliset palvelut","constants.tsx","https","ok","","200","1215","1","https://riihimaenteatteri.fi/","ei",""
"https://www.rovaniemi.fi/","www.rovaniemi.fi","Kuntien verkkosivut","municipalityWebsites.ts","https","ok","","200","591","1","https://www.rovaniemi.fi/","ei",""
"https://www.rundgrenoy.fi/","Liikenne Rundgren reitit","Paikalliset palvelut","localServices.ts","https","ok","","200","201","1","https://www.rundgrenoy.fi/","ei","empty_page"
"https://www.ruovesi-lehti.fi/","www.ruovesi-lehti.fi","Paikallislehdet","localNewspaperLinks.ts","https","ok","","206","161","1","https://www.ruovesi-lehti.fi/","ei",""
"https://www.pudasjarvi.fi/asuminen-ja-ymparisto/seniorit/","www.pudasjarvi.fi","Senioripalvelut","localSeniorLinks.ts","https","failed","http_status_error","404","3340","1","https://www.pudasjarvi.fi/asuminen-ja-ymparisto/seniorit/","ei",""
"https://www.ruovesi.fi/","www.ruovesi.fi","Kuntien verkkosivut","municipalityWebsites.ts","https","ok","","200","347","1","https://www.ruovesi.fi/","ei",""
"https://www.rovaniemi.fi/Asiointikanavat/Rovaniemen-kaupunginkirjaston-paakirjasto/288fd691-e285-4508-85f7-e5f8fa10b921","www.rovaniemi.fi","Digiopastus","seniorSurfGuidancePlaces.ts","https","ok","","200","486","1","https://www.rovaniemi.fi/Asiointikanavat/Rovaniemen-kaupunginkirjaston-paakirjasto/288fd691-e285-4508-85f7-e5f8fa10b921","ei",""
"https://www.rupriikki.fi/","Suomen mediamuseo Rupriikki","Yhdistykset ja yhteisöt","communityLinks.ts","https","failed","enotfound","","13","1","","ei",""
"https://www.rovaniemi.fi/taidemuseo","Rovaniemen taidemuseo","Yhdistykset ja yhteisöt","communityLinks.ts","https","failed","http_status_error","404","177","1","https://www.rovaniemi.fi/taidemuseo","ei",""
"https://www.s-kaupat.fi/","S-kaupat","Valtakunnalliset palvelut","constants.tsx","https","warning","access_limited","429","117","1","https://www.s-kaupat.fi/","ei",""
"https://www.ruutu.fi/","Ruutu","Valtakunnalliset palvelut","constants.tsx","https","ok","","200","44","1","https://www.ruutu.fi/","ei",""
"https://www.rantapohja.fi/","www.rantapohja.fi","Paikallislehdet","localNewspaperLinks.ts","https","ok","","200","5350","1","https://www.rantapohja.fi/","ei",""
"https://www.s-pankki.fi/fi/tiedotteet/2025/s-pankki-kehottaa-asiakaspalveluun-soittavia-tarkistamaan-puhelinnumeron/","S-Pankki asiakaspalvelu","Valtakunnalliset palvelut","constants.tsx","https","ok","","200","406","1","https://www.s-pankki.fi/fi/tiedotteet/2025/s-pankki-kehottaa-asiakaspalveluun-soittavia-tarkistamaan-puhelinnumeron/","ei",""
"https://www.saastopankki.fi/fi-fi/asiakaspalvelu/yhteydenottokanavat/puhelinnumerot","Säästöpankki asiakaspalvelu","Valtakunnalliset palvelut","constants.tsx","https","ok","","206","270","1","https://www.saastopankki.fi/fi-fi/asiakaspalvelu/yhteydenottokanavat/puhelinnumerot","ei",""
"https://www.sakyla.fi/","www.sakyla.fi","Kuntien verkkosivut","municipalityWebsites.ts","https","ok","","206","48","1","https://www.sakyla.fi/","ei",""
"https://www.saavutettavuusvaatimukset.fi/","www.saavutettavuusvaatimukset.fi","Lakisääteiset tiedot","saavutettavuus.tsx","https","ok","","200","269","1","https://www.saavutettavuusvaatimukset.fi/fi","ei",""
"https://www.s-pankki.fi/fi/turvallisuus-s-pankissa/turvallinen-pankkiasiointi/","Pankkien yhteinen korttien sulkupalvelu","Valtakunnalliset palvelut","constants.tsx","https","ok","","200","261","1","https://www.s-pankki.fi/fi/turvallisuus-s-pankissa/turvallinen-pankkiasiointi/","ei",""
"https://www.romanifoorumi.fi/jasenjarjestot/","Suomen Romanifoorumi - jäsenjärjestöt","Valtakunnalliset palvelut","constants.tsx","https","ok","","200","2440","1","https://www.romanifoorumi.fi/jasenjarjestot/","ei",""
"https://www.ruovesi.fi/tourists/","www.ruovesi.fi","Kuntien kieliversiot","municipalityWebsiteLocales.ts","https","ok","","200","1568","1","https://www.ruovesi.fi/for-tourists","ei",""
"https://www.pudasjarvi.fi/asuminen-ja-ymparisto/liikenneyhteydet/asiointiliikenne/","Pudasjärvi palveluliikenne","Liikenne","localServiceTransportLinks.ts","https","failed","http_status_error","404","1770","1","https://www.pudasjarvi.fi/asuminen-ja-ymparisto/liikenneyhteydet/asiointiliikenne/","ei",""
"https://www.ruovesi.fi/ruoveden-kunnan-asiointiliikenne-kesa-2026-16-982026","Ruovesi palveluliikenne","Liikenne","localServiceTransportLinks.ts","https","ok","","200","141","1","https://www.ruovesi.fi/ruoveden-kunnan-asiointiliikenne-kesa-2026-16-982026","ei",""
"https://www.salla.fi/","www.salla.fi","Kuntien verkkosivut","municipalityWebsites.ts","https","ok","","200","146","1","https://www.salla.fi/","ei",""
"https://www.salla.fi/feed/","www.salla.fi","Kuntauutiset","municipalityNewsFeeds.ts","https","ok","","200","65","1","https://www.salla.fi/feed/","ei",""
"https://www.salla.fi/palvelut/asuminen-rakentaminen-ja-ymparisto/palveluliikenne/","Salla palveluliikenne","Liikenne","localServiceTransportLinks.ts","https","ok","","200","53","1","https://www.salla.fi/palvelut/asuminen-rakentaminen-ja-ymparisto/palveluliikenne/","ei",""
"https://www.salla.fi/palvelut/kirjasto-ja-kulttuuripalvelut/kirjasto/","www.salla.fi","Digiopastus","seniorSurfGuidancePlaces.ts","https","ok","","200","41","1","https://www.salla.fi/palvelut/kirjasto-ja-kulttuuripalvelut/kirjasto/","ei",""
"https://www.ruovesi.fi/tiedotteet?rss=true","www.ruovesi.fi","Kuntauutiset","municipalityNewsFeeds.ts","https","ok","","200","160","1","https://www.ruovesi.fi/tiedotteet?rss=true","ei",""
"https://www.salla.fi/sisalto-kohderyhmittain/ikaihmiset/","www.salla.fi","Senioripalvelut","localSeniorLinks.ts","https","ok","","200","39","1","https://www.salla.fi/sisalto-kohderyhmittain/ikaihmiset/","ei",""
"https://www.saltvik.ax/","www.saltvik.ax","Kuntien kieliversiot","municipalityWebsiteLocales.ts","https","ok","","200","128","1","https://www.saltvik.ax/","ei",""
"https://www.salla.fi/en/","www.salla.fi","Kuntien kieliversiot","municipalityWebsiteLocales.ts","https","ok","","200","37","1","https://www.salla.fi/en/","ei",""
"https://www.salva.fi/","www.salva.fi","Digiopastus","seniorSurfGuidancePlaces.ts","https","ok","","200","102","1","https://www.salva.fi/","ei",""
"https://www.saltvik.ax/aldreomsorg","www.saltvik.ax","Senioripalvelut","localSeniorLinks.ts","https","ok","","200","37","1","https://www.saltvik.ax/aldreomsorg","ei",""
"https://www.sampolehti.fi/","www.sampolehti.fi","Paikallislehdet","localNewspaperLinks.ts","https","ok","","206","207","1","https://www.sampolehti.fi/","ei",""
"https://www.sanakirja.fi/","Sanakirja.fi","Valtakunnalliset palvelut","constants.tsx","https","ok","","206","132","1","https://www.sanakirja.fi/","ei",""
"https://www.sampolehti.fi/feed/rss/","www.sampolehti.fi","Paikallisuutiset","localNewspaperFeeds.ts","https","ok","","206","163","1","https://www.sampolehti.fi/feed/rss/","ei",""
"https://www.satakunnankansa.fi/","www.satakunnankansa.fi","Paikalliset palvelut","localServices.ts","https","ok","","206","246","1","https://www.satakunnankansa.fi/","ei",""
"https://www.satakuntamuseo.fi/","Satakunnan museo","Yhdistykset ja yhteisöt","communityLinks.ts","https","failed","enotfound","","59","1","","ei",""
"https://www.sakyla.fi/en/","www.sakyla.fi","Kuntien kieliversiot","municipalityWebsiteLocales.ts","https","ok","","200","1794","1","https://www.sakyla.fi/en/","ei",""
"https://www.satakunnansyopayhdistys.fi/paikallisosastot/rauman-seudun-paikallisosasto/","www.satakunnansyopayhdistys.fi","Digiopastus","seniorSurfGuidancePlaces.ts","https","ok","","200","512","1","https://satakunnansyopayhdistys.fi/paikallisosastot/","ei",""
"https://www.sapko.fi/","SaPKo","Urheiluseurat","localSportsClubs.ts","https","ok","","200","941","1","https://www.sapko.fi/","ei",""
"https://www.sateenkaariseniorit.fi/","Sateenkaariseniorit ry","Valtakunnalliset palvelut","constants.tsx","https","ok","","200","288","1","https://www.sateenkaariseniorit.fi/","ei",""
"https://www.rovaniemi.fi/Palvelut-sinulle/Ikaihmiselle","www.rovaniemi.fi","Senioripalvelut","localSeniorLinks.ts","https","ok","","200","3555","1","https://www.rovaniemi.fi/Palvelut-sinulle/Ikaihmiselle","ei",""
"https://www.sateenkaariseniorit.fi/ryhm%C3%A4toiminta","Sateenkaariseniorit - ryhmätoiminta","Valtakunnalliset palvelut","constants.tsx","https","ok","","200","176","1","https://www.sateenkaariseniorit.fi/ryhm%C3%A4toiminta","ei",""
"https://www.rovaniemi.fi/Vapaa-aika/Liikuntapalvelut/Senioriliikunta","www.rovaniemi.fi","Liikunta","localExerciseLinks.ts","https","ok","","200","640","1","https://www.rovaniemi.fi/Vapaa-aika/Liikuntapalvelut/Senioriliikunta","ei",""
"https://www.savitaipale.fi/","www.savitaipale.fi","Kuntien verkkosivut","municipalityWebsites.ts","https","ok","","200","347","1","https://www.savitaipale.fi/fi","ei",""
"https://www.sakyla.fi/vapaa-aika/liikuntapalvelut/liikuntaneuvonta/","www.sakyla.fi","Liikunta","localExerciseLinks.ts","https","ok","","200","2186","1","https://www.sakyla.fi/vapaa-aika/liikuntapalvelut/liikuntaneuvonta/","ei",""
"https://www.savonetti.fi/","Savonetti","Valtakunnalliset palvelut","constants.tsx","https","ok","","200","137","1","https://www.savonetti.fi/","ei",""
"https://www.savonlinna.fi/","www.savonlinna.fi","Kuntien verkkosivut","municipalityWebsites.ts","https","ok","","200","45","1","https://www.savonlinna.fi/","ei",""
"https://www.savonlinna.fi/asukas/liikunta-ja-ulkoilu/liikuntaneuvonta/","www.savonlinna.fi","Liikunta","localExerciseLinks.ts","https","ok","","200","3","1","https://www.savonlinna.fi/asukas/liikunta-ja-ulkoilu/liikuntaneuvonta/","ei",""
"https://www.sauvo.fi/","www.sauvo.fi","Kuntien verkkosivut","municipalityWebsites.ts","https","ok","","200","1927","1","https://www.sauvo.fi/","ei",""
"https://www.savonlinna.fi/en/","www.savonlinna.fi","Kuntien kieliversiot","municipalityWebsiteLocales.ts","https","ok","","200","188","1","https://www.savonlinna.fi/en/","ei",""
"https://www.savonlinna.fi/kirjasto/asiakkaana-kirjastossa/neuvonta-ja-tietopalvelu/","www.savonlinna.fi","Digiopastus","seniorSurfGuidancePlaces.ts","https","ok","","200","43","1","https://www.savonlinna.fi/kirjasto/asiakkaana-kirjastossa/neuvonta-ja-tietopalvelu/","ei",""
"https://www.savonlinna.fi/ru/","www.savonlinna.fi","Kuntien kieliversiot","municipalityWebsiteLocales.ts","https","ok","","200","52","1","https://www.savonlinna.fi/ru/","ei",""
"https://www.savonlinna.fi/sv/","www.savonlinna.fi","Kuntien kieliversiot","municipalityWebsiteLocales.ts","https","ok","","200","46","1","https://www.savonlinna.fi/sv/","ei",""
"https://www.savonlinna.fi/feed/","www.savonlinna.fi","Kuntauutiset","municipalityNewsFeeds.ts","https","ok","","200","70","1","https://www.savonlinna.fi/feed/","ei",""
"https://www.savonsanomat.fi/","www.savonsanomat.fi","Paikalliset palvelut","localServices.ts","https","ok","","206","82","1","https://www.savonsanomat.fi/","ei",""
"https://www.savonlinna.fi/asukas/kadut-ja-liikenne/liikenne/","Savonlinna palveluliikenne","Liikenne","localServiceTransportLinks.ts","https","ok","","200","4","1","https://www.savonlinna.fi/asukas/kadut-ja-liikenne/liikenne/","ei",""
"https://www.savukoski.fi/","www.savukoski.fi","Kuntien verkkosivut","municipalityWebsites.ts","https","ok","","200","331","1","https://www.savukoski.fi/","ei",""
"https://www.savonlinnanteatteri.fi/","Savonlinnan Teatteri","Valtakunnalliset palvelut","constants.tsx","https","ok","","206","735","1","https://savonlinnanteatteri.fi/","ei",""
"https://www.sedy.fi/","Suomen Ehlers-Danlos yhdistys (SEDY)","Yhdistykset ja yhteisöt","communityLinks.ts","https","failed","err_tls_cert_altname_invalid","","61","1","","ei",""
"https://www.seinajoki.fi/","www.seinajoki.fi","Kuntien verkkosivut","municipalityWebsites.ts","https","ok","","200","41","1","https://www.seinajoki.fi/","ei",""
"https://www.seinajoki.fi/asuminen-ja-ymparisto/kadut-ja-liikenne/joukkoliikenne/palveluliikenne/","Seinäjoki palveluliikenne","Liikenne","localServiceTransportLinks.ts","https","ok","","200","3","1","https://www.seinajoki.fi/asuminen-ja-ymparisto/kadut-ja-liikenne/joukkoliikenne/palveluliikenne/","ei",""
"https://www.seinajoki.fi/en/","www.seinajoki.fi","Kuntien kieliversiot","municipalityWebsiteLocales.ts","https","ok","","200","3","1","https://www.seinajoki.fi/en/","ei",""
"https://www.seinajoki.fi/feed/","www.seinajoki.fi","Kuntauutiset","municipalityNewsFeeds.ts","https","ok","","200","125","1","https://www.seinajoki.fi/feed/","ei",""
"https://www.seinajoki.fi/ikaantyvien-palvelut/","www.seinajoki.fi","Senioripalvelut","localSeniorLinks.ts","https","ok","","200","15","1","https://www.seinajoki.fi/ikaantyvien-palvelut/","ei",""
"https://www.seinajoki.fi/kulttuuri-ja-liikunta/liikunta/ohjattuliikunta/vertaisohjaaja-liikuntaryhmat/","www.seinajoki.fi","Liikunta","localExerciseLinks.ts","https","ok","","200","3","1","https://www.seinajoki.fi/kulttuuri-ja-liikunta/liikunta/ohjattuliikunta/vertaisohjaaja-liikuntaryhmat/","ei",""
"https://www.seinajoki.fi/osallistu-ja-asioi/asiointi/digiapu/","www.seinajoki.fi","Digiopastus","seniorSurfGuidancePlaces.ts","https","ok","","200","4","1","https://www.seinajoki.fi/osallistu-ja-asioi/asiointi/digiapu/","ei",""
"https://www.sakyla.fi/feed/","www.sakyla.fi","Kuntauutiset","municipalityNewsFeeds.ts","https","ok","","200","1594","1","https://www.sakyla.fi/feed/","ei",""
"https://www.seinajoki.fi/sv/","www.seinajoki.fi","Kuntien kieliversiot","municipalityWebsiteLocales.ts","https","ok","","200","92","1","https://www.seinajoki.fi/sv/","ei",""
"https://www.senioriliitto.fi/","Kansallinen Senioriliitto ry","Yhdistykset ja yhteisöt","communityLinks.ts","https","warning","access_limited","403","148","1","https://www.senioriliitto.fi/","ei",""
"https://www.savukoski.fi/news-article/liikuntapalvelut/","www.savukoski.fi","Liikunta","localExerciseLinks.ts","https","failed","http_status_error","404","808","1","https://www.savukoski.fi/news-article/liikuntapalvelut/","ei",""
"https://www.seniorsurf.fi/aloitus/","www.seniorsurf.fi","Sivuston kiinteät linkit","components/HomepageModal.tsx","https","ok","","206","92","1","https://www.seniorsurf.fi/aloitus/","ei",""
"https://www.senioriliitto.fi/liitto/paikallisyhdistykset/","Senioriliitto – Etelä-Karjala","Yhdistykset ja yhteisöt","communityLinks.ts","https","warning","access_limited","403","29","1","https://www.senioriliitto.fi/liitto/paikallisyhdistykset/","ei",""
"https://www.savukoski.fi/elinkeino/kutsutaksi/","Savukoski palveluliikenne","Liikenne","localServiceTransportLinks.ts","https","ok","","200","183","1","https://www.savukoski.fi/elinkeino/kutsutaksi/","ei",""
"https://www.sievi.fi/","www.sievi.fi","Kuntien verkkosivut","municipalityWebsites.ts","https","ok","","200","150","1","https://www.sievi.fi/","ei",""
"https://www.sievi.fi/rss.xml","www.sievi.fi","Kuntauutiset","municipalityNewsFeeds.ts","https","ok","","200","24","1","https://www.sievi.fi/rss.xml","ei",""
"https://www.sauvo.fi/?lang=en","www.sauvo.fi","Kuntien kieliversiot","municipalityWebsiteLocales.ts","https","ok","","200","1762","1","https://www.sauvo.fi/?lang=en","ei",""
"https://www.sievi.fi/tapahtuma/tyottomien-ohjattu-liikunta-keskiviikkoisin","www.sievi.fi","Liikunta","localExerciseLinks.ts","https","ok","","200","65","1","https://www.sievi.fi/tapahtuma/tyottomien-ohjattu-liikunta-keskiviikkoisin","ei",""
"https://www.siikajoki.fi/","www.siikajoki.fi","Kuntien verkkosivut","municipalityWebsites.ts","https","ok","","200","109","1","https://www.siikajoki.fi/","ei",""
"https://www.sievi.fi/joukkoliikenne","Sievin joukkoliikenne","Paikalliset palvelut","localServices.ts","https","ok","","200","26","1","https://www.sievi.fi/joukkoliikenne","ei",""
"https://www.siikajoki.fi/rss.xml","www.siikajoki.fi","Kuntauutiset","municipalityNewsFeeds.ts","https","ok","","200","112","1","https://www.siikajoki.fi/rss.xml","ei",""
"https://www.sievi.fi/ikaihmiset","www.sievi.fi","Senioripalvelut","localSeniorLinks.ts","https","ok","","200","28","1","https://www.sievi.fi/ikaihmiset","ei",""
"https://www.serlachius.fi/","Serlachius-museo Gustaf","Yhdistykset ja yhteisöt","communityLinks.ts","https","ok","","200","733","1","https://serlachius.fi/","ei",""
"https://www.simo.fi/","www.simo.fi","Kuntien verkkosivut","municipalityWebsites.ts","https","ok","","200","336","1","https://www.simo.fi/","ei",""
"https://www.siikajoki.fi/joukkoliikenne","Siikajoki palveluliikenne","Liikenne","localServiceTransportLinks.ts","https","ok","","200","455","1","https://www.siikajoki.fi/joukkoliikenne","ei",""
"https://www.siikajokilaakso.fi/","www.siikajokilaakso.fi","Paikallislehdet","localNewspaperLinks.ts","https","ok","","200","469","1","https://www.siikajokilaakso.fi/","ei",""
"https://www.simo.fi/kunta-ja-hallinto/asiointi/","Simo asiointikuljetukset","Liikenne","localServiceTransportLinks.ts","https","ok","","200","67","1","https://www.simo.fi/kunta-ja-hallinto/asiointi/","ei",""
"https://www.sinfonialahti.fi/","Sinfonia Lahti","Valtakunnalliset palvelut","constants.tsx","https","ok","","200","334","1","https://sinfonialahti.fi/","ei",""
"https://www.sinkka.fi/","Taide- ja museokeskus Sinkka","Yhdistykset ja yhteisöt","communityLinks.ts","https","ok","","200","211","1","https://www.sinkka.fi/","ei",""
"https://www.sakyla.fi/sv/","www.sakyla.fi","Kuntien kieliversiot","municipalityWebsiteLocales.ts","https","ok","","200","1926","1","https://www.sakyla.fi/sv/","ei",""
"https://www.siilinjarvi.fi/","www.siilinjarvi.fi","Kuntien verkkosivut","municipalityWebsites.ts","https","ok","","200","1241","1","https://siilinjarvi.fi/","ei",""
"https://www.sipoo.fi/","www.sipoo.fi","Kuntien verkkosivut","municipalityWebsites.ts","https","ok","","200","1051","1","https://www.sipoo.fi/","ei",""
"https://www.sauvo.fi/?lang=sv","www.sauvo.fi","Kuntien kieliversiot","municipalityWebsiteLocales.ts","https","ok","","200","1825","1","https://www.sauvo.fi/?lang=sv","ei",""
"https://www.sisa-savolehti.fi/","www.sisa-savolehti.fi","Paikallislehdet","localNewspaperLinks.ts","https","ok","","206","159","1","https://www.sisa-savolehti.fi/","ei",""
"https://www.sisa-savolehti.fi/feed/rss/","www.sisa-savolehti.fi","Paikallisuutiset","localNewspaperFeeds.ts","https","ok","","206","46","1","https://www.sisa-savolehti.fi/feed/rss/","ei",""
"https://www.sisasuomenlehti.fi/","www.sisasuomenlehti.fi","Paikallislehdet","localNewspaperLinks.ts","https","ok","","206","198","1","https://www.sisasuomenlehti.fi/","ei",""
"https://www.siunsote.fi/","www.siunsote.fi","Paikalliset palvelut","localServices.ts","https","ok","","200","153","1","https://www.siunsote.fi/","ei",""
"https://www.sisasuomenlehti.fi/feed/rss/","www.sisasuomenlehti.fi","Paikallisuutiset","localNewspaperFeeds.ts","https","ok","","206","126","1","https://www.sisasuomenlehti.fi/feed/rss/","ei",""
"https://www.siunsote.fi/ajankohtaista/","www.siunsote.fi","Paikalliset palvelut","localServices.ts","https","ok","","200","53","1","https://www.siunsote.fi/ajankohtaista/","ei",""
"https://www.sipoo.fi/feed/","www.sipoo.fi","Kuntauutiset","municipalityNewsFeeds.ts","https","ok","","200","476","1","https://www.sipoo.fi/feed/","ei",""
"https://www.siuntio.fi/","www.siuntio.fi","Kuntien verkkosivut","municipalityWebsites.ts","https","ok","","200","86","1","https://www.siuntio.fi/","ei",""
"https://www.skleroderma.fi/","Suomen Sklerodermayhdistys","Yhdistykset ja yhteisöt","communityLinks.ts","https","failed","enotfound","","13","1","","ei",""
"https://www.siuntio.fi/sv/","www.siuntio.fi","Kuntien kieliversiot","municipalityWebsiteLocales.ts","https","ok","","200","460","1","https://www.siuntio.fi/sv/","ei",""
"https://www.sakyla.fi/vapaa-aika/kulttuuri/kirjasto/aukioloajat/","www.sakyla.fi","Digiopastus","seniorSurfGuidancePlaces.ts","https","ok","","200","1872","1","https://www.sakyla.fi/vapaa-aika/kulttuuri/kirjasto/aukioloajat/","ei",""
"https://www.sodankyla.fi/","www.sodankyla.fi","Kuntien verkkosivut","municipalityWebsites.ts","https","ok","","200","83","1","https://www.sodankyla.fi/","ei",""
"https://www.sodankyla.fi/en/","www.sodankyla.fi","Kuntien kieliversiot","municipalityWebsiteLocales.ts","https","ok","","200","25","1","https://www.sodankyla.fi/en/","ei",""
"https://www.sodankyla.fi/vapaa-aika-ja-hyvinvointi/liikunta/ohjattu-liikunta/","www.sodankyla.fi","Liikunta","localExerciseLinks.ts","https","ok","","200","27","1","https://www.sodankyla.fi/vapaa-aika-ja-hyvinvointi/liikunta/ohjattu-liikunta/","ei",""
"https://www.smafinland.fi/","SMA Finland","Yhdistykset ja yhteisöt","communityLinks.ts","https","ok","","206","947","1","https://smafinland.fi/","ei",""
"https://www.sodankyla.fi/asuminen-ja-ymparisto/tiet-reitit-ja-liikenne/liikenne/","Sodankylä palveluliikenne","Liikenne","localServiceTransportLinks.ts","https","ok","","200","27","1","https://www.sodankyla.fi/asuminen-ja-ymparisto/tiet-reitit-ja-liikenne/liikenne/","ei",""
"https://www.sipoo.fi/sv/","www.sipoo.fi","Kuntien kieliversiot","municipalityWebsiteLocales.ts","https","ok","","200","1138","1","https://www.sipoo.fi/sv/","ei",""
"https://www.sauvo.fi/sauvon-sisainen-asiointiliikenne-22-4-alkaen/","Sauvo palveluliikenne","Liikenne","localServiceTransportLinks.ts","https","ok","","200","1829","1","https://www.sauvo.fi/sauvon-sisainen-asiointiliikenne-22-4-alkaen/","ei",""
"https://www.sipoo.fi/en/","www.sipoo.fi","Kuntien kieliversiot","municipalityWebsiteLocales.ts","https","ok","","200","406","1","https://www.sipoo.fi/en/","ei",""
"https://www.somerolehti.fi/","www.somerolehti.fi","Paikallislehdet","localNewspaperLinks.ts","https","ok","","206","50","1","https://www.somerolehti.fi/","ei",""
"https://www.siuntio.fi/vapaa-aika-ja-liikunta/liikunta-ja-ulkoilu/ohjattua-liikuntaa/","www.siuntio.fi","Liikunta","localExerciseLinks.ts","https","ok","","200","681","1","https://www.siuntio.fi/vapaa-aika-ja-liikunta/liikunta-ja-ulkoilu/ohjattua-liikuntaa/","ei",""
"https://www.somero.fi/","www.somero.fi","Kuntien verkkosivut","municipalityWebsites.ts","https","ok","","200","126","1","https://www.somero.fi/","ei",""
"https://www.somerolehti.fi/feed/","www.somerolehti.fi","Paikallisuutiset","localNewspaperFeeds.ts","https","ok","","206","246","1","https://www.somerolehti.fi/feed/","ei",""
"https://www.somero.fi/in-english/","www.somero.fi","Kuntien kieliversiot","municipalityWebsiteLocales.ts","https","ok","","200","104","1","https://www.somero.fi/in-english/","ei",""
"https://www.sonkajarvi.fi/asuminen-ja-ymparisto/tiet-ja-liikenne/joukkoliikenne/","Sonkajärvi asiointi- ja palveluliikenne","Liikenne","localServiceTransportLinks.ts","https","failed","http_status_error","404","204","1","https://www.sonkajarvi.fi/asuminen-ja-ymparisto/tiet-ja-liikenne/joukkoliikenne/","ei",""
"https://www.siuntio.fi/feed/","www.siuntio.fi","Kuntauutiset","municipalityNewsFeeds.ts","https","ok","","200","266","1","https://www.siuntio.fi/feed/","ei",""
"https://www.sotkamo.fi/","www.sotkamo.fi","Kuntien verkkosivut","municipalityWebsites.ts","https","ok","","200","74","1","https://www.sotkamo.fi/","ei",""
"https://www.sotkamo.fi/en/","www.sotkamo.fi","Kuntien kieliversiot","municipalityWebsiteLocales.ts","https","ok","","200","3","1","https://www.sotkamo.fi/en/","ei",""
"https://www.sotkamo.fi/kunta-ja-hallinto-2/tietoa-kunnasta/joukkoliikenne/","Sotkamo palveluliikenne","Liikenne","localServiceTransportLinks.ts","https","ok","","200","102","1","https://www.sotkamo.fi/kunta-ja-hallinto-2/tietoa-kunnasta/joukkoliikenne/","ei",""
"https://www.sotkamo.fi/vapaa-aika-ja-liikunta/liikuntapalvelut/liikuntaneuvonta/","www.sotkamo.fi","Liikunta","localExerciseLinks.ts","https","ok","","200","4","1","https://www.sotkamo.fi/vapaa-aika-ja-liikunta/liikuntapalvelut/liikuntaneuvonta/","ei",""
"https://www.sipoo.fi/fi/kulttuuri_ja_vapaa-aika/kirjasto/kirjastot_ja_yhteystiedot/sipoon_paakirjasto","www.sipoo.fi","Digiopastus","seniorSurfGuidancePlaces.ts","https","failed","http_status_error","404","1061","1","https://www.sipoo.fi/fi/kulttuuri_ja_vapaa-aika/kirjasto/kirjastot_ja_yhteystiedot/sipoon_paakirjasto","ei",""
"https://www.somero.fi/vapaa-aika-ja-matkailu/liikunta-ja-ulkoilu/ohjattua-liikuntaa/","www.somero.fi","Liikunta","localExerciseLinks.ts","https","ok","","200","157","1","https://www.somero.fi/vapaa-aika-ja-matkailu/liikunta-ja-ulkoilu/ohjattua-liikuntaa/","ei",""
"https://www.sotos.fi/","Suomen Sotos-perheiden tukiyhdistys","Yhdistykset ja yhteisöt","communityLinks.ts","https","failed","enotfound","","13","1","","ei",""
"https://www.sotamuseo.fi/","Suomen sotamuseo","Yhdistykset ja yhteisöt","communityLinks.ts","https","ok","","200","630","1","https://sotamuseo.fi/etusivu","ei",""
"https://www.spfpension.fi/","Svenska pensionärsförbundet","Yhdistykset ja yhteisöt","communityLinks.ts","https","ok","","200","106","1","https://www.spfpension.fi/","ei",""
"https://www.sompionkirjasto.fi/pelkosenniemi/","www.sompionkirjasto.fi","Digiopastus","seniorSurfGuidancePlaces.ts","https","ok","","200","1015","1","https://www.sompionkirjasto.fi/pelkosenniemi/","ei",""
"https://www.sottunga.ax/","www.sottunga.ax","Kuntien kieliversiot","municipalityWebsiteLocales.ts","https","ok","","200","111","1","https://www.sottunga.ax/","ei",""
"https://www.suhupo.fi/","SUHUPO","Yhdistykset ja yhteisöt","communityLinks.ts","https","failed","enotfound","","13","1","","ei",""
"https://www.sss.fi/","www.sss.fi","Paikalliset palvelut","localServices.ts","https","ok","","206","40","1","https://www.sss.fi/","ei",""
"https://www.sompionkirjasto.fi/sodankyla/","www.sompionkirjasto.fi","Digiopastus","seniorSurfGuidancePlaces.ts","https","ok","","200","20","1","https://www.sompionkirjasto.fi/sodankyla/","ei",""
"https://www.spfpension.fi/foreningar/","Svenska pensionärsförbundet paikallisyhdistykset","Yhdistykset ja yhteisöt","communityLinks.ts","https","ok","","200","27","1","https://www.spfpension.fi/foreningar/","ei",""
"https://www.sund.ax/","www.sund.ax","Kuntien kieliversiot","municipalityWebsiteLocales.ts","https","ok","","200","103","1","https://www.sund.ax/","ei",""
"https://www.sund.ax/social-service/aldreomsorgen-sund","www.sund.ax","Senioripalvelut","localSeniorLinks.ts","https","ok","","200","31","1","https://www.sund.ax/social-service/aldreomsorgen-sund","ei",""
"https://www.sompionkirjasto.fi/savukoski/","www.sompionkirjasto.fi","Digiopastus","seniorSurfGuidancePlaces.ts","https","ok","","200","34","1","https://www.sompionkirjasto.fi/savukoski/","ei",""
"https://www.suomenselansanomat.net/","www.suomenselansanomat.net","Paikallislehdet","localNewspaperLinks.ts","https","ok","","206","163","1","https://www.suomenselansanomat.net/","ei",""
"https://www.somero.fi/vapaa-aika-ja-matkailu/liikunta-ja-ulkoilu/etajumppa/","Somero - tuoli- ja tasapainojumppa","Valtakunnalliset palvelut","constants.tsx","https","ok","","200","100","1","https://www.somero.fi/vapaa-aika-ja-matkailu/liikunta-ja-ulkoilu/etajumppa/","ei",""
"https://www.suomenselanmuisti.fi/","Suomenselän Muisti ry","Yhdistykset ja yhteisöt","communityLinks.ts","https","ok","","200","523","1","https://www.suomenselanmuisti.fi/","ei",""
"https://www.sauvo.fi/kulttuuri-ja-vapaa-aika/hyvinvointi/liikuntaneuvonta/","www.sauvo.fi","Liikunta","localExerciseLinks.ts","https","ok","","200","1986","1","https://www.sauvo.fi/kulttuuri-ja-vapaa-aika/hyvinvointi/liikuntaneuvonta/","ei",""
"https://www.susel.fi/","Suomen Seuratanssiliitto SUSEL","Valtakunnalliset palvelut","constants.tsx","https","ok","","200","129","1","https://www.susel.fi/","ei",""
"https://www.suomenlatu.fi/","Suomen Latu","Valtakunnalliset palvelut","constants.tsx","https","ok","","200","986","1","https://www.suomenlatu.fi/","ei",""
"https://www.suomi.fi/muut-kielet/viittomakieli/kansalaiselle/opetus-ja-koulutus","Suomi.fi viittomakielellä","Valtakunnalliset palvelut","constants.tsx","https","ok","","200","597","1","https://www.suomi.fi/muut-kielet/viittomakieli/kansalaiselle/opetus-ja-koulutus","ei",""
"https://www.susel.fi/susel/seuratanssi/","SUSEL - seuratanssin tietoa","Valtakunnalliset palvelut","constants.tsx","https","ok","","200","350","1","https://www.susel.fi/susel/seuratanssi/","ei",""
"https://www.sukujutut.fi/","Sukujutut","Valtakunnalliset palvelut","constants.tsx","https","ok","","200","1307","1","https://www.sukujutut.fi/","ei",""
"https://www.suvantory.fi/","Suvanto ry","Valtakunnalliset palvelut","constants.tsx","https","ok","","200","135","1","https://www.suvantory.fi/","ei",""
"https://www.somero.fi/asuminen-ja-ymparisto/kadut-ja-liikenne/asiointiliikenne/","Somero palveluliikenne","Liikenne","localServiceTransportLinks.ts","https","ok","","200","103","1","https://www.somero.fi/asuminen-ja-ymparisto/kadut-ja-liikenne/asiointiliikenne/","ei",""
"https://www.suupohjansanomat.fi/","www.suupohjansanomat.fi","Paikallislehdet","localNewspaperLinks.ts","https","ok","","200","301","1","https://www.suupohjansanomat.fi/","ei",""
"https://www.sydanlapset.fi/","Sydänlapset ja -aikuiset","Yhdistykset ja yhteisöt","communityLinks.ts","https","ok","","200","126","1","https://sydanlapsetjaaikuiset.fi/","kyllä",""
"https://www.syke.fi/","Sydän- ja Keuhkosiirrokkaat (Syke)","Yhdistykset ja yhteisöt","communityLinks.ts","https","ok","","206","43","1","https://www.syke.fi/fi","ei",""
"https://www.sydin.fi/","www.sydin.fi","Paikalliset palvelut","localServices.ts","https","ok","","206","87","1","https://www.sydin.fi/","ei",""
"https://www.suomi.fi/palvelut/harrastushaku","Suomi.fi harrastushaku","Valtakunnalliset palvelut","constants.tsx","https","ok","","200","322","1","https://www.suomi.fi/palvelut/-/harrastushaku","ei",""
"https://www.sydansatakunta.fi/","www.sydansatakunta.fi","Paikallislehdet","localNewspaperLinks.ts","https","ok","","206","284","1","https://www.sydansatakunta.fi/","ei",""
"https://www.sylva.fi/","Sylva","Yhdistykset ja yhteisöt","communityLinks.ts","https","ok","","200","203","1","https://www.sylva.fi/","ei",""
"https://www.suomi.fi/ohjeet-ja-tuki","Suomi.fi ohjeet","Valtakunnalliset palvelut","constants.tsx","https","ok","","200","213","1","https://www.suomi.fi/ohjeet-ja-tuki","ei",""
"https://www.sotkamolehti.fi/","www.sotkamolehti.fi","Paikallislehdet","localNewspaperLinks.ts","https","ok","","200","2287","1","https://www.sotkamolehti.fi/","ei",""
"https://www.svenskateatern.fi/sv/start/","Svenska Teatern","Valtakunnalliset palvelut","constants.tsx","https","ok","","200","732","1","https://svenskateatern.fi/","ei",""
"https://www.taivalkoski.fi/","www.taivalkoski.fi","Kuntien verkkosivut","municipalityWebsites.ts","https","ok","","200","206","1","https://taivalkoski.fi/","ei",""
"https://www.taivassalo.fi/","www.taivassalo.fi","Kuntien verkkosivut","municipalityWebsites.ts","https","ok","","200","350","1","https://www.taivassalo.fi/","ei",""
"https://www.tammela.fi/","www.tammela.fi","Kuntien verkkosivut","municipalityWebsites.ts","https","ok","","206","155","1","https://www.tammela.fi/","ei",""
"https://www.tammela.fi/kulttuuri-vapaa-aika-ja-liikunta/liikuntapalvelut/erityisliikunta","www.tammela.fi","Liikunta","localExerciseLinks.ts","https","ok","","206","56","1","https://www.tammela.fi/kulttuuri-vapaa-aika-ja-liikunta/liikuntapalvelut/erityisliikunta","ei",""
"https://www.taipalsaari.fi/","www.taipalsaari.fi","Kuntien verkkosivut","municipalityWebsites.ts","https","ok","","200","754","1","https://www.taipalsaari.fi/fi","ei",""
"https://www.tammela.fi/peliittapirssi","Tammela Peliittapirssi","Liikenne","localServiceTransportLinks.ts","https","ok","","206","56","1","https://www.tammela.fi/peliittapirssi","ei",""
"https://www.talouselama.fi/","Talouselämä","Valtakunnalliset palvelut","constants.tsx","https","ok","","206","366","1","https://www.talouselama.fi/","ei",""
"https://www.tampere.fi/","Tampereen palvelut","Paikalliset palvelut","localServices.ts","https","ok","","206","125","1","https://www.tampere.fi/","ei",""
"https://www.tammela.fi/in-english","www.tammela.fi","Kuntien kieliversiot","municipalityWebsiteLocales.ts","https","ok","","206","58","1","https://www.tammela.fi/in-english","ei",""
"https://www.tampere.fi/ajankohtaista/ilmoitukset.xml","Tampereen ilmoitukset","Paikalliset palvelut","localServices.ts","https","ok","","206","46","1","https://www.tampere.fi/ajankohtaista/ilmoitukset.xml","ei",""
"https://www.taipalsaari.fi/fi/asuminen-ja-ymparisto/tiet-ja-liikenne/joukkoliikenne","Taipalsaaren joukkoliikenne","Paikalliset palvelut","localServices.ts","https","ok","","200","109","1","https://www.taipalsaari.fi/fi/asuminen-ja-ymparisto/tiet-ja-liikenne/joukkoliikenne","ei",""
"https://www.suomi.fi/palvelut/palvelupiste/03fc3df4-8510-4652-919d-257b378496ca","www.suomi.fi","Digiopastus","seniorSurfGuidancePlaces.ts","https","ok","","200","490","1","https://www.suomi.fi/palvelut/palvelupiste/asiointipiste-mikkeli-mikkelin-kaupunki/03fc3df4-8510-4652-919d-257b378496ca","ei",""
"https://www.tammela.fi/asuminen-ja-ymparisto/liikenne/liikenneyhteydet","Tammelan liikenneyhteydet","Paikalliset palvelut","localServices.ts","https","ok","","206","54","1","https://www.tammela.fi/asuminen-ja-ymparisto/liikenne/liikenneyhteydet","ei",""
"https://www.tampere.fi/en","www.tampere.fi","Kuntien kieliversiot","municipalityWebsiteLocales.ts","https","ok","","206","71","1","https://www.tampere.fi/en","ei",""
"https://www.tampere.fi/ikaantyneet","www.tampere.fi","Senioripalvelut","localSeniorLinks.ts","https","ok","","206","43","1","https://www.tampere.fi/ikaantyneet","ei",""
"https://www.tammela.fi/rss.xml","www.tammela.fi","Kuntauutiset","municipalityNewsFeeds.ts","https","ok","","206","57","1","https://www.tammela.fi/rss.xml","ei",""
"https://www.taivassalo.fi/matkailu/joukko-ja-palveluliikenne","Taivassalo palveluliikenne","Liikenne","localServiceTransportLinks.ts","https","ok","","200","705","1","https://www.taivassalo.fi/matkailu/joukko-ja-palveluliikenne","ei",""
"https://www.tampere.fi/kirjastot/asiakkaana-kirjastossa/digitukea-kirjastosta","www.tampere.fi","Digiopastus","seniorSurfGuidancePlaces.ts","https","ok","","200","149","1","https://www.tampere.fi/kirjastot/digitukea-kirjastosta","ei",""
"https://www.tamperelainen.fi/","www.tamperelainen.fi","Paikallislehdet","localNewspaperLinks.ts","https","ok","","206","192","1","https://www.tamperelainen.fi/","ei",""
"https://www.suomi.fi/ohjeet-ja-tuki/tuki-ja-neuvonta/kansalaisneuvonta","Suomi.fi-palvelujen neuvonta","Valtakunnalliset palvelut","constants.tsx","https","ok","","200","362","1","https://www.suomi.fi/ohjeet-ja-tuki/tuki-ja-neuvonta/suomi-fi-palvelujen-neuvonta","ei",""
"https://www.tampere.fi/kirjastot/digitukea-kirjastosta","www.tampere.fi","Digiopastus","seniorSurfGuidancePlaces.ts","https","ok","","206","42","1","https://www.tampere.fi/kirjastot/digitukea-kirjastosta","ei",""
"https://www.tamperelainen.fi/feed/rss/","www.tamperelainen.fi","Paikallisuutiset","localNewspaperFeeds.ts","https","ok","","206","44","1","https://www.tamperelainen.fi/feed/rss/","ei",""
"https://www.tampereenteatteri.fi/","Tampereen Teatteri","Valtakunnalliset palvelut","constants.tsx","https","ok","","200","221","1","https://tampereenteatteri.fi/","ei",""
"https://www.tanssiin.fi/","Tanssiin.fi - tanssit ja keikat","Valtakunnalliset palvelut","constants.tsx","https","ok","","200","73","1","https://www.tanssiin.fi/","ei",""
"https://www.tampere.fi/ajankohtaista/uutiset.xml","Tampereen uutiset","Paikalliset palvelut","localServices.ts","https","ok","","206","44","1","https://www.tampere.fi/ajankohtaista/uutiset.xml","ei",""
"https://www.tanssiin.fi/tanssilavat/","Tanssiin.fi - tanssipaikat kartalla","Valtakunnalliset palvelut","constants.tsx","https","ok","","200","14","1","https://www.tanssiin.fi/tanssilavat/","ei",""
"https://www.tampere.fi/ajankohtaista/artikkelit.xml","Tampereen artikkelit","Paikalliset palvelut","localServices.ts","https","ok","","206","45","1","https://www.tampere.fi/ajankohtaista/artikkelit.xml","ei",""
"https://www.tanssi.io/","Tanssi.net - lavatanssikalenteri","Valtakunnalliset palvelut","constants.tsx","https","ok","","200","287","1","https://www.tanssi.io/","ei",""
"https://www.tamperefilharmonia.fi/","Tampere Filharmonia","Valtakunnalliset palvelut","constants.tsx","https","ok","","200","279","1","https://www.tamperefilharmonia.fi/","ei",""
"https://www.teatteri-imatra.fi/","Teatteri Imatra","Valtakunnalliset palvelut","constants.tsx","https","ok","","200","196","1","https://teatteri-imatra.fi/","ei",""
"https://www.tanssiteatterimd.fi/","Tanssiteatteri MD","Valtakunnalliset palvelut","constants.tsx","https","ok","","200","151","1","https://tanssiteatterimd.fi/","ei",""
"https://www.taivassalo.fi/vapaa-aika/liikunta/liikuntaryhmat","www.taivassalo.fi","Liikunta","localExerciseLinks.ts","https","ok","","200","670","1","https://www.taivassalo.fi/vapaa-aika/liikunta/liikuntaryhmat","ei",""
"https://www.tejuka-lehti.fi/","www.tejuka-lehti.fi","Paikallislehdet","localNewspaperLinks.ts","https","ok","","206","173","1","https://www.tejuka-lehti.fi/","ei",""
"https://www.teory.fi/iltatupa","www.teory.fi","Digiopastus","seniorSurfGuidancePlaces.ts","https","ok","","200","206","1","https://www.teory.fi/iltatupa","ei",""
"https://www.tervareitti.fi/","www.tervareitti.fi","Paikallislehdet","localNewspaperLinks.ts","https","ok","","206","232","1","https://www.tervareitti.fi/","ei","empty_page"
"https://www.terveyskirjasto.fi/","Terveyskirjasto","Valtakunnalliset palvelut","constants.tsx","https","ok","","200","81","1","https://www.terveyskirjasto.fi/","ei",""
"https://www.tappara.fi/","Tappara","Urheiluseurat","localSportsClubs.ts","https","ok","","200","1147","1","https://www.tappara.fi/","ei",""
"https://www.terveystalo.com/","Terveystalo","Valtakunnalliset palvelut","constants.tsx","https","ok","","200","377","1","https://www.terveystalo.com/","ei",""
"https://www.terveyskyla.fi/","Terveyskylä","Valtakunnalliset palvelut","constants.tsx","https","ok","","200","266","1","https://www.terveyskyla.fi/","ei",""
"https://www.tervo.fi/","www.tervo.fi","Kuntien verkkosivut","municipalityWebsites.ts","https","ok","","200","185","1","https://www.tervo.fi/fi/etusivu","ei",""
"https://www.tervo.fi/kirjasto","www.tervo.fi","Digiopastus","seniorSurfGuidancePlaces.ts","https","ok","","200","48","1","https://www.tervo.fi/kirjasto","ei",""
"https://www.tervo.fi/asiointiliikenne","Tervo palveluliikenne","Liikenne","localServiceTransportLinks.ts","https","ok","","200","51","1","https://www.tervo.fi/asiointiliikenne","ei",""
"https://www.tiketti.fi/","Tiketti","Valtakunnalliset palvelut","constants.tsx","https","ok","","206","101","1","https://www.tiketti.fi/","ei",""
"https://www.tanssit.fi/tanssin-abc/","Tanssit.fi - tanssin ABC","Valtakunnalliset palvelut","constants.tsx","https","ok","","200","1895","1","https://www.tanssit.fi/tanssin-abc/","ei",""
"https://www.teatterimuseo.fi/","Suomen teatterimuseo","Yhdistykset ja yhteisöt","communityLinks.ts","https","ok","","200","1655","1","https://teatterimuseo.fi/","ei",""
"https://www.tivi.fi/","Tivi","Valtakunnalliset palvelut","constants.tsx","https","ok","","206","219","1","https://www.tivi.fi/","ei",""
"https://www.tapiolanhonka.fi/","Tapiolan Honka","Urheiluseurat","localSportsClubs.ts","https","ok","","200","1985","1","https://www.tapiolanhonka.fi/","ei",""
"https://www.tohmajarvi.fi/","www.tohmajarvi.fi","Kuntien verkkosivut","municipalityWebsites.ts","https","ok","","200","123","1","https://www.tohmajarvi.fi/","ei",""
"https://www.teatterieurooppanelja.fi/","Teatteri Eurooppa Neljä","Valtakunnalliset palvelut","constants.tsx","https","ok","","200","1924","1","https://teatterieurooppanelja.fi/","ei",""
"https://www.tohmajarvi.fi/ru/web/russia","www.tohmajarvi.fi","Kuntien kieliversiot","municipalityWebsiteLocales.ts","https","ok","","200","73","1","https://www.tohmajarvi.fi/ru/web/russia","ei",""
"https://www.tjareborg.fi/","Tjäreborg","Valtakunnalliset palvelut","constants.tsx","https","ok","","206","334","1","https://www.tjareborg.fi/","ei",""
"https://www.tohmajarvi.fi/julkinen-liikenne","Tohmajärven julkinen liikenne","Paikalliset palvelut","localServices.ts","https","ok","","200","113","1","https://www.tohmajarvi.fi/julkinen-liikenne","ei",""
"https://www.tfo.fi/","Turun filharmoninen orkesteri","Valtakunnalliset palvelut","constants.tsx","https","ok","","200","728","1","https://tfo.fi/","ei",""
"https://www.tohmajarvi.fi/en/web/english","www.tohmajarvi.fi","Kuntien kieliversiot","municipalityWebsiteLocales.ts","https","ok","","200","58","1","https://www.tohmajarvi.fi/en/web/english","ei",""
"https://www.toivakka.fi/","www.toivakka.fi","Kuntien verkkosivut","municipalityWebsites.ts","https","ok","","200","68","1","https://www.toivakka.fi/","ei",""
"https://www.tillgrenlines.fi/linjaliikenne/","Tillgren Lines Kivijärvi-Kinnula","Paikalliset palvelut","localServices.ts","https","ok","","200","1156","1","https://www.tillgrenlines.fi/linjaliikenne/","ei",""
"https://www.teatterimukamas.com/","Teatteri Mukamas","Valtakunnalliset palvelut","constants.tsx","https","ok","","200","2726","1","https://teatterimukamas.com/","ei",""
"https://www.toivakka.fi/feed/","www.toivakka.fi","Kuntauutiset","municipalityNewsFeeds.ts","https","ok","","200","674","1","https://www.toivakka.fi/feed/","ei",""
"https://www.tokmanni.fi/","Tokmanni","Valtakunnalliset palvelut","constants.tsx","https","ok","","206","119","1","https://www.tokmanni.fi/","ei",""
"https://www.toivakka.fi/kunta-ja-hallinto/joukkoliikenne/","Toivakka palveluliikenne","Liikenne","localServiceTransportLinks.ts","https","ok","","200","51","1","https://www.toivakka.fi/kunta-ja-hallinto/joukkoliikenne/","ei",""
"https://www.tori.fi/","Tori.fi","Valtakunnalliset palvelut","constants.tsx","https","ok","","200","64","1","https://www.tori.fi/","ei",""
"https://www.tornio.fi/","www.tornio.fi","Kuntien verkkosivut","municipalityWebsites.ts","https","ok","","200","95","1","https://www.tornio.fi/","ei",""
"https://www.toivakka.fi/sosiaali-ja-terveyspalvelut/ikaihmisten-palvelut/","www.toivakka.fi","Senioripalvelut","localSeniorLinks.ts","https","ok","","200","34","1","https://www.toivakka.fi/sosiaali-ja-terveyspalvelut/ikaihmisten-palvelut/","ei",""
"https://www.toivakka.fi/en/","www.toivakka.fi","Kuntien kieliversiot","municipalityWebsiteLocales.ts","https","ok","","200","26","1","https://www.toivakka.fi/en/","ei",""
"https://www.tornio.fi/en/","www.tornio.fi","Kuntien kieliversiot","municipalityWebsiteLocales.ts","https","ok","","200","148","1","https://www.tornio.fi/en/","ei",""
"https://www.tornio.fi/sv/","www.tornio.fi","Kuntien kieliversiot","municipalityWebsiteLocales.ts","https","ok","","200","7","1","https://www.tornio.fi/sv/","ei",""
"https://www.toholampi.fi/","www.toholampi.fi","Kuntien verkkosivut","municipalityWebsites.ts","https","ok","","200","1553","1","https://www.toholampi.fi/","ei",""
"https://www.tornio.fi/asuminen-ja-ymparisto/kadut-ja-liikenne/joukkoliikenne/","Tornio palveluliikenne","Liikenne","localServiceTransportLinks.ts","https","ok","","200","161","1","https://www.tornio.fi/asuminen-ja-ymparisto/kadut-ja-liikenne/joukkoliikenne/","ei",""
"https://www.ts.fi/","www.ts.fi","Paikalliset palvelut","localServices.ts","https","ok","","206","30","1","https://www.ts.fi/","ei",""
"https://www.ts.fi/uutiset","www.ts.fi","Paikalliset palvelut","localServices.ts","https","ok","","206","30","1","https://www.ts.fi/uutiset/","ei",""
"https://www.traficom.fi/fi/yhteystiedot/traficomin-puhelinvaihde-ja-kirjaamo","Traficomin vaihde","Valtakunnalliset palvelut","constants.tsx","https","ok","","200","228","1","https://www.traficom.fi/fi/yhteystiedot/traficomin-puhelinvaihde-ja-kirjaamo","ei",""
"https://www.tsuumi.com/?lang=fi","Tanssiteatteri Tsuumi","Valtakunnalliset palvelut","constants.tsx","https","ok","","206","74","1","https://www.tsuumi.com/?lang=fi","ei",""
"https://www.tornio.fi/kulttuuri-ja-vapaa-aika/liikunta/soveltavaliikunta/","www.tornio.fi","Liikunta","localExerciseLinks.ts","https","ok","","200","145","1","https://www.tornio.fi/kulttuuri-ja-vapaa-aika/liikunta/soveltavaliikunta/","ei",""
"https://www.tulli.fi/","Tulli","Valtakunnalliset palvelut","constants.tsx","https","ok","","200","152","1","https://tulli.fi/etusivu","ei",""
"https://www.toimintojentalo.fi/palvelut/digiapu/","www.toimintojentalo.fi","Digiopastus","seniorSurfGuidancePlaces.ts","https","ok","","200","1960","1","https://www.toimintojentalo.fi/palvelut/digiapu/","ei",""
"https://www.tornio.fi/feed/","www.tornio.fi","Kuntauutiset","municipalityNewsFeeds.ts","https","ok","","200","150","1","https://www.tornio.fi/feed/","ei",""
"https://www.ttt-teatteri.fi/","Tampereen Työväen Teatteri","Valtakunnalliset palvelut","constants.tsx","https","ok","","200","316","1","https://ttt-teatteri.fi/","ei",""
"https://www.tulospalvelu.fi/","Tulospalvelu.fi","Valtakunnalliset palvelut","constants.tsx","https","ok","","206","128","1","https://www.tulospalvelu.fi/","ei","empty_page"
"https://www.toholampi.fi/feed/","www.toholampi.fi","Kuntauutiset","municipalityNewsFeeds.ts","https","ok","","200","755","1","https://www.toholampi.fi/feed/","ei",""
"https://www.teatterivantaa.fi/","Teatteri Vantaa","Valtakunnalliset palvelut","constants.tsx","https","ok","","200","4424","1","https://teatterivantaa.fi/","ei",""
"https://www.tourette.fi/","Suomen Tourette- ja OCD -yhdistys","Yhdistykset ja yhteisöt","communityLinks.ts","https","ok","","200","1124","1","https://tourette.fi/","ei",""
"https://www.turku.fi/","Turun Kaupunkiliikenne","Valtakunnalliset palvelut","constants.tsx","https","ok","","206","533","1","https://www.turku.fi/","ei",""
"https://www.turku.fi/sv","www.turku.fi","Kuntien kieliversiot","municipalityWebsiteLocales.ts","https","ok","","206","10","1","https://www.turku.fi/sv","ei",""
"https://www.turku.fi/turun-kaupunginkirjasto","www.turku.fi","Digiopastus","seniorSurfGuidancePlaces.ts","https","ok","","206","28","1","https://www.turku.fi/kirjasto","ei",""
"https://www.turku.fi/seniorit","www.turku.fi","Senioripalvelut","localSeniorLinks.ts","https","ok","","206","12","1","https://www.turku.fi/seniorit","ei",""
"https://www.turku.fi/kassapalvelut","Turun kaupungin vaihde","Valtakunnalliset palvelut","constants.tsx","https","ok","","206","6","1","https://www.turku.fi/kassapalvelut","ei",""
"https://www.turku.fi/monitori/digituki","www.turku.fi","Digiopastus","seniorSurfGuidancePlaces.ts","https","failed","http_status_error","404","54","1","https://www.turku.fi/monitori/digituki","ei",""
"https://www.turku.fi/liikunta/aikuisten-soveltava-liikunta","www.turku.fi","Liikunta","localExerciseLinks.ts","https","ok","","206","9","1","https://www.turku.fi/liikunta/aikuisten-soveltava-liikunta","ei",""
"https://www.turkulainen.fi/","www.turkulainen.fi","Paikallislehdet","localNewspaperLinks.ts","https","ok","","206","207","1","https://www.turkulainen.fi/","ei",""
"https://www.turku.fi/asiointi-ja-yhteystiedot/digituki","www.turku.fi","Digiopastus","seniorSurfGuidancePlaces.ts","https","ok","","206","6","1","https://www.turku.fi/asiointi-ja-yhteystiedot/digituki","ei",""
"https://www.turku.fi/en","www.turku.fi","Kuntien kieliversiot","municipalityWebsiteLocales.ts","https","ok","","206","10","1","https://www.turku.fi/en","ei",""
"https://www.turkulainen.fi/feed/rss/","www.turkulainen.fi","Paikallisuutiset","localNewspaperFeeds.ts","https","ok","","206","125","1","https://www.turkulainen.fi/feed/rss/","ei",""
"https://www.turner.fi/","Suomen Turner-yhdistys","Yhdistykset ja yhteisöt","communityLinks.ts","https","ok","","200","169","1","https://turner.fi/","ei",""
"https://www.toholampi.fi/english/","www.toholampi.fi","Kuntien kieliversiot","municipalityWebsiteLocales.ts","https","ok","","200","843","1","https://www.toholampi.fi/english/","ei",""
"https://www.turuntienoo.fi/","www.turuntienoo.fi","Paikallislehdet","localNewspaperLinks.ts","https","ok","","200","333","1","https://www.turuntienoo.fi/content/fi/2/10005/Etusivu.html","ei",""
"https://www.tuusniemi.fi/","www.tuusniemi.fi","Kuntien verkkosivut","municipalityWebsites.ts","https","ok","","200","223","1","https://www.tuusniemi.fi/etusivu","ei",""
"https://www.tv7.fi/","TV7","Valtakunnalliset palvelut","constants.tsx","https","ok","","200","62","1","https://www.tv7.fi/","ei",""
"https://www.tuusniemi.fi/kymppikyydit-eli-asiointiliikenne","Tuusniemi palveluliikenne","Liikenne","localServiceTransportLinks.ts","https","ok","","200","70","1","https://www.tuusniemi.fi/kymppikyydit-eli-asiointiliikenne","ei",""
"https://www.turunlinna.fi/","Turun linna","Yhdistykset ja yhteisöt","communityLinks.ts","https","ok","","200","611","1","https://turunlinna.fi/","ei",""
"https://www.tyrnava.fi/","www.tyrnava.fi","Kuntien verkkosivut","municipalityWebsites.ts","https","ok","","206","87","1","https://www.tyrnava.fi/","ei",""
"https://www.tuusula.fi/","www.tuusula.fi","Kuntien verkkosivut","municipalityWebsites.ts","https","ok","","200","304","1","https://tuusula.fi/","ei",""
"https://www.tyrnava.fi/kulttuuri-ja-vapaa-aika/liikuntapalvelut/liikuntatarjonta/soveltava-liikunta.html","www.tyrnava.fi","Liikunta","localExerciseLinks.ts","https","ok","","200","41","1","https://www.tyrnava.fi/kulttuuri-ja-vapaa-aika/liikuntapalvelut/liikuntatarjonta/soveltava-liikunta.html","ei",""
"https://www.turunurheiluliitto.fi/","Turun Urheiluliitto","Urheiluseurat","localSportsClubs.ts","https","ok","","200","781","1","https://turunurheiluliitto.fi/","ei",""
"https://www.tsc.fi/","Suomen Tuberoosiskleroosiyhdistys","Yhdistykset ja yhteisöt","communityLinks.ts","https","ok","","200","974","1","https://www.tsc.fi/","ei",""
"https://www.tyrnava.fi/asuminen-ja-ymparisto/liikenne/joukkoliikenne.html","Tyrnävä palveluliikenne","Liikenne","localServiceTransportLinks.ts","https","ok","","200","44","1","https://www.tyrnava.fi/asuminen-ja-ymparisto/liikenne/joukkoliikenne.html","ei",""
"https://www.ulvila.fi/","www.ulvila.fi","Kuntien verkkosivut","municipalityWebsites.ts","https","ok","","200","219","1","https://www.ulvila.fi/","ei",""
"https://www.tyrvaansanomat.fi/","www.tyrvaansanomat.fi","Paikallislehdet","localNewspaperLinks.ts","https","ok","","206","301","1","https://www.tyrvaansanomat.fi/","ei",""
"https://www.tuusula.fi/sivu.tmpl?sivu_id=10054","www.tuusula.fi","Digiopastus","seniorSurfGuidancePlaces.ts","https","failed","http_status_error","404","208","1","https://tuusula.fi/sivu.tmpl?sivu_id=10054","ei",""
"https://www.ulvila.fi/palvelut-senioreille/","www.ulvila.fi","Senioripalvelut","localSeniorLinks.ts","https","ok","","200","213","1","https://www.ulvila.fi/palvelut-senioreille/","ei",""
"https://www.urheilumuseo.fi/","Suomen urheilumuseo","Yhdistykset ja yhteisöt","communityLinks.ts","https","ok","","200","352","1","https://tahto.com/","kyllä",""
"https://www.ulvila.fi/feed/","www.ulvila.fi","Kuntauutiset","municipalityNewsFeeds.ts","https","ok","","200","116","1","https://www.ulvila.fi/feed/","ei",""
"https://www.ulvila.fi/palvelut-ja-asuminen/kirjastopalvelut/tilat-ja-palvelut/","www.ulvila.fi","Digiopastus","seniorSurfGuidancePlaces.ts","https","ok","","200","243","1","https://www.ulvila.fi/palvelut-ja-asuminen/kirjastopalvelut/tilat-ja-palvelut/","ei",""
"https://www.tyrnava.fi/en/home.html","www.tyrnava.fi","Kuntien kieliversiot","municipalityWebsiteLocales.ts","https","ok","","206","659","1","https://account.lianacloud.com/?iss=https%3A%2F%2Fauth.lianacloud.com%2F","kyllä",""
"https://www.utajarvi.fi/","www.utajarvi.fi","Kuntien verkkosivut","municipalityWebsites.ts","https","ok","","200","121","1","https://www.utajarvi.fi/fi/","ei",""
"https://www.utajarvi.fi/fi/hyvinvointi_ja_vapaa-aika/senioripalvelut/","www.utajarvi.fi","Senioripalvelut","localSeniorLinks.ts","https","ok","","200","43","1","https://www.utajarvi.fi/fi/hyvinvointi_ja_vapaa-aika/senioripalvelut/","ei",""
"https://www.turuntaidemuseo.fi/","Turun taidemuseo","Yhdistykset ja yhteisöt","communityLinks.ts","https","ok","","200","1765","1","https://turuntaidemuseo.fi/","ei",""
"https://www.ulvila.fi/palvelut-ja-asuminen/vapaa-aikapalvelut/liikuntapalvelut/liikuntaneuvonta/","www.ulvila.fi","Liikunta","localExerciseLinks.ts","https","ok","","200","198","1","https://www.ulvila.fi/palvelut-ja-asuminen/vapaa-aikapalvelut/liikuntapalvelut/liikuntaneuvonta/","ei",""
"https://www.utajarvi.fi/fi/liikunta_ja_vapaa-aika/soveltava_liikunta/","www.utajarvi.fi","Liikunta","localExerciseLinks.ts","https","ok","","200","13","1","https://www.utajarvi.fi/fi/liikunta_ja_vapaa-aika/soveltava_liikunta/","ei",""
"https://www.utajarvi.fi/en/","www.utajarvi.fi","Kuntien kieliversiot","municipalityWebsiteLocales.ts","https","ok","","200","10","1","https://www.utajarvi.fi/en/","ei",""
"https://www.utsjoki.fi/","www.utsjoki.fi","Kuntien verkkosivut","municipalityWebsites.ts","https","ok","","200","84","1","https://www.utsjoki.fi/","ei",""
"https://www.uudenkaupunginsanomat.fi/","www.uudenkaupunginsanomat.fi","Paikallislehdet","localNewspaperLinks.ts","https","ok","","206","106","1","https://www.uudenkaupunginsanomat.fi/","ei",""
"https://www.urjala.fi/","www.urjala.fi","Kuntien verkkosivut","municipalityWebsites.ts","https","ok","","200","135","1","https://www.urjala.fi/","ei",""
"https://www.uusimaa.fi/","www.uusimaa.fi","Paikalliset palvelut","localServices.ts","https","ok","","206","86","1","https://www.uusimaa.fi/","ei",""
"https://www.tuulensuunpalvelukeskus.fi/muut-palvelut/seniorit-surffaa","www.tuulensuunpalvelukeskus.fi","Digiopastus","seniorSurfGuidancePlaces.ts","https","failed","http_status_error","404","2233","1","https://tuulensuunpalvelukeskus.fi/muut-palvelut/seniorit-surffaa","ei",""
"https://www.uudenkaupunginsanomat.fi/feed/","www.uudenkaupunginsanomat.fi","Paikallisuutiset","localNewspaperFeeds.ts","https","ok","","200","283","1","https://www.uudenkaupunginsanomat.fi/feed/","ei",""
"https://www.uutisvuoksi.fi/","www.uutisvuoksi.fi","Paikallislehdet","localNewspaperLinks.ts","https","ok","","206","80","1","https://www.uutisvuoksi.fi/","ei",""
"https://www.uutis-jousi.fi/","www.uutis-jousi.fi","Paikallislehdet","localNewspaperLinks.ts","https","ok","","206","199","1","https://www.uutis-jousi.fi/","ei",""
"https://www.uutisvuoksi.fi/feed/rss/","www.uutisvuoksi.fi","Paikallisuutiset","localNewspaperFeeds.ts","https","ok","","206","45","1","https://www.uutisvuoksi.fi/feed/rss/","ei",""
"https://www.uusisuomi.fi/","Uusi Suomi","Valtakunnalliset palvelut","constants.tsx","https","ok","","206","305","1","https://www.uusisuomi.fi/","ei",""
"https://www.vaala.fi/","www.vaala.fi","Kuntien verkkosivut","municipalityWebsites.ts","https","ok","","200","22","1","https://www.vaala.fi/","ei",""
"https://www.vaala.fi/in-english/","www.vaala.fi","Kuntien kieliversiot","municipalityWebsiteLocales.ts","https","ok","","200","16","1","https://www.vaala.fi/hyvinvointi/kirjasto/in-english/","ei",""
"https://www.vaala.fi/asiointiliikenne-1-8-alkaen/","Vaala palveluliikenne","Liikenne","localServiceTransportLinks.ts","https","ok","","200","4","1","https://www.vaala.fi/asiointiliikenne-1-8-alkaen/","ei",""
"https://www.vaarojensanomat.fi/","www.vaarojensanomat.fi","Paikallislehdet","localNewspaperLinks.ts","https","ok","","200","91","1","https://www.vaarojensanomat.fi/-6.1.0d4abcd258","ei",""
"https://www.vaala.fi/feed/","www.vaala.fi","Kuntauutiset","municipalityNewsFeeds.ts","https","ok","","200","3","1","https://www.vaala.fi/feed/","ei",""
"https://www.ungateatern.fi/","Unga Teatern","Valtakunnalliset palvelut","constants.tsx","https","ok","","200","1859","1","https://ungateatern.fi/","ei",""
"https://www.urjala.fi/asu-ja-rakenna/joukkoliikenne/asiointikuljetus/","Urjala palveluliikenne","Liikenne","localServiceTransportLinks.ts","https","ok","","200","94","1","https://www.urjala.fi/asu-ja-rakenna/joukkoliikenne/asiointikuljetus/","ei",""
"https://www.urjala.fi/ikaihmiset/","www.urjala.fi","Senioripalvelut","localSeniorLinks.ts","https","ok","","200","79","1","https://www.urjala.fi/ikaihmiset/","ei",""
"https://www.utsjoki.fi/kuntalaiselle/kirjasto-kulttuuri-ja-vapaa-aika/kirjasto/","www.utsjoki.fi","Digiopastus","seniorSurfGuidancePlaces.ts","https","failed","http_status_error","404","2275","1","https://www.utsjoki.fi/kuntalaiselle/kirjasto-kulttuuri-ja-vapaa-aika/kirjasto/","ei",""
"https://www.utsjoki.fi/news-article/liikuntatoimi-tiedottaa-kesan-ohjatut-liikuntaryhmat-alkavat-viikolla-24/","www.utsjoki.fi","Liikunta","localExerciseLinks.ts","https","ok","","200","71","1","https://www.utsjoki.fi/news-article/liikuntatoimi-tiedottaa-kesan-ohjatut-liikuntaryhmat-alkavat-viikolla-24/","ei",""
"https://www.tampereenkaupunkiliikenne.fi/","Tampereen Kaupunkiliikenne","Valtakunnalliset palvelut","constants.tsx","https","ok","","200","10321","1","https://tampereenkaupunkiliikenne.fi/","ei",""
"https://www.utsjoki.fi/se/","www.utsjoki.fi","Kuntien kieliversiot","municipalityWebsiteLocales.ts","https","ok","","200","39","1","https://www.utsjoki.fi/se/","ei",""
"https://www.vaasa.fi/","www.vaasa.fi","Kuntien verkkosivut","municipalityWebsites.ts","https","ok","","200","2323","1","https://www.vaasa.fi/","ei",""
"https://www.vaasa.fi/asu-ja-ela/palvelut-kohderyhmittain/ikaihmisille/","www.vaasa.fi","Senioripalvelut","localSeniorLinks.ts","https","ok","","206","9","1","https://www.vaasa.fi/asu-ja-ela/palvelut-kohderyhmittain/ikaihmisille/","ei",""
"https://www.vaasansetlementti.fi/","www.vaasansetlementti.fi","Digiopastus","seniorSurfGuidancePlaces.ts","https","ok","","200","1152","1","https://www.vaasansetlementti.fi/","ei",""
"https://www.vaasansetlementti.fi/en/enabler-of-a-good-life-homepage/","www.vaasansetlementti.fi","Digiopastus","seniorSurfGuidancePlaces.ts","https","ok","","200","150","1","https://www.vaasansetlementti.fi/en/enabler-of-a-good-life-homepage/","ei",""
"https://www.vaasansetlementti.fi/sv/vasa-settlementforening-hemsida/","www.vaasansetlementti.fi","Digiopastus","seniorSurfGuidancePlaces.ts","https","ok","","200","151","1","https://www.vaasansetlementti.fi/sv/vasa-settlementforening-hemsida/","ei",""
"https://www.vakka.fi/","www.vakka.fi","Paikallislehdet","localNewspaperLinks.ts","https","ok","","206","543","1","https://www.vakka.fi/","ei",""
"https://www.valkeakoski.fi/","www.valkeakoski.fi","Kuntien verkkosivut","municipalityWebsites.ts","https","ok","","200","194","1","https://www.valkeakoski.fi/","ei",""
"https://www.valoihottuma.fi/","Valoihottumayhdistys","Yhdistykset ja yhteisöt","communityLinks.ts","https","failed","enotfound","","15","1","","ei",""
"https://www.valio.fi/reseptit/","Valio Reseptit","Valtakunnalliset palvelut","constants.tsx","https","ok","","200","769","1","https://www.valio.fi/reseptihaku/","ei",""
"https://www.valokuvataiteenmuseo.fi/","Suomen valokuvataiteen museo","Yhdistykset ja yhteisöt","communityLinks.ts","https","ok","","200","313","1","https://www.valokuvataiteenmuseo.fi/fi","ei",""
"https://www.vantaa.fi/","www.vantaa.fi","Kuntien verkkosivut","municipalityWebsites.ts","https","ok","","206","53","1","https://www.vantaa.fi/fi","ei",""
"https://www.vanhustenturva.fi/toimintamme","www.vanhustenturva.fi","Digiopastus","seniorSurfGuidancePlaces.ts","https","ok","","200","242","1","https://www.vanhustenturva.fi/toimintamme","ei","empty_page"
"https://www.vaasa.fi/asu-ja-ela/liikenne-ja-kadut/joukkoliikenne/","Lifti","Paikalliset palvelut","localServices.ts","https","ok","","200","2412","1","https://www.vaasa.fi/asu-ja-ela/liikenne-ja-kadut/joukkoliikenne/","ei",""
"https://www.vaasa.fi/feed/","www.vaasa.fi","Kuntauutiset","municipalityNewsFeeds.ts","https","ok","","206","8","1","https://www.vaasa.fi/feed/","ei",""
"https://www.vantaa.fi/en","www.vantaa.fi","Kuntien kieliversiot","municipalityWebsiteLocales.ts","https","ok","","206","579","1","https://www.vantaa.fi/en","ei",""
"https://www.vantaa.fi/fi/rss/topical/121","Vantaan uutiset","Paikalliset palvelut","localServices.ts","https","ok","","206","4","1","https://www.vantaa.fi/fi/rss/topical/121","ei",""
"https://www.vaasa.fi/en/","www.vaasa.fi","Kuntien kieliversiot","municipalityWebsiteLocales.ts","https","ok","","206","9","1","https://www.vaasa.fi/en/","ei",""
"https://www.valli.fi/","Vanhus- ja lähimmäispalvelun liitto VALLI ry","Yhdistykset ja yhteisöt","communityLinks.ts","https","ok","","200","1423","1","https://www.valli.fi/","ei",""
"https://www.vantaa.fi/fi/tukea-ja-apua-arkeen/senioreille","www.vantaa.fi","Senioripalvelut","localSeniorLinks.ts","https","ok","","206","712","1","https://www.vantaa.fi/fi/tukea-ja-apua-arkeen/senioreille","ei",""
"https://www.vantaa.fi/fi/rss/topical/119","Vantaan tiedotteet","Paikalliset palvelut","localServices.ts","https","ok","","206","4","1","https://www.vantaa.fi/fi/rss/topical/119","ei",""
"https://www.vantaa.fi/fi","Vantaan palvelut","Paikalliset palvelut","localServices.ts","https","ok","","206","5","1","https://www.vantaa.fi/fi","ei",""
"https://www.vantaansanomat.fi/","www.vantaansanomat.fi","Paikallislehdet","localNewspaperLinks.ts","https","ok","","206","109","1","https://www.vantaansanomat.fi/","ei",""
"https://www.vantaansanomat.fi/feed/rss/","www.vantaansanomat.fi","Paikallisuutiset","localNewspaperFeeds.ts","https","ok","","206","86","1","https://www.vantaansanomat.fi/feed/rss/","ei",""
"https://www.vardo.ax/","www.vardo.ax","Kuntien kieliversiot","municipalityWebsiteLocales.ts","https","ok","","200","157","1","https://www.vardo.ax/","ei",""
"https://www.vardo.ax/aldreomsorg","www.vardo.ax","Senioripalvelut","localSeniorLinks.ts","https","ok","","200","32","1","https://www.vardo.ax/aldreomsorg","ei",""
"https://www.vantaanmuisti.fi/fi/etusivu","Vantaan Muistiyhdistys ry","Yhdistykset ja yhteisöt","communityLinks.ts","https","ok","","200","406","1","https://muistiliitto.fi/muistiyhdistykset/vantaan-muistiyhdistys-ry/etusivu-vantaa/","kyllä",""
"https://www.vapriikki.fi/","Vapriikki","Yhdistykset ja yhteisöt","communityLinks.ts","https","ok","","200","159","1","https://www.vapriikki.fi/","ei",""
"https://www.varha.fi/","www.varha.fi","Paikalliset palvelut","localServices.ts","https","ok","","200","419","1","https://www.varha.fi/fi","ei",""
"https://www.varha.fi/fi/ajankohtaista","www.varha.fi","Paikalliset palvelut","localServices.ts","https","ok","","200","310","1","https://www.varha.fi/fi/ajankohtaista","ei",""
"https://www.varkaudenteatteri.fi/","Varkauden Teatteri","Valtakunnalliset palvelut","constants.tsx","https","ok","","206","415","1","https://varkaudenteatteri.fi/","ei",""
"https://www.vasabladet.fi/","www.vasabladet.fi","Paikallislehdet","localNewspaperLinks.ts","https","ok","","206","84","1","https://www.vasabladet.fi/","ei",""
"https://www.vaskuliitti.fi/","Suomen Vaskuliittiyhdistys","Yhdistykset ja yhteisöt","communityLinks.ts","https","failed","enotfound","","18","1","","ei",""
"https://www.vastranyland.fi/","www.vastranyland.fi","Paikalliset palvelut","localServices.ts","https","ok","","206","87","1","https://www.vastranyland.fi/","ei",""
"https://www.varha.fi/fi/palvelut/hyvinvointikeskusten-palvelut-yli-65-vuotiaille","www.varha.fi","Digiopastus","seniorSurfGuidancePlaces.ts","https","failed","http_status_error","404","304","1","https://www.varha.fi/fi/palvelut/hyvinvointikeskusten-palvelut-yli-65-vuotiaille","ei",""
"https://www.vasabladet.fi/feed/","www.vasabladet.fi","Paikallisuutiset","localNewspaperFeeds.ts","https","ok","","200","384","1","https://www.vasabladet.fi/feed","ei",""
"https://www.vehmaa.fi/","www.vehmaa.fi","Kuntien verkkosivut","municipalityWebsites.ts","https","ok","","200","105","1","https://www.vehmaa.fi/","ei",""
"https://www.vepsu.fi/","Vaasan Palloseura","Urheiluseurat","localSportsClubs.ts","https","ok","","200","77","1","https://www.vepsu.fi/","ei",""
"https://www.verkostavirtaa.fi/opastuspaikat/","www.verkostavirtaa.fi","Digiopastus","seniorSurfGuidancePlaces.ts","https","ok","","200","79","1","https://www.verkostavirtaa.fi/opastuspaikat/","ei",""
"https://www.vantaa.fi/fi/kaupunki-ja-paatoksenteko/asiakaspalvelu","Vantaa-info","Valtakunnalliset palvelut","constants.tsx","https","ok","","206","2105","1","https://www.vantaa.fi/fi/kaupunki-ja-paatoksenteko/asiakaspalvelu","ei",""
"https://www.vaasa.fi/asu-ja-ela/liikenne-ja-kadut/joukkoliikenne/palvelubussit/","Vaasa palveluliikenne","Liikenne","localServiceTransportLinks.ts","https","ok","","200","2877","1","https://www.vaasa.fi/asu-ja-ela/liikenne-ja-kadut/joukkoliikenne/palvelubussit/","ei",""
"https://www.vehmaa.fi/vapaa-aika-ja-nuorisopalvelut/kirjasto/","www.vehmaa.fi","Digiopastus","seniorSurfGuidancePlaces.ts","https","ok","","200","88","1","https://www.vehmaa.fi/hyvinvointi-ja-vapaa-aika/kirjasto/","ei",""
"https://www.verkkokauppa.com/","Verkkokauppa.com","Valtakunnalliset palvelut","constants.tsx","https","ok","","200","248","1","https://www.verkkokauppa.com/fi/etusivu","ei",""
"https://www.vero.fi/tietoa-verohallinnosta/yhteystiedot-ja-asiointi/soita/henkiloasiakkaat/","Vero.fi - verokortti ja ennakkovero","Valtakunnalliset palvelut","constants.tsx","https","ok","","200","316","1","https://www.vero.fi/tietoa-verohallinnosta/yhteystiedot-ja-asiointi/soita/","ei",""
"https://www.vihti.fi/","www.vihti.fi","Kuntien verkkosivut","municipalityWebsites.ts","https","ok","","200","104","1","https://www.vihti.fi/","ei",""
"https://www.vantaa.fi/sv","www.vantaa.fi","Kuntien kieliversiot","municipalityWebsiteLocales.ts","https","ok","","206","543","1","https://www.vantaa.fi/sv","ei",""
"https://www.vihti.fi/feed/","www.vihti.fi","Kuntauutiset","municipalityNewsFeeds.ts","https","ok","","200","208","1","https://www.vihti.fi/feed/","ei",""
"https://www.vesilahti.fi/","www.vesilahti.fi","Kuntien verkkosivut","municipalityWebsites.ts","https","ok","","200","631","1","https://www.vesilahti.fi/","ei",""
"https://www.vihti.fi/kulttuuri-ja-vapaa-aika/liikunta/ohjattu-liikunta/","www.vihti.fi","Liikunta","localExerciseLinks.ts","https","ok","","200","50","1","https://www.vihti.fi/kulttuuri-ja-vapaa-aika/liikunta/ohjattu-liikunta/","ei",""
"https://www.vesilahti.fi/vapaa-aika/liikuntapalvelut/ohjattu-liikunta","www.vesilahti.fi","Liikunta","localExerciseLinks.ts","https","ok","","200","4","1","https://www.vesilahti.fi/vapaa-aika/liikuntapalvelut/ohjattu-liikunta","ei",""
"https://www.vesilahti.fi/vapaa-aika/senioripalvelut/asiointiliikenne/","Vesilahti palveluliikenne","Liikenne","localServiceTransportLinks.ts","https","ok","","200","3","1","https://www.vesilahti.fi/vapaa-aika/senioripalvelut/asiointiliikenne/","ei",""
"https://www.viirus.fi/","Teater Viirus","Valtakunnalliset palvelut","constants.tsx","https","ok","","200","149","1","https://www.viirus.fi/","ei",""
"https://www.vihti.fi/kategoria/liikenne-ja-joukkoliikenne/","Vihti palveluliikenne","Liikenne","localServiceTransportLinks.ts","https","ok","","200","90","1","https://www.vihti.fi/kategoria/liikenne-ja-joukkoliikenne/","ei",""
"https://www.vesilahti.fi/vapaa-aika/senioripalvelut/","www.vesilahti.fi","Senioripalvelut","localSeniorLinks.ts","https","ok","","200","3","1","https://www.vesilahti.fi/vapaa-aika/senioripalvelut/","ei",""
"https://www.vimpeli.fi/","www.vimpeli.fi","Kuntien verkkosivut","municipalityWebsites.ts","https","ok","","200","85","1","https://www.vimpeli.fi/","ei",""
"https://www.vikingline.fi/","Viking Line","Paikalliset palvelut","localServices.ts","https","ok","","200","164","1","https://www.vikingline.fi/","ei",""
"https://www.viitasaarenseutu.fi/","www.viitasaarenseutu.fi","Paikallislehdet","localNewspaperLinks.ts","https","ok","","206","278","1","https://www.viitasaarenseutu.fi/","ei",""
"https://www.viitasaarenseutu.fi/feed/rss","www.viitasaarenseutu.fi","Paikallisuutiset","localNewspaperFeeds.ts","https","ok","","206","45","1","https://www.viitasaarenseutu.fi/feed/rss","ei",""
"https://www.viiskunta.fi/","www.viiskunta.fi","Paikallislehdet","localNewspaperLinks.ts","https","ok","","200","302","1","https://www.viiskunta.fi/","ei",""
"https://www.vimpeli.fi/rss.xml","www.vimpeli.fi","Kuntauutiset","municipalityNewsFeeds.ts","https","ok","","200","123","1","https://www.vimpeli.fi/rss.xml","ei",""
"https://www.vora.fi/","www.vora.fi","Kuntien kieliversiot","municipalityWebsiteLocales.ts","https","ok","","200","408","1","https://www.vora.fi/","ei",""
"https://www.vantaa.fi/fi/vapaa-aika-ja-harrastukset/liikunta-ja-ulkoilu/erityisryhmien-liikunta","www.vantaa.fi","Liikunta","localExerciseLinks.ts","https","ok","","206","1004","1","https://www.vantaa.fi/fi/vapaa-aika-ja-harrastukset/liikunta-ja-ulkoilu/erityisryhmien-liikunta","ei",""
"https://www.vora.fi/en/","www.vora.fi","Kuntien kieliversiot","municipalityWebsiteLocales.ts","https","ok","","200","226","1","https://www.vora.fi/en/","ei",""
"https://www.vora.fi/tjanster/trafik-och-vagar","Vöyrin joukkoliikenne","Paikalliset palvelut","localServices.ts","https","ok","","200","193","1","https://www.vora.fi/tjanster/trafik-och-vagar","ei",""
"https://www.vaasa.fi/sv/","www.vaasa.fi","Kuntien kieliversiot","municipalityWebsiteLocales.ts","https","ok","","200","2040","1","https://www.vaasa.fi/sv/","ei",""
"https://www.virrat.fi/","www.virrat.fi","Kuntien verkkosivut","municipalityWebsites.ts","https","ok","","200","159","1","https://www.virrat.fi/","ei",""
"https://www.vaasa.fi/koe-ja-nae/kulttuuria-vaasassa-ja-seudulla/vaasan-kaupunginorkesteri/","Vaasan kaupunginorkesteri","Valtakunnalliset palvelut","constants.tsx","https","ok","","206","9","1","https://www.vaasa.fi/koe-ja-nae/kulttuuria-vaasassa-ja-seudulla/vaasan-kaupunginorkesteri/","ei",""
"https://www.vora.fi/tjanster/vard-och-omsorg/aldreomsorg/","www.vora.fi","Senioripalvelut","localSeniorLinks.ts","https","ok","","200","135","1","https://www.vora.fi/tjanster/vard-och-omsorg/aldreomsorg/","ei",""
"https://www.vr.fi/","VR","Valtakunnalliset palvelut","constants.tsx","https","ok","","206","42","1","https://www.vr.fi/","ei",""
"https://www.waldenstrom.fi/","Waldenström Finland ry","Yhdistykset ja yhteisöt","communityLinks.ts","https","failed","enotfound","","16","1","","ei",""
"https://www.vtkl.fi/","Vanhustyön keskusliitto (VTKL) ry","Yhdistykset ja yhteisöt","communityLinks.ts","https","ok","","200","94","1","https://vtkl.fi/","ei",""
"https://www.visitfinland.com/","Visit Finland","Valtakunnalliset palvelut","constants.tsx","https","ok","","200","707","1","https://www.visitfinland.com/sv/","ei",""
"https://www.vora.fi/ko-kulttuuri-ja-vapaa-aika/kirjasto/","www.vora.fi","Digiopastus","seniorSurfGuidancePlaces.ts","https","failed","http_status_error","404","244","1","https://www.vora.fi/ko-kulttuuri-ja-vapaa-aika/kirjasto/","ei",""
"https://www.wasateater.fi/","Wasa Teater","Valtakunnalliset palvelut","constants.tsx","https","ok","","200","431","1","https://www.wasateater.fi/","ei",""
"https://www.warkaudenlehti.fi/","www.warkaudenlehti.fi","Paikallislehdet","localNewspaperLinks.ts","https","ok","","206","223","1","https://www.warkaudenlehti.fi/","ei",""
"https://www.warkaudenlehti.fi/feed/rss","www.warkaudenlehti.fi","Paikallisuutiset","localNewspaperFeeds.ts","https","ok","","206","165","1","https://www.warkaudenlehti.fi/feed/rss","ei",""
"https://www.xn--mentalo-6wa.fi/","www.xn--mentalo-6wa.fi","Digiopastus","seniorSurfGuidancePlaces.ts","https","ok","","200","424","1","https://www.xn--mentalo-6wa.fi/","ei",""
"https://www.wellamo-opisto.fi/digineuvonta/","www.wellamo-opisto.fi","Digiopastus","seniorSurfGuidancePlaces.ts","https","ok","","200","630","1","https://www.wellamo-opisto.fi/digineuvonta/","ei",""
"https://www.ylakarjala.fi/","www.ylakarjala.fi","Paikallislehdet","localNewspaperLinks.ts","https","ok","","206","197","1","https://www.ylakarjala.fi/","ei",""
"https://www.virrat.fi/hyvinvoinnin-toimiala134460894/hyvinvoinnin-ja-terveyden-edistaminen/elintapaohjaus/ikaihmisten-palvelut/","www.virrat.fi","Senioripalvelut","localSeniorLinks.ts","https","ok","","200","162","1","https://www.virrat.fi/hyvinvoinnin-toimiala134460894/hyvinvoinnin-ja-terveyden-edistaminen/elintapaohjaus/ikaihmisten-palvelut/","ei",""
"https://www.ylakainuu.fi/","www.ylakainuu.fi","Paikallislehdet","localNewspaperLinks.ts","https","ok","","200","639","1","https://www.ylakainuu.fi/","ei",""
"https://www.virrat.fi/hyvinvoinnin-toimiala134460894/asiointiliikenne/","Virrat palveluliikenne","Liikenne","localServiceTransportLinks.ts","https","ok","","200","120","1","https://www.virrat.fi/hyvinvoinnin-toimiala134460894/asiointiliikenne/","ei",""
"https://www.ylivieska.fi/","www.ylivieska.fi","Kuntien verkkosivut","municipalityWebsites.ts","https","ok","","200","1336","1","https://www.ylivieska.fi/","ei",""
"https://www.virrat.fi/english","www.virrat.fi","Kuntien kieliversiot","municipalityWebsiteLocales.ts","https","ok","","200","141","1","https://www.virrat.fi/english/","ei",""
"https://www.vaasa.fi/koe-ja-nae/kulttuuria-vaasassa-ja-seudulla/vaasan-kaupunginteatteri/","Vaasan kaupunginteatteri","Valtakunnalliset palvelut","constants.tsx","https","ok","","200","3054","1","https://www.vaasa.fi/koe-ja-nae/kulttuuria-vaasassa-ja-seudulla/vaasan-kaupunginteatteri/","ei",""
"https://www.ylivieska.fi/en/front-page/","www.ylivieska.fi","Kuntien kieliversiot","municipalityWebsiteLocales.ts","https","ok","","200","1129","1","https://www.ylivieska.fi/en/front-page/","ei",""
"https://www.ylojarvi.fi/","www.ylojarvi.fi","Kuntien verkkosivut","municipalityWebsites.ts","https","ok","","200","1539","1","https://www.ylojarvi.fi/","ei",""
"https://www.ylivieska.fi/asuminen-ja-ymparisto/julkinen-liikenne/","Ylivieskan julkinen liikenne","Paikalliset palvelut","localServices.ts","https","ok","","200","1149","1","https://www.ylivieska.fi/asuminen-ja-ymparisto/julkinen-liikenne/","ei",""
"https://www.ylojarvi.fi/ohjattu-liikunta/","www.ylojarvi.fi","Liikunta","localExerciseLinks.ts","https","ok","","200","1640","1","https://www.ylojarvi.fi/ohjattu-liikunta/","ei",""
"https://www.ylivieska.fi/vapaa-ajan-palvelut/liikuntapalvelut/ohjattu-liikunta-ja-tyky-palvelut/","www.ylivieska.fi","Liikunta","localExerciseLinks.ts","https","ok","","200","1184","1","https://www.ylivieska.fi/vapaa-ajan-palvelut/liikuntapalvelut/ohjattu-liikunta-ja-tyky-palvelut/","ei",""
"https://www.youtube.com/","YouTube","Valtakunnalliset palvelut","constants.tsx","https","ok","","200","65","1","https://www.youtube.com/","ei",""
"https://www.werstas.fi/","Suomen työväenmuseo Werstas","Yhdistykset ja yhteisöt","communityLinks.ts","https","ok","","200","5587","1","https://www.tyovaenmuseo.fi/","kyllä",""
"https://www.zalando.fi/","Zalando","Valtakunnalliset palvelut","constants.tsx","https","ok","","200","239","1","https://www.zalando.fi/","ei",""
"https://www.zodiak.fi/","Zodiak – Uuden tanssin keskus","Valtakunnalliset palvelut","constants.tsx","https","ok","","200","288","1","https://www.zodiak.fi/fi","ei",""
"https://yhteishyva.fi/","Yhteishyvä Reseptit","Valtakunnalliset palvelut","constants.tsx","https","ok","","206","73","1","https://yhteishyva.fi/","ei",""
"https://yhdenvertaisuusvaltuutettu.fi/","Yhdenvertaisuusvaltuutettu","Valtakunnalliset palvelut","constants.tsx","https","ok","","200","304","1","https://yhdenvertaisuusvaltuutettu.fi/etusivu","ei",""
"https://www.ylojarvi.fi/ukraina/","www.ylojarvi.fi","Kuntien kieliversiot","municipalityWebsiteLocales.ts","https","ok","","200","1516","1","https://www.ylojarvi.fi/ukraina/","ei",""
"https://yle.fi/aihe/digitreenit","Yle Digitreenit","Valtakunnalliset palvelut","constants.tsx","https","ok","","206","662","1","https://yle.fi/oppiminen/digitreenit","ei",""
"https://www.ylivieska.fi/ikaihmiset/","www.ylivieska.fi","Senioripalvelut","localSeniorLinks.ts","https","ok","","200","1356","1","https://www.ylivieska.fi/ikaihmiset/","ei",""
"https://www.ylivieska.fi/feed/","www.ylivieska.fi","Kuntauutiset","municipalityNewsFeeds.ts","https","ok","","200","18","1","https://www.ylivieska.fi/feed/","ei",""
"https://yle.fi/rss/t/18-135507/fi","Yle Uutiset: Varsinais-Suomi","Paikalliset palvelut","localServices.ts","https","ok","","206","424","1","https://yle.fi/rss/t/18-198259/fi","ei",""
"https://yle.fi/rss/t/18-139752/fi","Yle Uutiset: Lappi","Paikalliset palvelut","localServices.ts","https","ok","","206","283","1","https://yle.fi/rss/t/18-148152/fi","ei",""
"https://yle.fi/rss/t/18-139772/fi","Yle Uutiset: Satakunta","Paikalliset palvelut","localServices.ts","https","ok","","206","79","1","https://yle.fi/rss/t/18-197394/fi","ei",""
"https://yle.fi/rss/t/18-141372/fi","Yle Uutiset: Etelä-Karjala","Paikalliset palvelut","localServices.ts","https","ok","","206","152","1","https://yle.fi/rss/t/18-180490/fi","ei",""
"https://yle.fi/rss/t/18-141399/fi","Yle Uutiset: Kainuu","Paikalliset palvelut","localServices.ts","https","ok","","206","281","1","https://yle.fi/rss/t/18-178011/fi","ei",""
"https://yle.fi/rss/t/18-141401/fi","Yle Uutiset: Päijät-Häme","Paikalliset palvelut","localServices.ts","https","ok","","206","128","1","https://yle.fi/rss/t/18-169788/fi","ei",""
"https://www.ylojarvi.fi/kirjasto/paakirjasto-leija/","www.ylojarvi.fi","Digiopastus","seniorSurfGuidancePlaces.ts","https","ok","","200","1668","1","https://www.ylojarvi.fi/vnx_office/paakirjasto-leija-5ee88908475a6c1feec4f684/","ei",""
"https://yle.fi/rss/t/18-141764/fi","Yle Uutiset: Pohjois-Savo","Paikalliset palvelut","localServices.ts","https","ok","","206","131","1","https://yle.fi/rss/t/18-181838/fi","ei",""
"https://yle.fi/rss/t/18-141936/fi","Yle Uutiset: Pohjois-Karjala","Paikalliset palvelut","localServices.ts","https","ok","","206","225","1","https://yle.fi/rss/t/18-189791/fi","ei",""
"https://www.yhteisokeskus.fi/digiapu/","www.yhteisokeskus.fi","Digiopastus","seniorSurfGuidancePlaces.ts","https","ok","","200","8686","1","https://www.yhteisokeskus.fi/digiapu/","ei",""
"https://yle.fi/rss/t/18-146311/fi","Yle Uutiset: Etelä-Pohjanmaa","Paikalliset palvelut","localServices.ts","https","ok","","206","319","1","https://yle.fi/rss/t/18-171883/fi","ei",""
"https://yle.fi/rss/t/18-147345/fi","Yle Uutiset: Uusimaa","Paikalliset palvelut","localServices.ts","https","ok","","206","162","1","https://yle.fi/rss/t/18-177980/fi","ei",""
"https://yle.fi/rss/t/18-148148/fi","Yle Uutiset: Keski-Suomi","Paikalliset palvelut","localServices.ts","https","ok","","206","150","1","https://yle.fi/rss/t/18-185882/fi","ei",""
"https://yle.fi/rss/t/18-148149/fi","Yle Uutiset: Pohjanmaa","Paikalliset palvelut","localServices.ts","https","ok","","206","183","1","https://yle.fi/rss/t/18-174627/fi","ei",""
"https://yle.fi/rss/t/18-148154/fi","Yle Uutiset: Pohjois-Pohjanmaa","Paikalliset palvelut","localServices.ts","https","ok","","206","143","1","https://yle.fi/rss/t/18-198232/fi","ei",""
"https://yle.fi/saa","Yle Sää","Valtakunnalliset palvelut","constants.tsx","https","ok","","206","74","1","https://yle.fi/saa","ei",""
"https://yle.fi/urheilu","Yle Urheilu","Valtakunnalliset palvelut","constants.tsx","https","ok","","206","103","1","https://yle.fi/urheilu","ei",""
"https://yle.fi/uutiset","Yle Uutiset","Valtakunnalliset palvelut","constants.tsx","https","ok","","206","128","1","https://yle.fi/uutiset","ei",""
"https://yle.fi/rss/t/18-138727/fi","Yle Uutiset: Kanta-Häme","Paikalliset palvelut","localServices.ts","https","ok","","206","189","1","https://yle.fi/rss/t/18-195288/fi","ei",""
"https://www.ylojarvi.fi/palveluliikenne/","Ylöjärvi palveluliikenne","Liikenne","localServiceTransportLinks.ts","https","ok","","200","1625","1","https://www.ylojarvi.fi/palveluliikenne/","ei",""
"https://yle.fi/rss/t/18-135629/fi","Yle Uutiset: Keski-Pohjanmaa","Paikalliset palvelut","localServices.ts","https","ok","","206","181","1","https://yle.fi/rss/t/18-188752/fi","ei",""
"https://yle.fi/aihe/rso","Radion sinfoniaorkesteri","Valtakunnalliset palvelut","constants.tsx","https","ok","","206","533","1","https://yle.fi/aihe/rso","ei",""
"https://ylojarvenuutiset.fi/","ylojarvenuutiset.fi","Paikallislehdet","localNewspaperLinks.ts","https","ok","","200","23","1","https://ylojarvenuutiset.fi/","ei",""
"https://yle.fi/rss/t/18-131408/fi","Yle Uutiset: Kymenlaakso","Paikalliset palvelut","localServices.ts","https","ok","","206","214","1","https://yle.fi/rss/t/18-198551/fi","ei",""
"https://ylojarvenuutiset.fi/feed/","ylojarvenuutiset.fi","Paikallisuutiset","localNewspaperFeeds.ts","https","ok","","200","295","1","https://ylojarvenuutiset.fi/feed/","ei",""
"https://ylitornio.fi/","ylitornio.fi","Kuntien verkkosivut","municipalityWebsites.ts","https","ok","","200","1184","1","https://ylitornio.fi/","ei",""
"https://yle.fi/rss/t/18-141852/fi","Yle Uutiset: Etelä-Savo","Paikalliset palvelut","localServices.ts","https","ok","","206","218","1","https://yle.fi/rss/t/18-191034/fi","ei",""
"https://yle.fi/rss/t/18-146831/fi","Yle Uutiset: Pirkanmaa","Paikalliset palvelut","localServices.ts","https","ok","","206","77","1","https://yle.fi/rss/t/18-173822/fi","ei",""
"https://www.ylojarvi.fi/ikaihmiset/","www.ylojarvi.fi","Senioripalvelut","localSeniorLinks.ts","https","ok","","200","1475","1","https://www.ylojarvi.fi/ikaihmiset/","ei",""
"https://ypaja.fi/","ypaja.fi","Kuntien verkkosivut","municipalityWebsites.ts","https","ok","","200","532","1","https://ypaja.fi/","ei",""
"https://ylitornio.fi/palvelut/tornionlaakson-kirjasto/","ylitornio.fi","Digiopastus","seniorSurfGuidancePlaces.ts","https","ok","","200","681","1","https://ylitornio.fi/vapaa-aika/tornionlaakson-kirjasto/","ei",""
"https://ypaja.fi/asuminen-ja-ymparisto/liikenne-ja-yksityistiet/liikennepalvelut/","Ypäjä asioimisliikenne","Liikenne","localServiceTransportLinks.ts","https","ok","","200","432","1","https://ypaja.fi/asuminen-ja-ymparisto/liikenne-ja-yksityistiet/liikennepalvelut/","ei",""
"https://ylitornio.fi/feed/","ylitornio.fi","Kuntauutiset","municipalityNewsFeeds.ts","https","ok","","200","219","1","https://ylitornio.fi/feed/","ei",""
"https://ypaja.fi/joukkoliikenteen-aikatauluja/","Ypäjän joukkoliikenteen aikataulut","Paikalliset palvelut","localServices.ts","https","ok","","200","466","1","https://ypaja.fi/joukkoliikenteen-aikatauluja/","ei",""
"https://ypaja.fi/feed/","ypaja.fi","Kuntauutiset","municipalityNewsFeeds.ts","https","ok","","200","246","1","https://ypaja.fi/feed/","ei",""
"https://www.ylojarvi.fi/in-english/","www.ylojarvi.fi","Kuntien kieliversiot","municipalityWebsiteLocales.ts","https","ok","","200","1423","1","https://www.ylojarvi.fi/in-english/","ei",""
"https://ylitornio.fi/asuminen-ja-ymparisto/asiointiliikenne/","Ylitornio palveluliikenne","Liikenne","localServiceTransportLinks.ts","https","ok","","200","2229","1","https://ylitornio.fi/asuminen-ja-ymparisto/asiointiliikenne/","ei",""
